welcome all don\'t forget to change name to able to receive promot tier 2 no name will remain bottom tier 1	5
9h sÃ²ng báº¡c nhÃ© a	5
Äá»ƒ hÃº ae zalo vÃ o	5
choose us no problem\r\n	5
tÄƒng nhanh báº±ng vÃ ng Ã  Ã´ng	5
u can u to up  john	5
Alpha cho xin sÄ‘t nÃ o	5
Event náº¯m tay cÃ¹ng tiáº¿n ak	5
Make ur name unique and come join us	5
T out Ä‘i Äƒn cÆ¡m Ä‘Ã¢y, chiá»u tá»‘i nay cÃ³ Ä‘Ã¡nh sÃ²ng bÃ i thÃ¬ nháº¯n láº¡i nhÃ©	5
Tui ko chÆ¡i zalo	5
everybody , move your city here	5
KRYPTONIAN MILITARY GUILD IS LOOKING FOR MEMBERS, COME JOIN A TALKATIVE AND EXPERIENCED LEADER	5
Affiliate funds will quickly accumulate when we do a lot of rally events	5
buka VIP	5
join DIE, new active alliance growing quick... looking for active players to join	5
Pretty lively today, anyone want to join BSM?	5
Look at the game coming soon Call of Dragons	5
There is a quiz in discord, you can get Amazon gift card	5
atau rokok dji sam soe kretek reffil bro haha	5
inv mancing kakğŸ˜—ğŸ˜—ğŸ˜—ğŸ˜—	5
This beauty pack does add a lot of combat power	5
https://discord.gg/89RxHqnj	5
you need a better trim for more products	5
let\'s join with us in our discord community guys ğŸ˜‘	5
Click on the VIP and you can see that there are VIP gift packs on sale	5
t tháº¥y nÃ³ sang t cÃ²n kÃ©o quÃ¢n gá»­i bÃªn hey vá» mÃ 	5
GIFT CODE : 2ZVRD0K8	5
ANH EM Äá»” QUÃ‚N Tá»C Äá»˜ Tá»I NAY Ä‚N 2 SÃ’NG Báº C TIáº¾P NHÃ‰. Cáº¦N Sá» LÆ¯á»¢NG	5
ayu._x__ Instagram id follow me	5
STM i coming to join yoi all salute	5
Do you want to do something fun with TNM?ğŸ™‘	5
CÃ²n hÃ ng nÃ o khÃ¡c thÃ¬ Ä‘Æ°a ra Ä‘i	5
And its linited edition, after event never again can you get itâ€¦	5
GIFT CODE : 2ZVRD0K8	5
vui lÃ²ng liÃªn há»‡ MikiB	5
Äiá»u hÃ nh vá»›i quáº£ng cÃ¡o sáº£n pháº©m	5
DÃ´ casino chÆ¡i Ä‘i kÃ¬a trÃ¹m	5
Gom lÃªn vip5 thÃ´i	5
San family join guys??	5
https://zalo.me/g/vdyhxu344	5
like my announcement	5
bagi lah gaes, kode reddem untuk hari ini	5
miller lite. more taste less calories.	5
dlc islooking for active players who wish to grow.and to be part of our family	5
Sini mjr	5
just let me know through the message on here or private chat so have a great morning everyone PEACE out	5
8h vÃ o táº­p há»£p Äƒn rss nhÃ©. CÃ³ tháº±ng nÃ y giÃ u láº¯m	5
If You Need a More Active Alliance. Join GST. More activities and More Fun. Just Be Active. All Power Levels Are Welcome. Join GST Now.	5
their facebook or discord (game dev)	5
I will try to increase the number of members of our religious group.	5
Join it,my brosğŸ˜‘	5
If someone is looking for an active affiliate, STM is a very good choice	5
Would you like to convince some of your members to join us, or you are more than welcome to join us yourself ~	5
Dont miss the casino run :)	5
And next time ill message your private not to have issues	5
ğŸ˜…tuyá»ƒn dá»¥ng , gia nháº­p bÆ¡m tÃ i nguyÃªn	5
20 percent	5
anda bisa cepat berkembang di sini	5
-1 member aktive, join aliance INDONESIA minimum power join 100k!	5
more donations more funds more safe house more rss for everyone	5
Come join THC STONERZ alliance	5
15p ná»¯a tÃ u cháº¡y anh em Æ¡i, vÃ´ láº¹ vÃ´ láº¹	5
link please join karne ko send karo bhai	5
join here	5
liÃªn minh top 1 Ä‘ang tÃ¬m thÃ nh viÃªn má»›i lá»±c chiáº¿n >50000	5
looking for active players join us in 420 Kush420mafia name is required send us application or pm me and I will fill ya inğŸ˜±	5
2 hÃ´m ná»¯a t má»Ÿ xÆ°á»Ÿng á»Ÿ khu 2 phÃ­a nam cho ae sang Ä‘Ã³ á»Ÿ vá»›i phÃ¡	5
If You Need a More Active Alliance. Join GST. More activities and More Fun. Just Be Active. All Power Levels Are Welcome. Join GST Now.	5
sino filipino dito join na kayo saakin we the ones tayo	5
Ned member indo aktive, join aliance IDN atau hubungi secara pribadi!	5
Not a poet , support from self to self	5
If You Need a More Active Alliance. Join GST. More activities and More Fun. Just Be Active. All Power Levels Are Welcome. Join GST Now.	5
casino	5
And I think there are some gift packages that are very cost-effective and can speed up the process	5
Yg indo sini join guild	5
ThÃ´i off cháº¡y Ä‘i má»Ÿ khoÃ¡ cÃ¡i Ä‘t, má»›i lÆ°á»£m Ä‘c cÃ¡i mÃ¡y vivo ram 8gb	5
sÃ²ng báº¡c 1tr lÃ­nh cÃ²n Äƒn thua gÃ¬	5
try to inform people to come to new location	5
Táº§m 1m ng vÃ o lÃ  ngon	5
join server 5 and message me there, same name	5
Tha há»“ up nhanh keke	5
-1 member aktive, join aliance INDONESIA minimum power join 100k!	5
Ada kode reedem tpi gk tau berhasil apa ngk kodenya \"WU9DorD3e\"	5
Cá»‘ gáº®ng tuyá»ƒn thÃªm ng máº¡nh	5
Change your name and I will promote your alliance rank directly with a full person cutoff.	5
are there any gift codes	5
bagi cuan nya om lucky, ğŸ˜¥	5
If You Need a More Active Alliance. Join GST. More activities and More Fun. Just Be Active. All Power Levels Are Welcome. Join GST Now.	5
ic its.got a discount buy it bro.... sure whatever you buy will be needed	5
banyak indo. bikin grup wA yok	5
Currently, there are 20 positions in GST. Players with more than 60000 combat effectiveness can apply to join usğŸ˜¤	5
all level welcome join us	5
because nobody wants to wait to play its a waste of time so if you want to succeed and do well and have everything you pay for it or you slog or just	5
rise of kingdom bang,sangat seru dan epic, karakter nya pendek gak ada leher	5
Tuyá»ƒn thÃ nh viÃªn VN vÃ o cÃ²n 5 slot	5
Lords thÃ¬ pháº£i sáº¯m set Ä‘á»“ cho tÆ°á»›ng má»›i máº¡nh, cháº¡y rally Ä‘Ã¡nh npc má»‡t nghá»‰	5
ÄÃ¹ hnay kick náº¡p giao lÆ°u nhau trÃªn kÃªnh chat tg :))	5
Welcome to join vip15	5
aweet dreams wacth my vids lol	5
Mua vÃ© mÃ¡y bay chÆ°a	5
If you don\'t know, search WikipediağŸ˜™	5
Zroid biar kamu mendapatkan uang dengan mudahğŸ˜¥	5
theres gift pack exch	5
Ned member aktive join aliance IDN!	5
Discord page	5
When you resort to other servers, your city will be super	5
They want you to play the game Clash of EmpireğŸ˜¥	5
Try Using Free Relocation. because Relocation is very easy to use. especially for alliance Territories	5
im self employed so im on always, if people wanna join KMG might be a good idea, im getting discord set up	5
Recharge 99.99 resources to customize the gift package, and you will get a lot of rss	5
gila cannot auto raid ..must buy pack ..god damn	5
Told you to join SANâ€¦weâ€™re a great bunch of folks. OMurice is just mad heâ€™s not the only â€œTop Boyâ€ as he thinks.	5
lÃªn zalo rÅ©	5
JOIN STM	5
Join fast 2 only 2 needed	5
https://discord.gg/qtu8XNwfdD for discord	5
If You Need a More Active Alliance. Join GST. More activities and More Fun. Just Be Active. All Power Levels Are Welcome. Join GST Now.	5
Off Ä‘i Ä‘Ã³ng phim tiáº¿p háº£ vincenzo	5
If you want improve yours power, should join STM or GST	5
looking for an alliance  to join, we are actively recruiting	5
Promote me	5
join now	5
Vip shop	5
https://discord.gg/ZxVM7bKAQ2	5
need to change your name and get 100k power	5
Both of you should join GST	5
nyindir ini mah wkwkwk, next kasih info klo mw rally kasino mas	5
(TWP) THE WOLF PACK. Are recruting new blood. only requirement for now is choose ur own name & join were on open doors rite now. thank you & good game	5
Join GNEğŸ˜‘	5
Room for 80K more lol	5
also i created a new account on serve 5 bridgeport and i will be starting a new alliance there, same name Invictus	5
vÆ°á»£t trá»™i má»i máº·t	5
https://discord.gg/VdGATdgQ	5
liÃªn há»‡ yqq Ä‘i	5
tuyá»ƒn dá»¥ng phá»¥ ná»¯ cÃ³ thÃ¢m niÃªn online khá»e,  Ä‘Ã n Ã´ng cÅ©ng váº­y cho chá»©c vá»¥ caoğŸ˜™ğŸ˜¥	5
selling popcorn and carbonated drinks	5
then link for welcome channel for all in the state to join	5
Mungkin kita dapat berbelanja semuanya dengan gratis bro	5
VIP shope resets today. Get what you want out of yours before reset	5
Buying a gift bag early would be a lot cheaper	5
its okay raver, maybe one day u would love to join STM	5
áº¥n vÃ o chá»— Ä‘á» nhÃ¡y nhÃ¡y Ã½	5
any available gift codes???	5
Náº¿u báº¡n cáº§n má»™t liÃªn minh tÃ­ch cá»±c hÆ¡n.  Tham gia GST.  Nhiá»u hoáº¡t Ä‘á»™ng hÆ¡n vÃ  nhiá»u niá»m vui hÆ¡n.  Chá»‰ cáº§n hoáº¡t Ä‘á»™ng.  Táº¥t cáº£ cÃ¡c cáº¥p Ä‘á»™ sá»©c máº¡nh Ä‘á»u	5
by the alliance gem site in markers	5
We have a discord group now. Please join, need active players involved	5
gift code me	5
gift code, click your pic, settings, and gift pack. enter code. you can copy and paste it in	5
tuyá»ƒn chá»n cÃ¡c cÃ´ em xinh Ä‘áº¹p Online khá»e	5
I have repositioned the firm so that everyone can quickly get money here	5
looking for active players join us in 420 Kush420mafia name is required send us application or pm me and I will fill ya inğŸ˜±	5
follow my trÃ³p	5
If You Need a More Active Alliance. Join GST. More activities and More Fun. Just Be Active. All Power Levels Are Welcome. Join GST Now.	5
Someone wants to run the league together and talk to me privately	5
There is a quiz in discord, you can get Amazon gift card	5
STM RECRUITING JOIN HERE	5
Ae VN cÃ²n ngoÃ i kia vá» Ä‘Ã¢y ae mÃ¬nh cÃ¹ng lÃ m thá»±c dÃ¢n nÃ o ğŸ˜‰ğŸ˜‰	5
Get other stuff for free	5
Royal casinoâ€™s open in 10 mins	5
If You Need a More Active Alliance. Join GST. More activities and More Fun. Just Be Active. All Power Levels Are Welcome. Join GST Now.	5
Kb zalo mik add nhÃ³m trung láº­p VNA vÃ  VIE nhÃ©	5
dá»i vÃ´ phá»§ cá» sÃ²ng báº¡c lv3	5
subscription for 20 years	5
Funny Patreon in wcğŸ˜¥	5
Gift code below.	5
if u have any question,just chat me privateğŸ˜‘	5
Get GNE ppl in	5
so everyone online go check your mail cuz I just sent two people something	5
people if you\'re alliance dead come join KRYPTONIAN MILITARY GUILD	5
They are offering 9.99$ pack gift every month for it!! But I guess they will assign a lot of work to do	5
gá»­i link qua zalo xem Ä‘i	5
two hundred real money if there is any sustenance today I don\'t have any money at all just send money to ovo 087715358496 my number	5
-2 member aktive join aliance IDN!	5
VÃ© liÃªn minh	5
Má»Ÿ hÃ²m quÃ  liÃªn minh cÅ©ng cÃ³	5
Jill Welsh needs money to upgrade	5
plz join discord.. got china dolls there and many hot girls as well	5
english players of all level and power come join kryptonian Military GuildServer 4, KRYPTONIAN MILITARY GUILD WANTS YOU!!!! MESSAGE GENERAL ZODKrypton	5
pm me if interestedğŸ˜±	5
share it with the world to chat	5
Onl 24/7	5
Ned member aktive! join aliance INDONESIA! -3 minimun re join 50-100k	5
seri wae, hadiah na sing loba atuh zzz meni saetik	5
Do the christmas event mission or pay ğŸ˜—	5
Kryptonian Military Guild, we are alien but we are unique come joinServer 4, KRYPTONIAN MILITARY GUILD WANTS YOU!!!! MESSAGE GENERAL ZOD	5
looking for active players join us in 420 Kush420mafia name is required send us application or pm me and I will fill ya inğŸ˜±	5
Cant raid with out the monthly subscription	5
Jika Anda Membutuhkan Aliansi yang Lebih Aktif.  Bergabunglah dengan DAPATKAN.  Lebih banyak aktivitas dan Lebih Menyenangkan.  Aktif saja.  Semua Tin	5
Please donate guys to help us grow! :)	5
VNS are looiking for new staff	5
Guild indo sini merapat	5
SÃ²ng Ä‘áº¿ quá»‘c	5
Ok nnti di regist bro	5
looking for active players join us in 420 Kush420mafia name is required send us application or pm me and I will fill ya inğŸ˜±	5
stm most active place u can be	5
english players of all level and power come join kryptonian Military GuildServer 4, KRYPTONIAN MILITARY GUILD WANTS YOU!!!! MESSAGE GENERAL ZODKrypton	5
Thik Ä‘áº§u tÆ° 7k vÃ ng up lÃªn 740k ngay Ä‘c	5
lebih banyak biar cepatğŸ˜¥	5
https://discord.gg/9EeXmX7B	5
Join STM	5
vip store. duh	5
Then buy some gift packs	5
plus more bonus	5
Äáº£m báº£o kiáº¿m 2k vÃ ng trá»Ÿ lÃªn	5
If you create account of server four join TNM when strong	5
ae add zalo nhau Ä‘i	5
Tele ra gáº§n cÃ¡c sÃ²ng bÃ i mÃ  á»Ÿ, chá»— Ä‘Ã³ giÃ u	5
alliance diamond factory It\'s up. please wake up again!	5
ga ada gift code kah?	5
bay qua á»Ÿ chung vá»›i police xÃ¢y nhÃ  bÃªn Ä‘Ã³ kÃ¬a, a Äƒn xong sÃ²ng báº¡c thÃ¬ cÅ©ng dá»n qua Ä‘Ã³	5
Daily packs ?	5
toko vip juga ada	5
charge a ton of money	5
Its gonna be an at& t moment.  Reach out in touch someone	5
looking for active players join us in 420 Kush420mafia name is required send us application or pm me and I will fill ya inğŸ˜±	5
thats our way to the casino	5
kn capo itu yng d promosi skrng	5
The deluxe perkers will help you lvl faster	5
https://discord.gg/VdGATdgQ	5
YANG LAGI CARI ALIANSI BOLEH JOIN SINI	5
Beleive me its worth your time	5
it thoi gian up usd vao mua time	5
help for casino guys	5
CÃ³ code gÃ¬ k ae	5
gift code : HappyNewYear	5
pháº§n dÆ°á»›i cÃ³ chá»©c vá»¥ má»›i mua Ä‘c cho ngÆ°á»i trong lm sá»­ dá»¥ng	5
need recruiting active members	5
chat pribadi juga bro, cepat chat semua broo	5
Join VNS	5
If you want to know come to Facebook to know	5
Gá»­i link zalo rá»“i vÃ o nhÃ©	5
If You Need a More Active Alliance. Join GST. More activities and More Fun. Just Be Active. All Power Levels Are Welcome. Join GST Now.	5
Lá»¡ máº¥t kÃ¨o thÆ¡m ğŸ˜„ğŸ˜„	5
https://discord.gg/qnv2SKKa	5
yes, but if you want faster, you must buy with gold..	5
its a gold for dating. bros look up for it	5
Sounds like you\'re about to get rich.	5
\"Em/Anh/Chá»‹ cÃ²n tin zalo khÃ´ng nháº¯n giÃºp Em/Anh/Chá»‹ cÃ¡i nÃ y vá»›i?\"	5
unless you going to spend money i try to capitalize on growing where it gets me rewards in the process	5
aku player COC ya instal aja	5
with your beer?  ğŸ™‘	5
adu vip	5
bisnis hebat	5
Tuyá»ƒn ng vÃ o liÃªn minh vn	5
gabung di discord khusus sea Beatle mas	5
Kryptonian Military Guild, we are alien but we are unique come join	5
ada yg mau masuk aliansi sya	5
silahkan yang mau bergabung disquad ini ringan tangan saling membantu	5
easy...money talkğŸ˜¥	5
Uhm báº¡n cÃ²n nhiá»u viá»‡c pháº£i lÃ m lÃªn . Tiá»n cÃ²n pháº£i chi nhiá»u cÃ¡i ná»¯a	5
everybody jump on board now for big kick hurry thankyou	5
Ai cÃ³ nhu cáº§u vá» liÃªn minh mÃ¬nh ib nhÃ©	5
anyone  wanna join us MFT misfits great bunch and looking to become strong	5
Dá»¡ nhÃ  sao vÃ ng ae Æ¡i	5
Buat KE aja	5
or you can buy giftpack vip ella shaw.. there\'s have reward clock and crosses too..	5
follow fb and discord rise of mafia then screenshot prove and pm admin on discord	5
XÃ¢y nhÃ  gá»­i vÃ o 1000 lÃ­nh láº¥y xu, xÃ¢y tá»›i mÃ¹a quÃ½t	5
any gift code available on this game	5
Bestselling pack	5
NhÃ  chÃ­nh nÃ¢ng vÃ­p thÃ´i	5
klik gambar orang ad gk	5
can you send me your f b account details	5
try apply 1st	5
If You Need a More Active Alliance. Join GST. More activities and More Fun. Just Be Active. All Power Levels Are Welcome. Join GST Now.	5
https://www.instagram.com/reel/CleSUO9DnxW/?igshid=MzVlODdmYjc=https://www.instagram.com/reel/CleSUO9DnxW/?igshid=MzVlODdmYjc=https://www.instagram.co	5
yeah u can promote him till you get you gold hitmans	5
Gift code: WJC5OLAW\n\nIt will expire after December 22th (UTC). Go to the game to redeem the gift! How to use: Avatar-Settings - Gift Pack Exchange	5
level up faster :X	5
ae cho gia nháº­p vá»›i	5
tinggal tunggu pemimpin kami,kamu akan jadikan R5	5
Black ops is looking for people to join us	5
some of them are mechanics or body work specialist and will repair your car for less than the cost of official garage	5
STM RECRUITING JOIN US.	5
te apal, dimimiti maen ngeus sabulan te apal gif kode hadiah aslina	5
Mai lÃ  máº¥y cÃ¡i sÃ²ng báº¡c má»Ÿ ra	5
english players of all level and power come join kryptonian Military Guild	5
dlc is looking for actives everyone has cookies we got a open bar fully stocked.but most important come be family and be treated as family	5
everyone needs it, after tired of working out there ğŸ˜™ğŸ˜™	5
join the best alliance	5
upgrade your church ğŸ˜	5
dont spend money to this game	5
go shoot my guns	5
revenge for mr fantastic	5
STM RECRUITING JOIN US BETTER	5
My top worker here Cleo will satisfy all of your desire	5
Ini akun buat support sumber dayağŸ˜—	5
ada yang mau menjadi manager L5 katakan kepadaku	5
subscription + vip boxes	5
the one below has a gem site better to go down	5
Discord page if anyones interested	5
need a sugar momma with unlkimited credit	5
If You Need a More Active Alliance. Join GST. More activities and More Fun. Just Be Active. All Power Levels Are Welcome. Join GST Now.	5
vÃ o team fia Ä‘i Ä‘áº¡i ka phi	5
Im promoting fast	5
If Youu Need a More Active Alliance. Join GST. More activities and More Fun. Just Be Active. All Power Levels Are Welcome. Join GST Now.	5
All my biker is join to you	5
ğŸ˜² VIP 9 makes me look so good. ğŸ˜™ğŸ˜™	5
Kita juga ada program afiliasi untuk komisi 10% kalau ada yg promosikan produk kami	5
LÃ  xÃ i cÃ¡i tn cá»§a lm up Ä‘á»“ lÃªn shop cho ae mua	5
Ad Æ¡i	5
promotion plz	5
Does anyone want to join us in GST? You can chat with me privately or email me	5
free gift code on Facebook page just now	5
Purchase all gift packages	5
chÃº bay vá» sá»›m quÃ¡, á»Ÿ láº¡i Ä‘Ã¢y chá»‹u khÃ³ lÃ  giÃ u rÃ¹i	5
cari aja ada kok disana	5
If You Need a More Active Alliance. Join GST. More activities and More Fun. Just Be Active. All Power Levels Are Welcome. Join GST Now.	5
BÃªn No1 chÃ¡n khÃ´ng Äƒn cáº§u Ã h	5
And of course, more free resources	5
Vip 10 Mr legal ğŸ‘ğŸ‘	5
se quiserem entra na minha alianÃ§a chama pv	5
looking for active players join us in 420 Kush420mafia name is required send us application or pm me and I will fill ya inğŸ˜±	5
guys add me y gift me presents please friends is important for me!      Thanks!	5
Member lain harus join popy or ghost jgn buka baru	5
rally on a casino	5
follow fb and discord rise of mafia, then screenshot, then show to admin	5
but you can still privately message Fantastic about the situation	5
bergabunglah dengan aliansi besar, haha	5
guys! Join TDO! They have the strongest guy ever!	5
https://discord.gg/95Bc6X4T	5
Win massive rewards	5
KRYPTONIAN MILITARY GUILD IS LOOKING FOR MEMBERS, COME JOIN A TALKATIVE AND EXPERIENCED LEADER	5
cancel @F1L4one, follow @peteria	5
and ultra low price it can be yours	5
Ada Aliansi Indo	5
If You Need a More Active Alliance. Join GST. More activities and More Fun. Just Be Active. All Power Levels Are Welcome. Join GST Now.	5
https://discord.gg/VdGATdgQ	5
a good tip. to get lots of extra diamonds or beverages...... I use it for godfather event to cash in	5
I guess you will have to spend cashğŸ˜¥ğŸ˜¥ğŸ˜¥	5
KLEE ingin memiliki capo harley	5
If You Need a More Active Alliance. Join GST. More activities and More Fun. Just Be Active. All Power Levels Are Welcome. Join GST Now.	5
https://zalo.me/g/nlxczj729	5
If you want a Speakers Award share your location.	5
wellcome. who\'s have a name will be promote	5
dagang togel...bossss	5
anyone have gift code?	5
bro tempat relly nya tingkatin biar banyak yg join	5
and we are also recruiting, so forget the rest and join the best :)	5
If You Need a More Active Alliance. Join GST. More activities and More Fun. Just Be Active. All Power Levels Are Welcome. Join GST Now.	5
Mn add zalo Ä‘i tiá»‡n nÃ³i chuyá»‡n	5
STM RECRUITING	5
https://discord.gg/qtu8XNwfdD for discord join for coordinating and laughs	5
Why can? while you can get 100 gold every day	5
looking for active players join us in 420 Kush420mafia name is required send us application or pm me and I will fill ya inğŸ˜±	5
Vamos lÃ¡ amigos rall nv 2	5
I got the latest and official Redeem code	5
If You Need a More Active Alliance. Join GST. More activities and More Fun. Just Be Active. All Power Levels Are Welcome. Join GST Now.	5
kiáº¿m 5k vÃ ng	5
Gift code	5
looking for active players join us in 420 Kush420mafia name is required send us application or pm me and I will fill ya inğŸ˜±	5
Anyone wanting to become part of the Lanza family message me	5
Báº¥m vÃ o áº£ng ná»n cá»§a tÃ´i áº¥n qua trang phá»¥ch chiáº¿n Ä‘áº¥u vÃ¬ tÃ´i Ä‘Ã£ nÃ¢ng cáº¥p toÃ n bá»™ lÃªn xanh	5
ya,jika perlu sesuatu di toko harap hubungi pemimpin	5
3.99 dollor for first subscription from next 4.99 dollors	5
looking for active players required base 7 join us in 420 Kush420mafia name is required send us application or pm me and I will fill ya inğŸ˜±ğŸ˜ˆ	5
Need to try a casino	5
A 4.99 gift package contains leader pieces, gold bars, gasoline, resources and VIP value. Isn\'t it a super preferential gift package?ğŸ˜ 	5
https://www.facebook.com/keith.dahl.77?mibextid=ZbWKwL	5
https://zalo.me/g/ygntoa299	5
on my way bro but need more players realy so come join us guys hurry please	5
https://discord.gg/gDsAnJ5B	5
After installing construction equipment!	5
havent had any come try us as yet.	5
everytime u recruit a legendary hero or fuse 1 u unlocked a deal cost 5 dollars	5
Massage most wanted	5
Äá»ƒt  má»Ÿ rall cho	5
If You Need a More Active Alliance. Join GST. More activities and More Fun. Just Be Active. All Power Levels Are Welcome. Join GST Now.	5
There is a new pole in the game\'s dischord! You can possibly get 200 gold! WOW!	5
Báº­t sang khÃ¡c	5
Futurekk is correct. Come on over to our family. TheMafiaDon22 treats us well and we have cookies over here lol.	5
premium harley rallies, jump in if you are online for good rewards	5
ifs free just needs an email address	5
Have you joined STM\'s discord community?	5
Give me your site	5
å¤§å“¥å¤§,  join the rally, please. I see you are online	5
https://discord.gg/qtu8XNwfdD	5
Klw dsni player indo nya udh pada aktif komen, nnti kita bikin grup wa, biar gampang saling ngabarin klw ada war	5
Cheap mocha. Unless you want marshmellows	5
fast charge	5
two for one viagra shots with prune juice	5
Tiáº¿t kiá»‡m tÄƒng tá»‘c mai luyá»‡n	5
Xem bÃªn nÃ³ onl ko rÃ¹i hÃ£y rl ko nÃ³ cháº¡y	5
looking for active players join us in 420 Kush420mafia all welcome	5
Hiá»u vÃ ng nÃªn cá»© mua tn shop thÃ´i :))	5
Gift Code: HappyNewYear	5
promot tir ii	5
CÆ¡ mÃ  chá»‹u khoa báº¥m cá»© chá»¯a 1h 1	5
tháº¿ thÃ´i cÃ³ 280k , nhanh tay thÃ¬ cÃ²n cháº­m tay Ä‘á»©ng ngÃ­a ngay :V	5
Náº¿u báº¡n cáº§n má»™t liÃªn minh tÃ­ch cá»±c hÆ¡n.  Tham gia GST.  Nhiá»u hoáº¡t Ä‘á»™ng hÆ¡n vÃ  nhiá»u niá»m vui hÆ¡n.  Chá»‰ cáº§n hoáº¡t Ä‘á»™ng.  Táº¥t cáº£ cÃ¡c cáº¥p Ä‘á»™ sá»©c máº¡nh Ä‘á»u	5
click banner mate	5
join discord	5
join thx	5
Do you want this casino?	5
pasali clan paps	5
It seriously is only 3.99 so if you want it get it if not find your way without it	5
BOMB tranding dunia	5
give me your siteï¼Œwarlord	5
COD aplikasi ijo bro sing regae 300 bro masa pean ora ngrti bro, sing rasae enak bro guri\" nyoy ğŸ˜™	5
Mua cÃ³ dÃ¹ng Ä‘c Ä‘Ã¢u	5
aman bro, bisa sambil memantau, agar bisa mendapatkan point gratis hehe	5
suzi favorite	5
If You Need a More Active Alliance. Join GST. More activities and More Fun. Just Be Active. All Power Levels Are Welcome. Join GST Now.	5
looking for active players join us in 420 Kush420mafia name is required send us application or pm me and I will fill ya inğŸ˜±	5
its all good man, https://discord.gg/qtu8XNwfdD for discord	5
dlc is looking for active players to join our family.	5
pm aja developernya di discord	5
looking for active players join us in 420 Kush420mafia name is required send us application or pm me and I will fill ya inğŸ˜±	5
Náº¿u báº¡n cáº§n má»™t liÃªn minh tÃ­ch cá»±c hÆ¡n.  Tham gia GST.  Nhiá»u hoáº¡t Ä‘á»™ng hÆ¡n vÃ  nhiá»u niá»m vui hÆ¡n.  Chá»‰ cáº§n hoáº¡t Ä‘á»™ng.  Táº¥t cáº£ cÃ¡c cáº¥p Ä‘á»™ sá»©c máº¡nh Ä‘á»u	5
Gia nhap lien minh	5
looking for active players join us in 420 Kush420mafia name is required send us application or pm me and I will fill ya inğŸ˜±	5
Sons of Anarchy is recruiting active players 100k power and higher. come be part of our family and grow stronger together with us	5
This budâ€™s for you!	5
like already made an appointment with them from another server ğŸ˜™	5
Join our alliance, and let our allies help you to reach a higher levelğŸ˜˜	5
Don\'t drink water! Drink Swater! Super Water!	5
give me your site	5
CÃ²n Ä‘Ã¢u váº«n lÃ  dÃ¢n thÆ°á»ng	5
Give some me some present to build the game better???	5
Hey everyone. Make sure to take advantage of our gem plant for the next activity of the Godfather event. Levying gems give the most points	5
STM discord group chat and discuss the development plan of STM together!	5
Vip7 mua Ä‘c 8 tiáº¿ng 240 vÃ ng	5
VÃ o full Ä‘i	5
Add zalo vÃ o nhÃ³m má»›i tin :))	5
Goodpeople bro, any sweet deals?	5
GIFT CODE: VFAZA8AHJ4DUG ends on the 4th sept	5
à¹€à¸«à¹‡à¸™à¸ˆà¸²à¸à¹‚à¸†à¸©à¸“à¸²à¹€à¸¥à¸¢à¸¥à¸­à¸‡à¹‚à¸«à¸¥à¸”à¸¡à¸²	5
kasih semua yang on membar BSM yang paling bawah Buf ya kasih KE BSM	5
plus you get extra gold card pulls for free every day	5
There is also a very strong Capo,Ella Shaw you only need to recharge $0.99 to get her, I think it\'s very cheap	5
looking for active players join us in 420 Kush420mafia name is required send us application or pm me and I will fill ya inğŸ˜±	5
SÃ²ng Ä‘áº¿ quá»‘c chiáº¿m lÃ  Ä‘Æ°á»£c 1k vÃ ng	5
promosi dengan gaya :v	5
of course it is, it is to encourage you to put your gold in there, be without any, then be tempted to buy some lol	5
follow my Instagram bro	5
aku vip 3 dalam 12 jam	5
Requires the least amount of money	5
DHPIW35M code from yesterday	5
https://discord.gg/uZej5y2g	5
Kualitas dan harga kami sangat bagus untuk market Indonesia..	5
in case everyone missed it, again asking for friendly challenges on rss sites.	5
IFUN.COM	5
NED MEMBER INDONESIA AKTIVE SILAHKAN JOIN ALIANCE SAYA	5
not yet but if you send your id number to admin private message in discord you will receive gift code	5
archix YouTube.com	5
no problem info cost 5Â£ only thanks for service se you soon	5
Náº¿u báº¡n cáº§n má»™t liÃªn minh tÃ­ch cá»±c hÆ¡n.  Tham gia GST.  Nhiá»u hoáº¡t Ä‘á»™ng hÆ¡n vÃ  nhiá»u niá»m vui hÆ¡n.  Chá»‰ cáº§n hoáº¡t Ä‘á»™ng.  Táº¥t cáº£ cÃ¡c cáº¥p Ä‘á»™ sá»©c máº¡nh Ä‘á»u	5
https://discord.gg/vkXHr36Bmc	5
Uh technologu donation	5
STM RECRUITING	5
The right thing is our GST alliance chatğŸ™ƒ	5
shopping the easy one just drop your credit card and instant Super	5
cinta2n nya chat pribadi aja	5
Gift code below:	5
NEW GIFT CODE	5
Hello fellow SaM members SAN is recruiting and will take some members if your interested join there otherwise this alliance will be demolished	5
I dont drink much but ok i could pervide BSM with overwatch if need be	5
Gift code from Discord: MerryChristmas	5
Hey Laney, if you relocate closer to us, it helps participation and it\'s much easier for us to protect you. ğŸ˜¢	5
8617758407; call me please	5
NÃ¢ng nhÃ  lÃªn 16 kiáº¿m em cuá»‘i Ä‘i :))	5
There are still many people who have not joined STM\'s discord account	5
if you are looking for a new alliance join DIE, plenty of space to bring your friends, we are very active currently sat 4th in alliance event	5
ğŸ¯Gift code: CBXIE4FV\n	5
Yeah someone in world chat asked for codes for free stuff	5
https://discord.gg/tYdsUMwd	5
game nÃ y cÃ³ gilfcode ko mn	5
like this for leviing	5
Have you ever consider Joining TNM?	5
https://discord.gg/F9HRhCM2	5
GST\'s resources can help you grow rapidlyğŸ˜€	5
yall need to join discord for these talks	5
you get a full month, great value	5
For promote me	5
saya akan menjadi 680 kapasitas mungkin besok ğŸ˜¥	5
If you upgrade level 15 villa today I can add you to Islands War participant list ğŸ˜™	5
Top godfather event + rise to power	5
Äá»“ sÆ¡n quÃªn láº¡i sáº§m sÆ¡n	5
åŠ å…¥24k	5
Join Academy of Angels. Great Kpop group!	5
gift pack 4.99 to be 6.99 with tax	5
zalo Ã½	5
splipss kondom solusinya	5
Join STM! We are a strong and united alliance ğŸ˜‘	5
Attend all events and purchase gift packagesğŸ˜™	5
Omg Mach join GNE you wont regret it	5
Giá» láº¥y Ä‘Ã¢u ng dá»¡ nhanh nhá»‰	5
would be nice if we could get more to join.... we doing good for only a few of us.... but would be much better with more	5
Cháº¯c láº¥y Ä‘t vá»£ chÆ¡i	5
T náº±m phÆ¡i cho nÃ³ Ä‘Ã¡nh. Ae tv má»—i ng 120k hoáº·c Ä‘á»§ bv báº±ng Ä‘á»™i máº¡nh nháº¥t	5
when you 5* a legendary capo you have 1 hour to buy a $49 pack that includes 20 pieces	5
Chá»© cá»© náº¡p thÃ¬ bn cÅ©ng Ã­t :))	5
ayo yg butuh reli..	5
Absolutely join [GNE] or [Nzl].	5
invitemore	5
looking for active players join us in 420 Kush420mafia name is required send us application or pm me and I will fill ya inğŸ˜±	5
That\'s good, that\'s good. but if it is less popular it will not sell. we should always explore social networks	5
kinda already am by the casino	5
fun fact I just promote my alliance in alliance recruitment in discord lmao	5
Vay Nhau duoc rui	5
Jika Anda Membutuhkan Aliansi yang Lebih Aktif.  Bergabunglah dengan DAPATKAN.  Lebih banyak aktivitas dan Lebih Menyenangkan.  Aktif saja.  Semua Tin	5
Work at sarcan. Counting customers bottles. Clean as well!	5
yoii ada drama adu jotos seru broğŸ˜™	5
ive mailed so many people tryna convince them to join me but no responses, tbose who have i doubt yall regret it	5
gav just built a accounting  place for cash just bbelow you	5
TÃ´i cÃ³ kinh nghiá»‡m trong viá»‡c nÃ y,tin tÃ´i PoppyğŸ˜¦	5
Yes spend money to get there quickğŸ˜—	5
Nnti gua suruh temen gua download game ini, biar mkin rame	5
Say it again new capos faction wars new events	5
LAGI BUKA ALIANSI GAYS YANG BUAT INDO, BISA SALING BANTU DI ALIANSI	5
Any one  join the kings	5
Anyone is interested we have a discord page for the team    To help each other and better communicate	5
hey guys for those who don\'t know check out in discord and send your id number to admin private message and they will send you a gift code	5
https://discord.gg/93FZFWUT	5
i already said it but should check out our crew i stopped to play elder scrolls for a couple years	5
vá» vá»›i ae sau	5
WNN pest removal service ğŸ˜‘	5
JOIN STM	5
Who wants points in the godfather join ğŸ˜‘	5
30 day gold for $5	5
gáº¥p Ä‘Ã´i canxi 2h	5
If You Need a More Active Alliance. Join GST. More activities and More Fun. Just Be Active. All Power Levels Are Welcome. Join GST Now.	5
Welcome, if you want to be a manager you can talk to me privately, I will give you a promotion.	5
looking for active players join us in 420 Kush420mafia name is required send us application or pm me and I will fill ya inğŸ˜±	5
to connect with the casinos	5
I bought a Beauty Supervisor Pack series of gift packages	5
Join Discord to discuss affiliate development plans more easily and to receive timely notifications	5
ayo gabung reli teman temanğŸ˜‘	5
xÃ¢y Ä‘Æ°á»ng Ä‘Ã¡nh sÃ²ng báº¡c trÃªn	5
bá»‰m á»Ÿ Ä‘Ã¢u nhiá»u bh	5
Price goes up after first purchase, but get more	5
If You Need a More Active Alliance. Join GST. More activities and More Fun. Just Be Active. All Power Levels Are Welcome. Join GST Now.	5
If You Need a More Active Alliance. Join GST. More activities and More Fun. Just Be Active. All Power Levels Are Welcome. Join GST Now.	5
Bet money to get a 2019 Chevrolet Copo Camaro	5
By d way have u tlk wat i say on messger	5
Haven\'t you ever bought a one-step gift bag? Buy the bundle all the way up to $99.99 for the Legendary Alliance Chest	5
kÃ­ch lÃªn vip 8 Ä‘Ãª	5
we are looking for active members come grow with us\n	5
premium rally, jump in if you can for good rewards	5
join us for clan	5
love a casino cal	5
If You Need a More Active Alliance. Join GST. More activities and More Fun. Just Be Active. All Power Levels Are Welcome. Join GST Now.	5
Jika Anda Membutuhkan Aliansi yang Lebih Aktif.  Bergabunglah dengan DAPATKAN.  Lebih banyak aktivitas dan Lebih Menyenangkan.  Aktif saja.  Semua Tin	5
JOIN STM ITS THE BEST WAY TO GROW STRONG	5
Con game nÃ y cÅ©ng má»›i. NÃªn chÆ¡i thá»­ xem tn. BÃªn Vie kia nÃ³ cÅ©ng off nhiá»u	5
https://discord.gg/k6mTHERB	5
english players of all level and power come join kryptonian Military GuildServer 4, KRYPTONIAN MILITARY GUILD WANTS YOU!!!! MESSAGE GENERAL ZODKrypton	5
Charging can obtain high star level heroesğŸ˜—	5
NhÃ  an toÃ n cá»§a mÃ¬nh 1m5 bá»n	5
Well to all the people searching for alliances there you go. PICK	5
do you know any giftcode	5
come join the Angels of Death	5
CARI ALIANSI GEDE INDO	5
Guys, the game\'s customer service was asking us on discord if we wanted to participate in their Level 25 villa campaign	5
bagi nomer whatsapp kamu di chat pribadi saja bro	5
https://discord.gg/qtu8XNwfdD for discord join us	5
Thereâ€™s an icon on top right corner on your screen (just under the gold balance) named â€œbestselling packâ€ - explore and pick the best for your needs	5
big im the tech guy of the clan my line id is violent_k  add me n ill add u to our chats	5
Code balid until the 10th MROVP8IG	5
NÃ³ vÃ o gÃ¢y rá»‘i kÃ­ch náº¡p	5
Ill put out some mode good advertisements and trying go pick off players that are currently in an alliance	5
Free game on KE	5
bilis ng promotion ko. heheheh	5
I leave that up to you guys to promote	5
join us Easy. u know u want to.ğŸ˜‘	5
Pháº£i chuyá»ƒn Ä‘áº¿n táº­n nhÃ  chá»©	5
æ–°åŒç›Ÿå¤§é‡æ‹›å‹Ÿé¦™æ¸¯äººä¸€èµ·ç©	5
buy last one now	5
looking for active players join me in 420 Kush420mafia all welcome	5
STM RECRUITING  JOIN US	5
If You Need a More Active Alliance. Join GST. More activities and More Fun. Just Be Active. All Power Levels Are Welcome. Join GST Now.	5
Yes we need to just connect to the casino	5
Code is still good free gold	5
*paket hadiah	5
do u have instagram guys?	5
kalo mau banyak cewe nya cari di SMEA bro	5
bi bem la auto bay ma	5
zalo thÃ¬ cÃ³	5
vip 6 tu tu cÃ³	5
HHH is recruiting active players, TOP alliance in Server 5	5
All three of you join GSTğŸ˜•	5
welcome. k chá»‹u vÃ o sá»›m Ä‘á»ƒ Äƒn sÃ²ng bÃ i.	5
I provide alliance cosultant	5
new gift code - RWFOMBOX	5
NgÃ¢n hÃ ng 10%/ nÄƒm	5
https://zalo.me/g/vdyhxu344	5
Free game	5
Vip15 cho nhanh	5
Come Join STM !!	5
Ini toko saya sudah menjadi #1 perlengkapan ibu dan bayi di Indonesia	5
Guild indo join sini 5 slot	5
If You Need a More Active Alliance. Join GST. More activities and More Fun. Just Be Active. All Power Levels Are Welcome. Join GST Now.	5
VÃ´ gr zalo Ä‘i Ã´ng báº¡n	5
ngÃ y mai bem sÃ²ng báº¡c Ä‘Ã³ má»i ng	5
ğŸ¯Gift code: CBXIE4FV\n	5
ganjaoutlaws youtube founder crew rockstar	5
buy 4000 gold so it will reeuced by 1000	5
Awesome video watch it	5
B vÃ o cá»­a hÃ ng hoáº·c á»Ÿ liÃªn minh cÃ³ Ä‘Ã³	5
in my opinion Nicole frost is the best buy you can get and is the best value by far, one off payment for 5bucks	5
Inventory Develop your legendary and epic heroes quickly	5
And you will need to purchase the shield	5
looking for active players join us in 420 Kush420mafia name is required send us application or pm me and I will fill ya inğŸ˜±	5
If you have Discord account, you can message me there	5
Any gift code there ? Still valid?	5
ai cÃ²n hall táº¡o Ä‘i	5
clan vn 1 Ä‘á»‘ng cÃ²n tuyá»ƒn thÃªm ,:)))	5
Do you have any giftcode	5
Giá» ae cá»© tik qÃ¢n	5
jual	5
its passive income you get for being in our org	5
buang-buang uang hanya buat game paling anti sata	5
gift code: YQ4JPM5U	5
anh gom quÃ¢n nha	5
https://discord.gg/h9qJbx7F	5
new update needs $3k to replace the new equipment strengthening items	5
MASUK KESINI AJA YANG BUTUH ALIANSI	5
Smuggling Trade,You can obtain the legendary capo by completing the tasks here	5
Top Wallet Warrior event	5
pump lot of Money	5
why you not spend? it\'s cheap	5
do you have the smuggling trade season pass, great value for 5 bucks	5
pak ketu buat bangunan kearah kasino royal	5
buy at vip shop	5
you guys want to try to hit this casino?	5
kiu ae bÃªn Ä‘Ã³ qua Ä‘Ã¢y háº¿t Ä‘i	5
thanks lol, earn lots rewards being mod, discounts on packs ;)	5
my line id is violent_k  add me n ill add u to the group chat	5
guys join eskim, she got a free bar in house	5
I\'m sure someone wouldn\'t mind doing little side recruitment job while I\'m offline lmao	5
ğŸGift code: MerryChristmas  It will expire after December 28th (UTC). Go to the game to redeem the gift!  How to use: Avatar-Settings - Gift Pack Exch	5
Join GNE best option	5
VÃ o nhÃ³m zalo Ä‘i o	5
You can come here to collect diamonds	5
Pls join BSM. Strong and active	5
join Stm be a leader on game	5
for moneyğŸ˜	5
you get 50% if you put 2600 you will get 3900 back	5
you get extra free gold. cards	5
lagi udud grow kretek, medange extra joss bro, mantap	5
looking for active players join us in 420 Kush420mafia name is required send us application or pm me and I will fill ya inğŸ˜±	5
Cá»‘ tÃ¬nh Ä‘áº·t Ä‘áº¥y Ä‘á»ƒ dÃ n ae lÃªn tiá»n tuyáº¿n Ä‘áº¥y	5
send every member message to join our alliance. .Make HHH alliance empty	5
Join GNE think if you wanna survive	5
Ã´ng tá»• chá»©c Ä‘Ã¡nh sÃ²ng báº¡c 2 Ä‘i	5
join us	5
ad	5
Rally the casino	5
loan company	5
look us up YouTube come join us	5
ğŸ¯Gift code: CBXIE4FV\n	5
Change your name and I will promote your alliance rank directly with a full person cutoff.	5
please join STM\'s discord community, where it will be very convenient to communicate with everyone and learn some valuable game experience	5
better buy gas then speakers	5
xuyÃªn Ä‘Ãªm em ey	5
You are very good at this kind of game, consider joining STM	5
puls they got a new server in mafia king server 7	5
TWP Are a new & upcoming crew with very experienced leaders. free to join, just choose ur own name & apply, straigh in acceptance for now. Everyone we	5
bergabunglah dengan kamiğŸ˜‘	5
looking for active players join us in 420 Kush420mafia name is required send us application or pm me and I will fill ya inğŸ˜±	5
Mod thÃ´i	5
https://discord.gg/jPUXrhNu	5
ChÃº Ã½ nÃ³ cÃ³ tv thÃ¬ huá»·	5
looking for active players join us in 420 Kush420mafia name is required send us application or pm me and I will fill ya inğŸ˜±	5
Gift code: WJC5OLAW\n\nIt will expire after December 22th (UTC). Go to the game to redeem the gift! How to use: Avatar-Settings - Gift Pack Exchange	5
Vip premium crate	5
dlc is looking for active players.comebe part of our family	5
dari pada top up lebih baik anda menghabiskan uang untuk wanita bergoyang di atas andağŸ˜¥ğŸ˜¥ğŸ˜¥ğŸ˜¥	5
Kik vÃ o lÃ½ tiá»ƒu long	5
guys, hurry up and join STM\'s discord community. There are only 4 people now	5
I have some Harleys, if you guys want to do Harley rallies	5
people if you\'re alliance dead come join KRYPTONIAN MILITARY GUILD	5
click beauty whip tab in the top right and scroll down	5
oh yea who want join to discord?	5
game berat, game gila uang hahaha, uang asli	5
vÃ´ thÃªm Ä‘i ae cho Ä‘á»¡ táº¡ tá»‘n	5
waktunya sudah tiba kasinopun sudah di buka,ayo bersiap pasukan mereka banyak	5
NÃ¢ng lÃªn vip10 láº¥y 5 báº£ng chÆ¡i cho dá»….	5
Lets get paid !	5
KRYPTONIAN MILITARY GUILD IS LOOKING FOR MEMBERS, COME JOIN A TALKATIVE AND EXPERIENCED LEADERpeople if you\'re alliance dead come join KRYPTONIAN MILI	5
looking for active players join us in 420 Kush420mafia name is required send us application or pm me and I will fill ya inğŸ˜±	5
STM RECRUITING  GUYS LETS GO	5
looking for active players join us in 420 Kush420mafia all welcome	5
táº¡o nhÃ³m Zalo Ä‘i	5
active clan	5
Gift code: VNTMXMYQ	5
https://zalo.me/g/czsrsx393	5
Brother, should I purchase gold subsidy pack ? 19500gold in 5$  or 10 ella shaw shards in 5$? Which will more usefull?	5
win , dice join GST	5
cbxie4f gift code guys	5
You have to top up first, then you can get this beautiful lighter	5
STM RECRUITING JOIN BEST ALEANCE	5
saya mengajak dari squad lain buat masuk squad kami no1 agar berkembang lebih cepat	5
BRF tuyá»ƒn dá»¥ng thÃ nh viÃªn sá»‘ lÆ°á»£ng lá»›n	5
https://zalo.me/g/vdyhxu344	5
ganjaoutlaws hit us up	5
2 slot guild indo, apply here	5
láº¥y quÃ  náº¡p láº§n Ä‘áº§u thÃ´i Ä‘ua cÃ³ mÃ  cháº¿t	5
plus DJ Gammer with MC Whizzkid Christmas 2020 Rave Anywhere	5
These casinos are bumping up our march speed	5
click vÃ o chá»¯ vip dÃ¹ng vÃ ng mua vÃ© vip	5
NÃ³ khuyÃªn gÃ³p nhiá»u láº¯m nhÃ©	5
Vipâ€™s privilege gift pack	5
How know any giftcode	5
Gift code	5
looking for active players join us in 420 Kush420mafia name is required send us application or pm me and I will fill ya inğŸ˜±	5
Xong náº¡p trá»±c tiáº¿p tá»« momo	5
hey baby whenever you want to jump over to dlc they have two spots open there	5
reach 600k pÆ¡ers in 2days	5
https://gofundme.me/9e961f5f.   My husband is being taken off life support in the morning,thatâ€™s where I have been. Please share his cause.	5
Kik vÃ o nhÃ¬n nhÃ©	5
You just came like an advertisement so i guess thats what you are	5
If You Need a More Active Alliance. Join GST. More activities and More Fun. Just Be Active. All Power Levels Are Welcome. Join GST Now.	5
looking for active players join us in 420 Kush420mafia name is required send us application or pm me and I will fill ya inğŸ˜±	5
new gift code	5
Buat yg Indonesia silahkan gabung aliance saya	5
Join the rally and win massive free rewards.	5
Báº¡n mua cÃ¡i nÃ y á»Ÿ cá»­a hÃ ng nÃ y	5
Black Ops looking for players to join us	5
pte msg him	5
Still have some packages left	5
Kik vÃ o viá»‡n trá»£ tÃ i chÃ­nh	5
buy the raid thing	5
subscription, it costs 4.99 a month. 3.99 for the first month	5
wanna join STM guys, a lot of present for you guys	5
BÃ¡c muá»‘n Äƒn cáº£ cÃ¡i kho tiá»n liÃªn minh thÃ¬ vá» cÃ¡i sÃ²ng gáº§n Ä‘Ã³	5
ğŸ˜˜5k-10k  dolar thá»±c sá»± ráº¥t lá»›n	5
sial, sulit sekali, event uang muka bersama ya bro	5
STM has one open spot	5
dari pada telat gajian ğŸ™”	5
merch warehouses also get you premium items for free	5
get Nicole frost for 5 bucks	5
wisata kulinerğŸ˜™	5
Join our alliance	5
That code for free gift	5
cÃ³ code k m.ng	5
DÃ¹ng vÃ© tÃ­m cho ráº» nhÃ©	5
well Alpha if you buy you can do raids and they really cool	5
follow me on ig guys	5
english players of all level and power come join kryptonian Military GuildServer 4, KRYPTONIAN MILITARY GUILD WANTS YOU!!!! MESSAGE GENERAL ZODKrypton	5
If You Need a More Active Alliance. Join GST. More activities and More Fun. Just Be Active. All Power Levels Are Welcome. Join GST Now.	5
and if you can and only if you can try buy the smuggling trade pass	5
Here you have exciting events!	5
Boardknock\'s Shop alliance with acceleration	5
Purchase all daily is better deal. Only $5	5
mau reli  tdo order gak kalau mau saya kesana	5
wah kamu subscribe akun yutube dia bro	5
herbiesseeds.com highly recommend brothers and sisters	5
giá»‘ng nhÆ° no1 chÃºng Ä‘ang lÃ m Ä‘á»ƒ lÃ´i kÃ©o báº¡n	5
HÃ£y gia nháº­p	5
looking for active players join us in 420 Kush420mafia all welcome	5
guys we have a discord community, lets join with us	5
ae káº¿t báº¡n zalo vá»›i sÃ´ 0973672301 nhÃ©	5
xÃ¢y nhÃ  cho Ä‘á»¡ chÃ¡n Ä‘i tui gá»­i qua	5
looking for active players join us in 420 Kush420mafia name is required send us application or pm me and I will fill ya inğŸ˜±	5
Chá» xong sÃ²ng Ä‘á»©ng bÃªn nÃ y cáº§u Ä‘áº­p sang	5
Guild indo sisa 25 slot apply lgs gercep	5
looking for active players join us in 420 Kush420mafia name is required send us application or pm me and I will fill ya inğŸ˜±	5
Sons of Anarchy is recruiting active players with a name that 100k power and higher. come be part of our family and grow stronger together with us	5
Everyone donate to agent DEF l	5
looking for active players join us in 420 Kush420mafia name is required send us application or pm me and I will fill ya inğŸ˜±	5
That\'s the power of BSM!	5
To unlock more quality tasks and you also can do it easier to get thoese item i mentioned	5
Royal Casinoâ€™s	5
The info is good to know. Im wowed at Order against Hamsters new $1800 capos	5
I have a deal you want to accept!	5
promosi anjirr	5
let them spend their money on a meaningless game. i spent mine on my summer home in the background and my drop top Benz.	5
other casino in 58 mins	5
cÃ²n 7 slot ae vÃ´ Ä‘Ã¢y chÆ¡i, tÃ¡m vÃ  lÃ m nhiá»‡m vá»¥ luÃ´n. bao nhanh	5
Search ONI or The Yakuza! Recruiting members now! ALL POSITIONS OPEN!	5
Org indo join sini, base lv 7+	5
if anyone plays gta should check us out YouTube ganjaoutlaws gta	5
(TWP) THE WOLF PACK. Are recruting new blood. only requirement for now is choose ur own name & join were on open doors rite now. thank you & good game	5
looking for active players join us in 420 Kush420mafia name is required send us application or pm me and I will fill ya inğŸ˜±	5
Háº¹n hÃ² ná»¯a tÄƒng nhanh	5
If You Need a More Active Alliance. Join GST. More activities and More Fun. Just Be Active. All Power Levels Are Welcome. Join GST Now.	5
Pls move to our hive	5
join bang boleh	5
cÃ³ 2 sÃ²ng báº¡c 1 phÃ­a trÃªn chá»— tui má»›i bay tá»›i	5
donasi dan membeli pake hadiah bisa menambah dana aliansi	5
Whoâ€™s all online? Send me ur location, got rewards to send out from Speakership.	5
join STM NOW	5
facebook	5
New gift code â€¦..  HappyNewYear	5
mercenary warehouses have things you need to improve your capos	5
Yo Need Members to join Alliance....Sauce Kingz!!!!	5
without spending hundreds there is no way	5
JIO má»i ğŸ˜˜	5
Want to find an alliance? if interested join here	5
https://discord.gg/TKgXxrcK	5
everyone join me to support the countryball	5
Sk 1 ngÃ y tÄƒng 200k lc	5
mua vÃ© lÃ m j	5
first 3 are 99 cent each :)	5
Äá»ƒ Ä‘i láº¥y sÃ²ng báº¡c cho gáº§n nhe	5
JOIN STM AND GROW TO BE A LEADER	5
Join Sanatan as they need people/ small players to speak for them	5
english players of all level and power come join kryptonian Military GuildServer 4, KRYPTONIAN MILITARY GUILD WANTS YOU!!!! MESSAGE GENERAL ZODKrypton	5
11p ná»¯a chiáº¿n sÃ²ng bÃ i	5
gift code below:	5
pang top up yun sampung libo.. lalakas agad tayo dito sa laro.. darating na dw yun kunting hintay pa haha	5
buy from shop	5
Gift code below:	5
looking for active players join us in 420 Kush420mafia all welcome	5
or VIP gift package	5
Mua nhiá»u xe bay vÃ¡c cho sÆ°á»›ng	5
NZL is an amazing alliance do join it	5
:) lÃªn vip 7 ha =]]	5
minum anggur, vodka, beer, iceland itu keren, hanya minum kopi enak _?	5
looking for active players join us in 420 Kush420mafia name is required send us application or pm me and I will fill ya inğŸ˜±	5
female/18/ukraine looking 4 love and big money	5
I just need 8 members in my small alliance , if u trust me thn I\'ll be NO. [ 1 ] in S5 Server	5
to do better result pair gold usage tasks in event with buying vip lvl .. much better	5
a little more alliance chest will open. let\'s have a partyğŸ˜‘ğŸ˜‘	5
sÃ²ng bÃ i cÃ²n bay	5
like necklaces for the babes in Mafia King	5
Add friend Ä‘i :3. Facebook, Twitter, Instagram, ...	5
The 1st 4 people to join gets a top rank :)	5
If You Need a More Active Alliance. Join GST. More activities and More Fun. Just Be Active. All Power Levels Are Welcome. Join GST Now.	5
You can purchase accelerators at the VIP store	5
E cÃ³ chÆ¡i zalo ko thÃ¬ zÃ´ nhÃ³m zalo cá»§a clan Ä‘Ã³	5
KRYPTONIAN MILITARY GUILD IS LOOKING FOR MEMBERS, COME JOIN A TALKATIVE AND EXPERIENCED LEADER	5
we such a magnet, everyone want a piece of usğŸ˜¥ğŸ˜¥	5
Ae vÃ o luÃ´n Ä‘i 7â€™	5
hÃ£y tham gia raly	5
want to start another rally as well order? 2 for 1 special unless you are busy	5
the shortest way to save fund	5
STM RECRUITING BEST ALEANCE RECRUITING	5
instagram	5
Most force, most safe houses, most members	5
you will download it ruby	5
IndosatCare	5
ya itu suatu kerugian anda jika anda bergabung ke Gne anda akan cepat berkembang	5
cá»­a hÃ ng vip hoáº·c áº¥n vÃ o avata rá»“i áº¥n vÃ o dáº¥u + cá»§a xÄƒng	5
want join discord server?	5
cÃ³ group zalo chung vá»›i vie	5
Our unlimited diamond mine will give you diamondsğŸ˜—	5
CÃ²n bÃªn vna thÃ¬ Ä‘á»ƒ xÃ­u nÃ³i chÄƒc mÃ¬nh láº¥y 1 cÃ¡i Ä‘á»ƒ vna cÃ³ gÃ¬ cÃ²n qua cá»©u	5
Add zalo Ä‘i rá»“i em táº¡o	5
or i can sell it for 3.50 a gallon	5
you w8ll thank me later and buy the 4000 gold so you take 500 cross thats best deal	5
I\'ll join ya discord later I\'ll share some pics of my other games ğŸ˜™	5
Gift Code DHPIW35M	5
https://touchngoewallet.onelink.me/8mmV/addtngcard?referralCode=z6hbm9	5
Join to STM now	5
100 dollar pack on gave 100k power	5
you will get.donot go away.	5
Download Rok Sekarang jugağŸ—¿	5
Need recruiters, instant promotion!!!!!	5
klik kota kamu dan bagikanğŸ˜‘	5
YKZ qua VNA hoáº·c VIE Ä‘i. cÃ²n Äƒn kÃ© sÃ²ng báº¡c ná»¯a	5
Join Aschilles	5
looking for active players join us in 420 Kush420mafia name is required send us application or pm me and I will fill ya inğŸ˜±	5
ganja outlaws youtube come join us in los santos	5
Ä‘Æ°á»£c cho con tÆ°á»›ng vÃ ng cÃ´ dÃ¢u cáº§m sÃºng vÃ  y tÃ¡, mÃ  chÆ°a xÃ i	5
https://discord.gg/Bf6bM4wP	5
in recomend sign	5
click the button you girlfriend will love you after two weeks practice	5
come join ğŸ˜	5
kasino yang sudah didapatkan oleh SOA, kita ambil percuma kita ng dapet riwed ya	5
Okay thanx!!ğŸ˜•ğŸ˜°	5
klik kotamu dan klik disamping tanda bintang dan bagikan	5
ZÃ´ Ä‘Ãª ae	5
looking for active players join us in 420 Kush420mafia name is required send us application or pm me and I will fill ya inğŸ˜±	5
and vip 6 try to buy u will get 1 extra march	5
A gáº¥u nháº·t háº¿t ae vÃ o 1 nhÃ³m zalo Ä‘i	5
Gift code: VNTMXMYQ	5
wah, promo	5
new gift code WJC5OLAW	5
https://discord.gg/kSWyNrTR	5
https://zalo.me/g/vdyhxu344	5
E com aceleradores	5
everday santa will visit you..	5
KRYPTONIAN MILITARY GUILD IS LOOKING FOR MEMBERS, COME JOIN A TALKATIVE AND EXPERIENCED LEADER	5
CÃ´ng ty tÃ i chÃ­nh, nÃ³ om tiá»n cá»§a t lÃ¢u quÃ¡	5
99,99$ cho gÃ³i vip 9ğŸ˜¦ sau khi cÃ³ t4	5
how to get lovers	5
You need VIP 10 bro, maybe if I purchase more can help you with that hahaha	5
butuh bantuan, yang bisa bantu, bisa kirim langsung dan sekian terimakasih	5
vegends cht me	5
10% sáº½ giáº£m Ä‘Æ°á»£c ráº¥t nhiá»u tÄƒng tá»‘cğŸ˜¥	5
sinih bagi anggota gst lah guys	5
VÃ´ gr zalo add 0326203103	5
STM RECRUITING.	5
Apalagi yg bersangkutan sama aliansi.. hadiahnya besar semua	5
im getting daily mails from SOA that i should join them	5
After occupation, gift package will be yours	5
1 tuáº§n ná»¯a má»Ÿ sÃ²ng 3 rá»“i	5
Like if you proposed an idea.	5
Báº¡n vÃ o cá»­a hÃ ng liÃªn minh Ä‘i	5
Change your gn guys :) Welcome!	5
vip 7 boga 3 slot, manfaatkeun	5
å……é’±è¿˜è¦åŒ¿åï¼Ÿå¦‚æœæ˜¯æˆ‘ä¼šè®©æ‰€æœ‰äººçœ‹åˆ°æˆ‘æ˜¯å¯Œäºº ğŸ˜‰	5
å‚åŠ é›†ä¼šåŠä½¿ç”¨é»„é‡‘è´­ä¹°	5
add zalo mÃ¬nh 0888404889 nhÃ©	5
Great!! Achha active allaince chaiye toh join krlo!!	5
ra ngoÃ i táº£i app vá» nháº¯n tin luÃ´n báº¡n	5
donasi jngn lupa y all	5
Tá»¥i FLY kia cÅ©ng lÃ  vn Ä‘á»ƒ rá»§ sang xem sao, biáº¿t Ä‘Ã¢u gáº·p thÃªm Ã­t ae mÃ¡u chiáº¿n	5
come on over to GST, Duck. great alliance to belong to.	5
And the game is looking for players who spend money	5
english players of all level and power come join kryptonian Military GuildServer 4, KRYPTONIAN MILITARY GUILD WANTS YOU!!!! MESSAGE GENERAL ZODKrypton	5
sekarang ada obrolan pribadi mungkin bisa di manfaatkan	5
Gift Code: SWC7LXLQ	5
brother duke do you have a little fortune can I ask for a little money to send to the ovo application I\'m in an economic crisis	5
vÃ o mua Ä‘i	5
ÄÃNH SÃ’NG Báº C	5
This is new	5
Promotion	5
Yg indo merapat sini	5
Cáº§y lÃªn 90 ngÃ n lá»±c chiáº¿n Ä‘i nha	5
designated relocation is avaialble at vip store, i guess	5
Baixei por o anuncio no insta sksksk	5
I\'m online everyday 1 month 2 times top up	5
https://discord.gg/rHbs2eYw	5
Bisa cek juga ig kita di @coconi_id	5
Santai Gua masih ada T4	5
dá»n nhÃ  qua sÃ²ng báº¡c má»›i nÃ¨. gáº§n biá»ƒn	5
looking for active players join us in 420 Kush420mafia name is required send us application or pm me and I will fill ya inğŸ˜±	5
Guys, search for kaxura	5
if you have the link app.im lorddemonic. mine has a pic of a clock face with skulls	5
code: MerryChristmas	5
Ae láº­p nhÃ³m zalo riÃªng k	5
Give code.. MerryChristmas	5
ğŸ˜™ğŸ˜™ gift cards!	5
https://discord.gg/89RxHqnj	5
https://discord.gg/qtu8XNwfdD	5
Join SAN if you got msg saying this alliance is less active	5
hÃ ng ngon Ä‘áº¥y cÃ¡c bÃ¡c	5
Instagram?	5
looking for active players join us in 420 Kush420mafia name is required send us application or pm me and I will fill ya inğŸ˜±	5
get the 7 day res deals	5
if you want please Join the FateTheFurious Alliance. because his Alliance already had territory	5
CÃ³ nhÃ³m zalo add nhau Ä‘i	5
info join,,indo aja	5
Qua gá»i e zalo nhÃ©	5
SUB ENJOY	5
This one proceed to new casino	5
Is there any codes for gifts?	5
na. bsm has hot cookies and hotter women.	5
Money is all-powerfulğŸ˜™	5
throw some dollars ğŸ˜‰ğŸ˜‰ğŸ˜‰ğŸ˜‰ğŸ˜‰	5
dont forget make farm clan alliance	5
2 4 1 special	5
our alliance rss sites give 1600 gems per hour. ğŸ˜‘ğŸ˜‘ğŸ˜‘	5
I play Mafia City Grand Mafia Mafia origins this one mystic something another about four other ones	5
lihat obrolan dunia bro	5
looking for active players join us in 420 Kush420mafia name is required send us application or pm me and I will fill ya inğŸ˜±	5
STM BEST ALEANCE JOIN US.	5
If You Need a More Active Alliance. Join GST. More activities and More Fun. Just Be Active. All Power Levels Are Welcome. Join GST Now.	5
CÃ²n 1 ngÃ y tÄƒng tá»‘c lÃ  19	5
https://discord.gg/95Bc6X4T	5
https://zalo.me/g/vdyhxu344	5
If You Need a More Active Alliance. Join GST. More activities and More Fun. Just Be Active. All Power Levels Are Welcome. Join GST Now.	5
vip store	5
Join alliance vn	5
https://discord.gg/qtu8XNwfdD	5
https://discord.gg/95Bc6X4T	5
ada gift code?	5
Join sini indo	5
-2 stok member indo aktive!!	5
save it for yourself and use it to grow...this is just a taste of whats to come guys	5
any new gift codes	5
looking for active players join us in 420 Kush420mafia name is required send us application or pm me and I will fill ya inğŸ˜±	5
Have you joined STM\'s discord community? Danzz2k	5
https://discord.gg/SkxNjEEG	5
cho sdt Ä‘i add zalo	5
Open recruitment come join thw THC STONERZ	5
Ã´ng mÃ¢y tg mua sÃ i Ä‘c :))	5
Improve your combat power	5
yes poppy shop thank you	5
looking for active players join me in 420 Kush420mafia all welcome	5
Instant	5
Klik aja buat akun baru	5
Tháº¿ t cho nÃ³ bY nhÃ©	5
Jika Anda Membutuhkan Aliansi yang Lebih Aktif.  Bergabunglah dengan DAPATKAN.  Lebih banyak aktivitas dan Lebih Menyenangkan.  Aktif saja.  Semua Tin	5
NUMBER 1 GUILD RECRUITING.	5
VPGPZYQ9 code gift	5
Mai mua xÄƒng xáº£ báº¡o loáº¡n 20 kiáº¿m buff thÃ´i	5
fast fingers tournament	5
yeah im experienced too greatly, as you can tell by markers, also https://discord.gg/qtu8XNwfdD for discord	5
vcc nÃ³ bay sÃ¡t nhÃ  e	5
Yes tempting deal	5
cháº¡y thÃ¬ gá»i tÃ´i vá»›i chá»©	5
casinos in couple minutes	5
JANGN LUPA DONASI Y TEMEN2 BWT PERKEMBANGAN ALIANSI INI TRIMAKASIHğŸ˜¦	5
or pm me for invite	5
Join STM, its a fun place to be in ğŸ˜‘	5
Have you joined STM\'s discord community?	5
design and new construction sales.for largest cabinet company in florida	5
https://discord.gg/qnv2SKKa	5
Gá»i zalo ae onl dá»¡ nhÃ nÄ‘i	5
gift code out guys MROVP8IG all caps	5
2 for 1 special :)	5
tá»‘i háº¹n máº¥y g trÃªn zalo Ä‘i bÃ¡c	5
buat yg indo mending gabung aliance gua aja, nanti aku ajarin cara main + bonus	5
HÃ£y chÆ¡i game xáº¿p hÃ¬nh cÃ¹ng ngÆ°á»i Ä‘áº¹p,khi Ä‘áº¡t S báº¡n sáº½ cÃ³ váº­t pháº©m tÄƒng Ä‘á»™ thÃ¢n máº­t	5
KRYPTONIAN MILITARY GUILD IS LOOKING FOR MEMBERS, COME JOIN A TALKATIVE AND EXPERIENCED LEADER	5
You can buy some more affordable gift packages.	5
Ae cÃ³ lÃ¢pk zalo add t cÃ¡i nha	5
Share gift code guys	5
Well, only share to facebook to get 50 gold bars	5
yall join ...tons of resources	5
Herbieseeds give you loads of freebies and i got a YouTube code for 10 percent off lol	5
mai má»‘t Ä‘Ã¡nh sÃ²ng báº¡c cÃ²n háº¹n nhau	5
If You Need a More Active Alliance. Join GST. More activities and More Fun. Just Be Active. All Power Levels Are Welcome. Join GST Now.	5
haha iyah bro	5
Bg Gift Alok Bg	5
still its only Â£3 so dont be so tight and just buy it ğŸ˜µğŸ˜¥ğŸ˜¥	5
lots of passive income being in this group	5
Gift pack code: MROVP8IG	5
WJC5OLAW   gift code	5
or apply to DIE top 10 alliance and climbing by the hours	5
if you share your attack in facebook you get 20 gold	5
All in for vip ACT	5
gift code	5
(TWP) THE WOLF PACK. Are recruting new blood. only requirement for now is choose ur own name & join were on open doors rite now. thank you & good game	5
joint advance	5
any English speaking alliances recruiting	5
att : have giftcode in facebook and discord....is anyone alredy look?	5
looking for active players join us in 420 Kush420mafia name is required send us application or pm me and I will fill ya inğŸ˜±	5
lo kok cept bang udh 100k	5
looking for active players join us in 420 Kush420mafia name is required send us application or pm me and I will fill ya inğŸ˜±	5
STM RECRUITING.	5
Recuit	5
mai Ä‘Ã¡nh sÃ²ng báº¡c háº©y ae	5
Tháº¿ nÃ y tiá»n á»Ÿ gÃ³i má»Ÿ chá»‰ up nhÃ 	5
I\'ve added some tp to the alliance shop when u can afford buy and tp over to the alliance base	5
Hello fellow gangsters please come join my alliance BGU - Blood Gangsters United .	5
gamecuty	5
Tham gia STM sáº½ lÃ  má»™t lá»±a chá»n tá»‘t hÆ¡n vÃ  cÃ¡c thÃ nh viÃªn cá»§a chÃºng tÃ´i cÅ©ng cÃ³ nguá»“n gá»‘c tá»« Viá»‡t Nam	5
ae VN vá» 2 guild Ä‘á»©ng top sv nhÃ©	5
Join STM is your best choice	5
mafia city sm grand mafia...dan game lain..ğŸ˜©	5
Money, money and Money	5
Well you can get more diamonds from here	5
Ná»• hÅ© ná»• hÅ©	5
CÃ´ng ty há»— trá»£ tÃ i chÃ­nh, viáº¿t táº¯t lÃ  Tiá»‡m Cáº§m Äá»“	5
premium package	5
ÄÆ°á»ng Ä‘i sáºµn háº¿t giá» chá»‰ chá» má»Ÿ ra hÃºp vá»™i haha	5
its free in canada so join us for free legal weed	5
dlc is looking for adventurous active players to pertake in various formd debauchery and have fun doing	5
if you want to be friends with PINK, don\'t forget to join SOA, only 100k power can join :v	5
Nicole. frost is amazing value at a one off 5 bucks	5
There are 5x 8 Hour Speed Ups in the Alliance store. Get em	5
bystore its now or never bro	5
siapin emas buat beli skin VILA ğŸ˜‘	5
thanks mate will private chat ya	5
If You Need a More Active Alliance. Join GST. More activities and More Fun. Just Be Active. All Power Levels Are Welcome. Join GST Now.	5
Goodies inside	5
uang berbicara meski baru mendowload game ini?	5
english players of all level and power come join kryptonian Military GuildServer 4, KRYPTONIAN MILITARY GUILD WANTS YOU!!!! MESSAGE GENERAL ZODKrypton	5
guys , kalau kalian ingin membeli ditoko aliansi , hubungi kami yaa  ..	5
Jika Anda Membutuhkan Aliansi yang Lebih Aktif.  Bergabunglah dengan DAPATKAN.  Lebih banyak aktivitas dan Lebih Menyenangkan.  Aktif saja.  Semua Tin	5
Äáº·t 1 ngÃ´i nhÃ  ngay Ä‘Ã¢y vÃ  ta sáº½ cÃ³ sÃ²ng báº¡c cÃ¹ng vá»›i cÃ¢y cáº§u	5
you can have a try here.	5
they in need for drivers a lot	5
best aleance	5
Join me, if it\'s below 400k, I\'m going to cancel it	5
Message me private if interested	5
you can only get her shards if you buy them boxes	5
New giftcode: MROVP8IG	5
all new bonuses and chances to upgrade your character each night at 1am Cobra	5
Mua cÃ¡i gÃ³i vip Ä‘á»ƒ láº¥y di chuyá»ƒn thÃ nh Ä‘Ã£	5
looking for active players join us in 420 Kush420mafia name is required send us application or pm me and I will fill ya inğŸ˜±	5
If Youu Need a More Active Alliance. Join GST. More activities and More Fun. Just Be Active. All Power Levels Are Welcome. Join GST Now.	5
STM RECRUITING JOIN US ğŸ‘€	5
Please join STM\'s discord community, where it will be very convenient to communicate with everyone and learn some valuable game experience	5
And try for some casinos when 4 of us are on and ready	5
Mua Ä‘áº¿n háº¿t vip5 Ä‘á»ƒ up 3 sao	5
coba lihat	5
New Alliance looking to recruit, please join us to unite as one.	5
looking for active players join us in 420 Kush420mafia name is required send us application or pm me and I will fill ya inğŸ˜±	5
vip box 6 is really good value for money at $10	5
Join Rally for Casino	5
Link group https://www.facebook.com/groups/2322445941223098/?ref=share	5
Come Join STM !!	5
EVERYONE PLEASE DONATE TO ALEANCE TECHNOLOGY.  LOVE YOU ALL	5
Mau tahu rahasianya? Game ini gw main telat 1 hari	5
Better take advantage of the last sales spend a couple hundred ğŸ˜©	5
spend money at sikap kaya natin to kasu lang di tayo nag kakaisa lahat	5
Ã”ng vÃ o Ä‘i. 200k lÃ  Äƒn Ä‘c	5
I will start some Harley rallies	5
wow, winning Amazon gift card in Discord	5
If You Need a More Active Alliance. Join GST. More activities and More Fun. Just Be Active. All Power Levels Are Welcome. Join GST Now.	5
Join us guys. We can get stronger together.	5
ğŸ¯Gift code: VPGPZYQ9	5
You seen me hawking that shit lol	5
apakah anda butuh lebih banyak ? saya akan mengirim pemercepat	5
ive posted discord link a few times	5
promote me	5
i joined discord and Facebook and got free code and gold for sharing heroes on there it is worth the 5mins it took	5
who want join to SOA msg me, min 100k power	5
looking for active players join us in 420 Kush420mafia name is required send us application or pm me and I will fill ya inğŸ˜±	5
There are some preferential gift packages every day. I think this is the most cost-effective	5
easy decision uber just one click of a button hehe ğŸ˜œ	5
3 slot indo guild open rekrutmen	5
looking for active players join us in 420 Kush420mafia name is required send us application or pm me and I will fill ya inğŸ˜±	5
Join AAA	5
ayo buat reli	5
we\'re occupying casinos to win massive free rewards. Everyone who is online, please join rally. Thanks	5
cÃ³. phá»‘ tÃ¢y bÃ¹i viá»‡n. Ä‘en tráº¯ng j cÃ³ Ä‘á»§. nÃ³ cá»© ngá»“i Ä‘Ã³. uá»‘ng bia 2 3 Ä‘á»©a. cá»© tá»›i rá»§ lÃ  Ä‘i	5
sÃ²ng báº¡c dÆ°á»›i xong rá»“i ai lÃ m nv thÃ¬ láº¥y linh vÃ o solo Ä‘i	5
gift me all if possible lolğŸ˜‘	5
gift code:2ZVRD0K8	5
ai fam tiá»n thÃ¬ vÃ o Ä‘Ã¢y fam	5
We are recruiting.	5
Have you joined STM\'s discord community?	5
Event Náº¯m tay cÃ¹ng tiáº¿n nÃ o?	5
looking for active players join us in 420 Kush420mafia name is required send us application or pm me and I will fill ya inğŸ˜±	5
nhÃ  á»Ÿ Ä‘Ã¢u police a chuyá»ƒn Ã­t rÆ°á»£u uá»‘ng láº¥y tháº£o =]]	5
KRYPTONIAN MILITARY GUILD IS LOOKING FOR MEMBERS, COME JOIN A TALKATIVE AND EXPERIENCED LEADER	5
one announcement for 1 B what.	5
tele random trong tiá»‡m cáº§m Ä‘á»“ may máº¯n sáº½ xuáº¥t hiá»‡n, khoáº£ng 180k tiá»n tráº¯ng	5
https://zalo.me/g/vdyhxu344	5
And this time around it will cost $	5
LÃªn vip10 láº¥y full báº£ng	5
Make big money!	5
HÃ ng vá» kakaaa	5
HÃ´m nay mÃ¬nh quyáº¿t Ä‘á»‹nh xuáº¥t kho mua 20 cÃ¡i tÄƒng tá»‘c 5p vÃ  tÄƒng tá»‘c 1h, ae ai vÃ´ sá»›m mua sá»›m nhe, chÃºc a e vui váº»	5
ill give you all job if you like once im international	5
Did everyone get my Email about \"Safe at Home?\"	5
Goodies inside	5
WJC5OLAW code guys redeem yours	5
Pm/dm any r4	5
i got this down break pack limited 1h worth to buy?	5
SOA is recruiting active players 100k power and higher. come be part of our family and grow stronger together with us	5
we need some promotions to make this grow	5
and join VNS to increase your power	5
https://discord.gg/jPUXrhNu	5
i posted in MK global chat for people to come worth a try	5
its not how long you play but how much you spend	5
harus top up di game ini	5
Doei para dinheiro rÃ¡pido II	5
mÃ  game nÃ y tháº¥y náº¡p nhiá»u, sao quáº£ng cÃ¡o Ã­t tháº¿ nhá»‰	5
top 5 alliances to join if you are semi serious/serious about the game!!!	5
Yes, join STM. We are a strong and nice clan ğŸ˜‘	5
Gift code below.	5
be one of us again. bring your alliance with you	5
u also message lol	5
You can also buy some cheap gift bags first. You can compare them	5
you should too bring everyone lol join 796 we are a great team	5
hi low i already told we r not interested the casino	5
Báº¡n hÃ£y tá»›i miá»n tÃ¢y VIetnam á»Ÿ Ä‘Ã³ con gÃ¡i tháº­t thÃ  , ngoan hiá»n , giá»i giang	5
Yes buying pack can help you grow alot faster	5
Yes get anything you want from vip today before it resets	5
The Island with free stuff	5
Sons of Anarchy is recruiting active players 100k power,villa 7 and higher. come be part of our family and grow stronger together with us	5
Tuyá»ƒn ngÆ°á»i nÃ¨, ngoáº¡i giao nÃ¨, xÃ¢y nhÃ  nÃ¨, gá»­i thÆ° thÃ´ng bÃ¡o nÃ¨, ....	5
recruiting	5
Æ¯u tiÃªn full phÃ¡nnhaf phÃ­a cáº§u	5
looking for active players join us in 420 Kush420mafia name is required send us application or pm me and I will fill ya inğŸ˜±	5
tuyá»ƒn dá»¥ng cÃ¡c cÃ´ gÃ¡i Online khá»e, ğŸ˜¡ğŸ˜ ğŸ˜ ğŸ˜ 	5
Xong cÃ²n oÃ¡nh sÃ²ng nÃ o	5
https://discord.gg/8svYnFpE	5
5k pts for dating	5
Yhis ons got goodies	5
https://discord.gg/3mBxNUZm	5
wah manteb bro murah meriah bro hahaaaa	5
join STM is the best choice	5
Cheap price to invest	5
Move your city to here, LukWCeres	5
why are you vip 0?   look in your inventory, convert some gold, and buy some vip levels for free	5
Vá» cáº¡nh máº¥y cÃ¡i sÃ²ng bÃ i Ã¡	5
hai guys if you have discord come join us in our discord community http://discord.gg/jHKgftpZZq ğŸ˜¤	5
Change your name and I\'ll raise your alliance rank directly	5
Ya go and spread it he will give you a promotion	5
Mua gÃ³i nÃ o mÃ  ráº» hÆ¡n cÆ¡	5
STM RECRUITING JOIN US	5
quick to promote especially with speed ups	5
alguÃ©m sabe de algum cÃ³digo ativo?	5
Welcome everyone from STM to join GST	5
3 menit lg harley lv 2	5
You can also join VNS	5
Chá»¯a lÃ­nh tá»‘n tiá»n vc	5
vip 15 its 0.99Â£	5
Ganhei 300 ouros respondendo um questionÃ¡rio gostei	5
Try now	5
spam	5
è¯·é—®æœ‰å¯ä»¥ç”¨çš„ç¤¼åŒ…å…‘æ¢ç å—ï¼Ÿ	5
3QR6GV0M code	5
looking for active players join us in 420 Kush420mafia name is required send us application or pm me and I will fill ya inğŸ˜±	5
Just spend 1$	5
early bird specials places closes at 6pm	5
Gift codes haha. That is a new low lol	5
https://gofundme.me/9e961f5f.   My husband is being taken off life support in the morning,thatâ€™s where I have been. Please share his cause.	5
^ GIFT CODE ^	5
looking for active players join us in 420 Kush420mafia name is required send us application or pm me and I will fill ya inğŸ˜±	5
ic smart home control like google	5
Change your name and I will promote your alliance rank directly with a full person cutoff.	5
Xem Ä‘Ã¢y	5
The 4.99 specail is always a decent deal	5
SEC GIFT CODE:EU88LTZD	5
contact christopher on discord of this game	5
cÃ²n má»Ÿ rá»™ng má»—i ngÃ y	5
join stm 1 of the best aleances	5
or you can just talk to me on watsapp but i guess you cant can you.	5
Join with battu,all who in sea battel	5
JOIN MY CLAN	5
JOIN STM NUMBER 1 GUILD	5
http://discord.gg/jHKgftpZZq	5
KRYPTONIAN MILITARY GUILD IS LOOKING FOR MEMBERS, COME JOIN A TALKATIVE AND EXPERIENCED LEADER	5
join us at GST	5
yes mate always inviting & advertising in global chat. but i. ant force them to join lol.	5
i need someone  who wants a promotion to hit me up	5
VÃ¢n lv4 off 4 ngÃ y rá»“i Ã¡ cho Ã´ng káº¹ lv3 lÃªn Ä‘i báº¡n	5
Giá» chuyá»ƒn nhÃ  ra gáº§n sÃ²ng ah cro Æ¡i	5
take advantage of the alliance Gem mine clicking the link above ^^^^	5
VÃ´ tháº§n cá»‘ 200k lc nha	5
Or buy at the VIP shop	5
i love hard core techno i make techno on YouTube i going to upload a video tomorrow to	5
Server 4, KRYPTONIAN MILITARY GUILD WANTS YOU!!!! MESSAGE GENERAL ZOD	5
Sons of Anarchy is recruiting active players with a name 100k power and higher. come be part of our family and grow stronger together with us	5
toi bibi Æ¡ nhÃ³m zalo Ä‘Ã³	5
gift code : 1rnyp47cnbfpc	5
Join my alliance and i will take you to the top	5
MASUK SINI AJA YANG BUAT INDO AKU BARU BIKIN ALIANSI	5
if u want women why dont go in dating siteğŸ˜©	5
If you have a lot of money go there and buy whatever you like	5
Im working on a few ppl from gm group to come over	5
The blackmarket is opened for the next 30 minutes. I was able to purchase three shields for cash/ammo and a good amount of speed up. In addition, plea	5
if you join bsm you get a lot of free passive income.	5
In addition, there are very many casinos under this bridge that are not occupied and I think they also belong to STMğŸ˜‘	5
LÃ½ tiá»ƒu long shoppee nhá»‰	5
ğŸ˜™lol 50%power comes from strong champions, it needs money	5
mo rl 10p di	5
JOIN ME TO GET HARLEY	5
yes, you can buy package event valentine..	5
10h ae Äƒn sÃ²ng báº¡c nha	5
If You Need a More Active Alliance. Join GST. More activities and More Fun. Just Be Active. All Power Levels Are Welcome. Join GST Now.	5
Do you know any giftcode	5
ayo gabung di aliansiku	5
We are from server 7, here to conquer this server, join us and grow	5
looking for active players join us in 420 Kush420mafia name is required send us application or pm me and I will fill ya inğŸ˜±	5
koi Facebook te Follow kroğŸ˜ğŸ˜	5
Guild indo slot banyak . Apply	5
ayo berteman di Instagram	5
Báº¡n cáº§n huáº¥n luyá»‡n,xÃ¢y dá»±ng hay nghiÃªn cá»©u,hÃ£y pm tÃ´i,tÃ´i sáº½ buff danh hiá»‡u giáº£m 5-10% cho báº¡nğŸ˜¦	5
gasskan harley yukks, masih ada kuota 7X	5
Sons of Anarchy is recruiting active players 100k power and higher. come be part of our family and grow stronger together with us	5
gá»­i 1 ngÃ y lÃ£i nháº¥t	5
https://zalo.me/g/czsrsx393	5
looking for active players join us in 420 Kush420mafia message me if interestedğŸ˜±	5
ai qua thÃ¬ qua láº¥y quÃ  xong vá» thÃ´i Ä‘á»¡ phÃ­	5
tÃ­nh lÃ£i gáº¥p Ä‘Ã´i	5
Äa dá»¥ng táº­p trung tÄƒng tá»‘c xÄƒng, tÄƒng tá»‘c xÃ¢y nhÃ , tÄƒng tá»‘c nghiÃªn cá»©u, tÄƒng tá»‘c sáº£n xuáº¥t.	5
is there a advertise thing in our clan I\'m not shaw	5
https://discord.gg/AaAsr6YS	5
And coming soon in later versions of game	5
looking for active players join us in 420 Kush420mafia name is required send us application or pm me and I will fill ya inğŸ˜±	5
gift code	5
She saw my picture, then she was surprised! She said wow are you Michael Jordan?	5
ai vÃ o nhÃ³m zalo thÃ¬ copy nha	5
share pls	5
Jika Anda Membutuhkan Aliansi yang Lebih Aktif.  Bergabunglah dengan DAPATKAN.  Lebih banyak aktivitas dan Lebih Menyenangkan.  Aktif saja.  Semua Tin	5
https://discord.gg/mV8kjm5g	5
Con tÆ°á»›ng quÃ  náº¡p Ä‘áº§u nÃ³ báº¯n nghÃª tháº­t	5
promosi bro	5
Ad... geng nguyen	5
https://discord.gg/qtu8XNwfdD for discord	5
HÃ ng khá»§ng nÃ y	5
come on guys follow my instagram @rendiiisaputraa_	5
If You Need a More Active Alliance. Join GST. More activities and More Fun. Just Be Active. All Power Levels Are Welcome. Join GST Now.	5
Click on Hamster and join. Itâ€™s server7 vs server6	5
looking for active players join us in 420 Kush420mafia name is required send us application or pm me and I will fill ya inğŸ˜±	5
Join STM guys	5
siap aliansi kamu yang terbesar	5
Daily Deals can get Giemont or Jane Wilson	5
Ae tuyá»ƒn thÃªm ngÆ°á»i Ä‘i	5
the alliance i am now in is good, and cosntantly recruiting - come here - no one wants to start from scatch	5
https://discord.gg/ubatnNa3	5
Bao h bÃ£o vÃ o nhá»‰	5
for more information join Stm	5
english players of all level and power come join kryptonian Military GuildServer 4, KRYPTONIAN MILITARY GUILD WANTS YOU!!!! MESSAGE GENERAL ZODKrypton	5
anh trai giÃ u cÃ³ ğŸ˜±, cáº§n thá»±c hiá»‡n ngay	5
join discord for more information ally	5
Báº¡n cáº§n huáº¥n luyá»‡n,xÃ¢y dá»±ng hay nghiÃªn cá»©u,hÃ£y pm tÃ´i,tÃ´i sáº½ buff danh hiá»‡u giáº£m 5-10% cho báº¡nğŸ˜¦ğŸ˜¦	5
R+F	5
It\'s just $3.99ğŸ˜¹	5
Eu leio \" recursos gratis\"	5
Im plugging lol 7 day left on research im doing	5
i keep sharing invite in wc	5
Event uang muka bersama punya	5
Jika Anda Membutuhkan Aliansi yang Lebih Aktif.  Bergabunglah dengan DAPATKAN.  Lebih banyak aktivitas dan Lebih Menyenangkan.  Aktif saja.  Semua Tin	5
donation please	5
gabungin aliansi yg gg dong kak	5
The event has ended. @everyone   ğŸ¯Gift code: CBXIE4FV  It will expire after January 29th (UTC). Go to the game to redeem the gift!	5
Join GNE guys!	5
STM is the best join team ! join them u don\'t regret it	5
dont forget.....share meğŸ˜¥	5
sini bro	5
VÃ o mua Ä‘i	5
I have mailed Amila I\'m not talking in world chat after this I feel its pointless if anyone wants to talk mail me	5
Dá»i vá» gáº§n máº¥y sÃ²ng cho nhiá»u má» 3-4	5
if your about jump on board please	5
gift code	5
or better yet here my line name violent_k  add me	5
all alliances recruiting	5
Tammy i have ben wanting to ask you to join TMN	5
ok thank. ill ask if need. i want grow level. boss say level not matter, it will grow fast if joi. alliance :)	5
Má»‘t má»Ÿ sÃ²ng lá»¥m tiá»n	5
I signed up in Discord and will send you all the gift codes as soon as I receive them	5
Tui fb tháº¥y táº£i thá»­ Ä‘Ã¢y	5
Which casino	5
GIFT CODE : MROVP8IG	5
isthere any gift code at time of halloween?	5
casino	5
If You Need a More Active Alliance. Join GST. More activities and More Fun. Just Be Active. All Power Levels Are Welcome. Join GST Now.	5
https://discord.gg/qtu8XNwfdD	5
liÃªn minh mÃ¬nh Ä‘ang tá»¥t háº¡ng, cá»‘ kiáº¿m ngÆ°á»i tham gia thÃ´i	5
Because the Internet costs are very cheap. around 0.80 dollars Can enjoy 3 Gigabites 3 days	5
jualan malam2 hHaha	5
Level up and increase power. All that good stuff	5
Give me your wa number, dear	5
english players of all level and power come join kryptonian Military GuildServer 4, KRYPTONIAN MILITARY GUILD WANTS YOU!!!! MESSAGE GENERAL ZODKrypton	5
Ã‰ sÃ³ clicar serÃ¡ direcionado para lÃ¡	5
hey guys if you want to join SOA email me	5
the monthly subscription is good value, only Â£4 first time you buy	5
Kik cÃ¡i 8h tÆ°á»Ÿng mua dc	5
https://www.facebook.com/profile.php?id=100068528160159	5
Purchase packs	5
JOIN STM GUYZ.	5
u should apply job at poppy and ghosting work now, then u can online all time no limit	5
looking for active players join me in 420 Kush420mafia all welcome	5
https://discord.gg/Z4ZpwTbN	5
Entre aqui xCx	5
Kingdom of Pirates is another one i play and i am over 2.70 Billion strenght also running a alliance. I barely put any money in that one	5
https://discord.gg/QhgTWA5H	5
If You Need a More Active Alliance. Join GST. More activities and More Fun. Just Be Active. All Power Levels Are Welcome. Join GST Now.	5
Yup! Very much Alliance! So many in fact we hired a twitter account just to list them all!	5
-1 member aktive minimun power 25k join aliance IDN!	5
Oh btw I created a new discord for anyone who would like to join.	5
Free money free jewlrey free pizza free tv I mean you cacth my drift	5
This casino still available	5
thats what the black market is for ğŸ™™	5
troop speed up event, use your troop speeds to score points fast	5
hÃ  vip bn rá»“i	5
vip.store, any activity and gold are the 3 sources of gasoline	5
ok will send private chat	5
gamecuty	5
KRYPTONIAN MILITARY GUILD IS LOOKING FOR MEMBERS, COME JOIN A TALKATIVE AND EXPERIENCED LEADER	5
xÃ¢y NhÃ  an toan len Song Bac 2 nhe dylung xay lung tung	5
heldigvis er det spil hvor du nemt kan for guld	5
Only 300kğŸ™ƒ	5
Game nÃ o cÅ©ng cÃ³ top kÃ­ch náº¡p háº¿t	5
ayo donasi temanku semua	5
Cake is number oneğŸ˜–	5
Weâ€™re trying to pull players in inactive crews to come over with us. Even a handfull of new people would make us more attractive to join	5
and ifun games	5
Má»i cÃ¡c báº¡n vá» vá»›i liÃªn minh HHH chÃºng tÃ´i	5
+15%	5
1h cÃ²n mua Ä‘Æ°á»£c 8h gÃ³p tá»›i bao giá»	5
also feel free to help out recruit active members if ya like if I\'m not around name will be required but if power beats lowest may as well better than	5
Gift code: QGMU97IC	5
see the nicely timed recruitment post just before we took it ğŸ˜™	5
tidak,semuanya sudah saya serahkan kepada mereka	5
Before you quit, come see what its like at BSM	5
please join STM discordï¼Œwe can communicate in time	5
https://zalo.me/g/vdyhxu344	5
KRYPTONIAN MILITARY GUILD IS LOOKING FOR MEMBERS, COME JOIN A TALKATIVE AND EXPERIENCED LEADER	5
Gift Code : HappyNewYear	5
Hi SOA member near VNA land, if you like this game and want to play more, you can join my team, welcome all :)	5
Wanna by 1 at there?	5
Hello, everyone. Come and join my alliance.	5
guys check out in discord if ya sent ya id number to admin in private message he will send ya gifts code	5
looking for active players join us in 420 Kush420mafia name is required send us application or pm me and I will fill ya inğŸ˜±	5
KRYPTONIAN MILITARY GUILD IS LOOKING FOR MEMBERS, COME JOIN A TALKATIVE AND EXPERIENCED LEADER	5
in stock right now	5
nháº¯n tin sdt vÃ o di tui add group	5
Indonesia Join sini	5
join STM GUYZ	5
activity calendar said it will be on whole week and, actually it is just 1 day eventğŸ˜™ğŸ˜¹ğŸ˜¹	5
join our amazing aleance and grow togetyer with us	5
looking for active players join us in 420 Kush420mafia name is required send us application or pm me and I will fill ya inğŸ˜±	5
pngennya Gwe soh gotu IDN gabung IND, jadi lebih rame juga di aliansi	5
looking for active players join us in 420 Kush420mafia name is required send us application or pm me and I will fill ya inğŸ˜±	5
looking for active players join us in 420 Kush420mafia name is required send us application or pm me and I will fill ya inğŸ˜±	5
KRYPTONIAN MILITARY GUILD IS LOOKING FOR MEMBERS, COME JOIN A TALKATIVE AND EXPERIENCED LEADER	5
gia nháº­p vá»›i mÃ¬nh nÃ¨ báº¡n Æ¡i	5
Ah 5$ Ä‘c 100k exp kÃ¬a	5
Ã”ng cá»© lÃªn google search Artis Fiaron lÃ  hiá»ƒu	5
SELAMAT DATANG BERGABUNG DENGAN KAMI DAN MENJADI LEBARIN KUAT BERSAMA! SILAKAN BERDONASI LEBIH BANYAK UNTUK TEKNOLOGI ALIANSI. â˜ºï¸	5
arak bali lebih segar bro	5
Ã” vÃ o lm, vÃ o shop xong dÃ²ng trÃªn lÃ  mn mua, dÃ²ng dÆ°á»›i lÃ  Ä‘á»ƒ Ä‘Æ°a lÃªn cho ae mua	5
vip 6 tÄƒng 1 Ä‘á»™i quÃ¢n	5
Who i talk to for promotions?	5
Chá»¯a 30p 1 láº§n	5
Solo sÃ²ng hoÃ ng gia nÃ¨	5
Link zalo ae vÃ o tÃ¡m cho vui	5
promosi Instagram saya @Rendiiisaputraa_	5
X. Bx yxh. K jc cjnccjjrn imdmanzjzns	5
kalau sudah punya banyak teman dan grup di discord si enak ya bro	5
If You Need a More Active Alliance. Join GST. More activities and More Fun. Just Be Active. All Power Levels Are Welcome. Join GST Now.	5
for fast, only buy with gold..	5
18 rup 5 Ä‘áº¡o cho nhanh lupe	5
It helped me upgrade very quickly, I love this gift package	5
perusahaan pinjaman	5
No GST	5
english players of all level and power come join kryptonian Military GuildServer 4, KRYPTONIAN MILITARY GUILD WANTS YOU!!!! MESSAGE GENERAL ZODKrypton	5
If You Need a More Active Alliance. Join GST. More activities and More Fun. Just Be Active. All Power Levels Are Welcome. Join GST Now.	5
Go Titanic tour	5
Cá»© mua shop lm hoÃ i ğŸ˜£	5
bagi code hadiah	5
KRYPTONIAN MILITARY GUILD IS LOOKING FOR MEMBERS, COME JOIN A TALKATIVE AND EXPERIENCED LEADER	5
alliance group link, we need the maximum number of members inside to exchange information and discuss about the alliance	5
If You Need a More Active Alliance. Join GST. More activities and More Fun. Just Be Active. All Power Levels Are Welcome. Join GST Now.	5
I can give you the bridge to crescent moutaion	5
Shopee.co.id/coconibaby	5
ONE clan need some active players	5
More money .. to recover fast	5
you get a sh1t tons of stuff for 5 bucks	5
i have rienforce the casino please join me hurry as it may be attacked hurry guys cheers	5
Guys, if you have Discord, please join	5
try my code	5
https://discord.gg/tYdsUMwd	5
I have a restarant depot account.  We save tons	5
Giáº£m 1m kia kÃ¬a	5
a lot of discount on vip shop	5
i deliver home furniture	5
move qua chá»— Ä‘ang xÃ¢y. cÃ³ cÃ¡i clan BCS	5
If you have social media. like Instagram or Facebook please Chat with me	5
Where you come to get paid	5
vip 6 makes you a big player ğŸ˜™	5
paket komplit ye bro hahaaa	5
looking for active players join us in 420 Kush420mafia name is required send us application or pm me and I will fill ya inğŸ˜±	5
looking for active players join us in 420 Kush420mafia name is required send us application or pm me and I will fill ya inğŸ˜±	5
Ã”ng simple gá»­i láº¡i do thÃ¡m thá»­ xem	5
come join us, active players	5
Chá»‹u khÃ³ cÃ y vÃ ng lÃ  dá»… kiáº¿m thÃ´i	5
kmu bisa mengkliknya di situ	5
If You Need a More Active Alliance. Join GST. More activities and More Fun. Just Be Active. All Power Levels Are Welcome. Join GST Now.	5
Royal Casinoâ€™s open in 3 hours, if available please be on	5
plase brother little money	5
https://discord.gg/jPUXrhNu	5
Come here win	5
Kedengeran nya sangat menarik	5
join di grupku dong	5
IND min lv 7 base, fast come fast serve	5
Giáº£m Ä‘c 2 ngÃ y nghiÃªn cá»©u Ä‘áº¥y	5
people if you\'re alliance dead come join KRYPTONIAN MILITARY GUILD	5
ganjaoutlaws YouTube	5
looking for active players join us in 420 Kush420mafia name is required send us application or pm me and I will fill ya inğŸ˜±	5
And embarassing if you canâ€™t be patient and spend $200 plus to advance	5
JOIN STM BEST GUILD IN SERVER XD	5
looking for active players join us in 420 Kush420mafia all welcome	5
join ua	5
go see Joint Advance	5
change your name and u will be deputy director of clan :)	5
mesti hari2 donasi teknologi agar bisa dpt dana	5
a lot of gift are waiting for you guysğŸ˜‘	5
Sini join casino	5
Guild indo byk slot join sini	5
english players of all level and power come join kryptonian Military GuildServer 4, KRYPTONIAN MILITARY GUILD WANTS YOU!!!! MESSAGE GENERAL ZODKrypton	5
join to Facebook	5
game yang serupa dengan mafia city tapi game ini lebi hot  animasi nyağŸ˜¥	5
It\'s the daily special package with three gift packages	5
think of anyone else who like to try this game	5
Come and build a safe house, and you can play the Royal Casinoï¼	5
looking for active players join us in 420 Kush420mafia name is required send us application or pm me and I will fill ya inğŸ˜±	5
Come join SANâ€¦Come on	5
Pay	5
JOIN STM LETS GET SMASHIN.	5
Server 4, KRYPTONIAN MILITARY GUILD WANTS YOU!!!! MESSAGE GENERAL ZOD	5
Recruiting a team promotion active when u join	5
just bought 5 one hour building boost from vip store with free gold : ) and the grind stars over	5
You are the king in this game if you pay 20k pounds	5
Just one day treatment only	5
4.3 gets you 5 Jessy frags and 5 gold skulls each day	5
https://discord.gg/B3FspHpZke	5
looking for active players join us in 420 Kush420mafia name is required send us application or pm me and I will fill ya inğŸ˜±	5
Join STM NO1 GUILD.	5
Gift code	5
ganjaoutlaws youtube insta Facebook	5
Royal Casinoâ€™s open in 1h 30mins, try to be on then, thx	5
Báº¥m vÃ o	5
bantu sales	5
tk lop cheap	5
Relocate here	5
áº¤n vÃ o cá» Ä‘á». Xong ngay hÃ¬nh avatar cÃ³ dáº¥u cá»™ng áº¥n vÃ o	5
KRYPTONIAN MILITARY GUILD IS LOOKING FOR MEMBERS, COME JOIN A TALKATIVE AND EXPERIENCED LEADER	5
STM ITS THE RIGHT CHOICE .	5
Táº¡o group zalo Ä‘i Kha Æ¡i	5
in the vip and black market store you want to buy all time buys that cost money or ammo and just save them all	5
need at least 4/5 players come on guys dont be shy	5
Triá»‡u táº­p liÃªn minh	5
-4 member aktive, join aliance IDN and SOA minimun join power 100k!	5
ohhh so that how it is huh welp ya gonna go discord and message admin for gifts code lmao	5
Discord or Facebook page has code	5
I now need to accelerate the prop more, but it seems that the only solution is to charge money	5
Ned member aktive indo, join aliance IDN! berkembang bersama dan maju bersama!	5
Hey guys! New alliance, tons of room for opportunity to grow! Join now	5
Omzet sudah menembus 15M sebulan dan terus meningkat adanya kualitas dan signifikan buyer dari online	5
fun as hell guys ps5 ps4 xbox ect	5
Join mine	5
Äá»ƒ nhá» ae bÃªn vna do thÃ¡m	5
give me more gifts game !	5
KRYPTONIAN MILITARY GUILD IS LOOKING FOR MEMBERS, COME JOIN A TALKATIVE AND EXPERIENCED LEADER	5
The [SKS]Sacrakings is new alliance and now looking for members if you are interested in alliance you can join and you are officially welcomed here Th	5
https://zalo.me/g/ygntoa299 vÃ o nhÃ³m mai Ä‘Ã¡nh sÃ²ng bÃ i nha	5
DIRTY MONEY MAFIA RECRUITING ALL WELCOME	5
If u want fast...$	5
There are lots of prizes for the best Godfather. There are plenty of prizes for not being first	5
https://discord.gg/9h3x7M3j	5
cheeck support supermafia	5
gÃ³i cao chÃ¡t quÃ¡ mua gÃ³i 109 thÃ´i Ã´ng á»£	5
https://discord.gg/nRvKVdZ7	5
Well those that wont spend money will slowly slowly very slowly get there	5
just 3.99,I think it\'s unexpected	5
MOBILE LEGENDS BANG - BANG	5
Hello, everyone! I come from China. My name is Lili. Single woman 25 years old! I am lonely and I want to chat with friends and play games together.	5
looking for active players join us in 420 Kush420mafia name is required send us application or pm me and I will fill ya inğŸ˜±	5
bisakah seseorang untuk mengirimkan minuman keras,	5
Just pop packs up to buy	5
if you set up discord. join the games discord server. they have a channel on there to give out codes	5
Ad group	5
join us join stm	5
WJC5OLAW.     New gift code	5
i just wanna splash the \"join our alliance\" in the chat now and then	5
STM RECRUITING	5
Now the rewards are very generous. Come on, guys.	5
Indo join sini	5
any new codes??	5
Gift Code	5
JOIN ME N HELP ME GET TO THE TOP	5
already sending my peeps to you	5
80% giÃ u	5
Just 100$  you can be vip7	5
move your house	5
jdjfnf fffnğŸ˜˜ğŸ’‹ğŸ’ŒğŸ’˜ğŸ’	5
https://discord.gg/qrNYXDKT	5
Ã”bg chuyá»ƒn cho 3 láº§n nhÃ©	5
someone post our hive in city quick guy lookin for active	5
if you buy vip package 1 month, you can auto attack	5
Náº¿u báº¡n cáº§n má»™t liÃªn minh tÃ­ch cá»±c hÆ¡n.  Tham gia GST.  Nhiá»u hoáº¡t Ä‘á»™ng hÆ¡n vÃ  nhiá»u niá»m vui hÆ¡n.  Chá»‰ cáº§n hoáº¡t Ä‘á»™ng.  Táº¥t cáº£ cÃ¡c cáº¥p Ä‘á»™ sá»©c máº¡nh Ä‘á»u	5
he been sending me mail trying to get us to join gst	5
Its 8 month server.. just GNE and SAN are the only alliances left.. so join and grow well!	5
english players of all level and power come join kryptonian Military GuildServer 4, KRYPTONIAN MILITARY GUILD WANTS YOU!!!! MESSAGE GENERAL ZODKrypton	5
ayo hentikan reli dengan membantu kami casino	5
have you joined discord?	5
if you dont like levy.....it have purchase pack city supply	5
english players of all level and power come join kryptonian Military GuildServer 4, KRYPTONIAN MILITARY GUILD WANTS YOU!!!! MESSAGE GENERAL ZODKrypton	5
Our Infinite Diamond FactoryğŸ˜±	5
ya vip store has it	5
kamu online terus sampai 8 jam dapat emas 40 ribu	5
there is a 5 bucks one and a 20 bucks one. get the 5 bucks	5
Some gift packs are very cost-effective, which can improve a lot of combat effectivenessğŸ˜•	5
https://discord.gg/qtu8XNwfdD for discord	5
win vip 13 and level 25	5
MÃ  vay lÃ  pháº£i. Cáº¯t lÃ£i trÆ°á»›c 1 ngÃ y nhÃ©	5
Guys join me, bridge 1 open	5
Doing intel	5
looking for active players join us in 420 Kush420mafia name is required send us application or pm me and I will fill ya inğŸ˜±	5
Up to movie on YouTube from Funeral Kings for UpOnOne.com/	5
info join aliansi yang bagus kerja sama nya dong .mau join	5
guys want join discord server?	5
Tháº¿ giá» t Ä‘i thá»‹t tháº±ng Ã´ share full qÃ¢n háº£	5
co gi add group zalo a e chi choi	5
server 6 easy menggunakan nama duke	5
come over to dlc jaynuddy.getting ppl is rough i was lucky asi got fam.come join us	5
join in new playa*	5
You could come join SAN we are very active and will help you out	5
yeah gift codeğŸ™‚	5
cháº£ máº¥y chá»‘c thÃ nh tá»· phÃº	5
VIP 6 to open 1 more parade	5
f1s are recruiting. welcome and enjoy	5
I created an alliance too Search VeryLuckyGamers	5
Dá»¥ gÃ¬ cÄƒng tháº¿	5
Sons of Anarchy is recruiting active players 100k power and higher. come be part of our family and grow stronger together with us	5
Sea battle mei jaake .. left side click krke check kroâ€¦ usme mention hai rewards!! 20times khele ye ya jeete ye.. tb wo rewards hai!!	5
kasino sudah dibuka	5
Clik Ä‘Ã³ háº£	5
join fast	5
MÃ¢y all in dá»¡ nhÃ  nha	5
wish i remember some apps and sites to use so i get packs cheaper. i remember getting taught by Chinese player in mafia city	5
off 15p dá»n phÃ²ng	5
For $30-$50 a month you can be top 1/3 if this is something you enjoy	5
Supermafia onl	5
vÃ o tiá»‡m cáº§m Ä‘á»“ mua Ä‘iá»ƒm vip ná»¯a	5
bagikan pesan, siapa yang menyerang kamu broo	5
https://discord.gg/pHYvxUfs3F	5
Vip 6 shop you can buy	5
Hoáº·c mua nÃ³ trong cá»­a hÃ ng liÃªn minh nhÃ¡	5
ganjaoutlaws YouTube	5
looking for active players join us in 420 Kush420mafia name is required send us application or pm me and I will fill ya inğŸ˜±	5
Náº¿u báº¡n cáº§n má»™t liÃªn minh tÃ­ch cá»±c hÆ¡n.  Tham gia GST.  Nhiá»u hoáº¡t Ä‘á»™ng hÆ¡n vÃ  nhiá»u niá»m vui hÆ¡n.  Chá»‰ cáº§n hoáº¡t Ä‘á»™ng.  Táº¥t cáº£ cÃ¡c cáº¥p Ä‘á»™ sá»©c máº¡nh Ä‘á»u	5
Disana member GST merekrut andağŸ˜¥	5
looking for active players join us in 420 Kush420mafia name is required send us application or pm me and I will fill ya inğŸ˜±	5
No1 alliance	5
siapa tau beruntung	5
AGL looking for loyal and active members join today to become the best of the best	5
Your real money ğŸ˜‰ğŸ˜‰ğŸ˜‰	5
just inform all to give a like	5
join STM guys	5
If you are in a hurry to upgrade or increase combat power, you can use it	5
vá»›i gÃ³i tÃ­ch lÅ©y	5
looking for active players join us in 420 Kush420mafia name is required send us application or pm me and I will fill ya inğŸ˜±	5
Webcome hanoi cute city	5
HÃ£y tiáº¿t kiá»‡m táº¥t cáº£ trong tÃºi Ä‘á»ƒ tham gia cÃ¡c sá»± kiá»‡n	5
here have black friday pack?	5
JOIN (SCAR) TONY IS LOOKING FOR NEW FAMILY TO JOIN SCARFACE TODAY.	5
i deleted  that gift code.  could you please send	5
JOIN STM	5
ad	5
sÃ²ng báº¡c táº­n 10 ngÃ y láº­n mÃ 	5
https://discord.gg/cncHvK4k	5
sa jollibee sarap ang pasko	5
ayo lah ikut reli gaes	5
Everyone get new gift code	5
looking for active players required base 7 join us in 420 Kush420mafia name is required send us application or pm me and I will fill ya inğŸ˜±ğŸ˜ˆ	5
(TWP) THE WOLF PACK. Are recruting new blood. only requirement for now is choose ur own name & join were on open doors rite now. thank you & good game	5
Build your church and join us!  We will guide you! If you need any help!	5
NhatLong bao tao nhom zalo ma	5
tÄƒng tá»‘c vá»›i vali Ä‘a nÄƒng	5
numero	5
thnx,hey all thought I\'d follow ya over	5
Hit that casino!!	5
This BUD is for you! Join today!	5
JIKA KAMU INGIN MENDAPATKAN KEUNTUNGAN DI DALAM GAME , GABUNG BERSAMA ALIANSI *GHOST*	5
I\'ll kick it a long way	5
trying to make u spend money lol	5
Or a casino	5
https://discord.gg/cRgdwagJ	5
vÃ o táº­p há»£p sÃ²ng bÃ i láº¡i giÃºp nv anh em Æ¡i	5
iae parceiro manda u pix ai em dinheiro ğŸ’°ğŸ’°	5
that will be a 120% bonus	5
Ned member aktive, join aliance SOA!!!	5
i got room in my alliance	5
pm admin in discord if u want gift code	5
Ae hanoi comerrrrrreeeeeeeeeecomeeeeeeeee	5
https://discord.gg/jPUXrhNu	5
https://zalo.me/g/ygntoa299	5
masih ada 3 lagi , dan dia akan kehabisan stok klinik	5
hey todo that casino nearby expiring soon	5
https://discord.gg/VdGATdgQ	5
Xem add háº¿t ae zÃ´ nhÃ³m fb cho dá»…	5
I\'m serious... Top Godfather event is running.... I don\'t know what the stages of it are but pretty sure at the very least the last one will be kill e	5
looking for active players join us in 420 Kush420mafia name is required send us application or pm me and I will fill ya inğŸ˜±	5
invite player	5
Gift code below:	5
Philippines onlyyy	5
iklan d fb membuat ku tertarik download :V	5
which are DIS, DIE, BOP and GST alliance will always have your back. JOIN us	5
Tháº³ng lÃªn cÃ³ sÃ²ng nÃ y ngon nÃ y	5
vip13 for gold fragmentğŸ™˜	5
tÃ­ ná»¯a háº§u Æ¡i táº¯m rá»­a vÃ´ cty cÃ¡i	5
CÃ¡c a náº¡p 100 láº§n	5
free casino	5
let go with the top casino than	5
Yes, when there are activities to buy the gift package is very cost-effectiveğŸ˜™	5
cara promosi aliansi gimana dah	5
Discord Page	5
vip máº¥y thÃ¬ á»•n háº§u	5
Giáº£m Ä‘Æ°á»£c ráº¥t nhiá»u tÄƒng tá»‘cğŸ˜¥	5
Tá»« giá» Ä‘áº¿n chiá»u kiáº¿m láº¡i vÃ i m ngay Ã 	5
https://discord.gg/KCfP2cQF	5
RIKOï¼Œjoin STM discord community	5
If Youu Need a More Active Alliance. Join GST. More activities and More Fun. Just Be Active. All Power Levels Are Welcome. Join GST Now.	5
trai Ä‘áº¹p tÃ i chÃ­nh tá»‘t. kho tÃ­ch trá»¯ má»—i thá»© 3mil =]]	5
please donate on technology	5
Also if its just a game right normal. Why does amalia spend like $100 a week on it? I mean its a â€œFreeâ€ game	5
guys, want to join discord server or not	5
i open a transport company and first one i mean first pick for costumers i dont know if you get my point	5
If You Need a More Active Alliance. Join GST. More activities and More Fun. Just Be Active. All Power Levels Are Welcome. Join GST Now.	5
T lÃ m bÃªn tiá»‡c cÆ°á»›i - sá»± kiá»‡n	5
If you want to join STM and occupy the Capitol with us, please talk to me in private	5
english players of all level and power come join kryptonian Military Guild	5
Guys,I found a super costeffective gift packageğŸ˜ 	5
spend some gold and boost your church already	5
sáºµn sÃ ng chia sáº» cho báº¡n 10 máº£nh thá»§ lÄ©nh Ron Chau hahahaa	5
Äáº¡i gia Heywar mua mÃ¡y tÃ­nh ko? TÃ´i tÆ° váº¥n cáº¥u hÃ¬nh luÃ´n nÃ y	5
Äƒn 1 sÃ²ng bÃ i 300 vÃ ng	5
Looking For An Active Alliance? Join The Mafia Today!	5
to join a better alliance of course	5
or vip giftpack ella shaw..	5
há»‘t xÃºc mÃºc thoáº£i mÃ¡i	5
share xem vá»›i	5
Quáº£ng cÃ¡o lÃ  chÃ­nh	5
lÃ m cÃ¡i group zalo Ä‘á»ƒ tiá»‡n cÃ¹ng nhau chÆ¡i	5
sekarang kau kontek amelia suruh bagi bagi gajihanğŸ˜¥ğŸ˜¥ğŸ˜¥ğŸ˜¥	5
https://discord.gg/B3FspHpZke	5
gift code	5
Welcome to my chanel gys	5
cÆ¡ há»™i ngÃ n vÃ ng	5
I bought some of the Eva Lynn Beauty packs. That\'s why I look so big.	5
If You Need a More Active Alliance. Join GST. More activities and More Fun. Just Be Active. All Power Levels Are Welcome. Join GST Now.	5
If You Need a More Active Alliance. Join GST. More activities and More Fun. Just Be Active. All Power Levels Are Welcome. Join GST Now.	5
Just click the link	5
XÃ i tÄƒng tá»‘c	5
10k free gold	5
VÃ´ Ä‘i Ã´ng, náº¿u ko sá»£ bá»‹ no1 bem trá»™m :))	5
oh ya im a no pressure salesman. door is always open. if you join great if not hey your still in world chat most dayz	5
Welcome to my channelll	5
pag may gold ka.level up mo maganda din benefits niya	5
It\'s better to join GST. We have a lot of resources	5
DY9DW1AVTAS2C	5
https://discord.gg/x2c9PjC8	5
You\'re welcome. You can join GST when your combat power reaches 60000ğŸ˜¤	5
anda bisa memindahkan kota di sini bergabung dengan keluarga NO1 mungkin lebih baik	5
di sini masih banyak kasino yang belum di miliki	5
todo you have discord? jump on the bsm discord! all members welcome	5
if you want to be friends with PINK, don\'t forget to join SOA, only 100k power can enter :v	5
join my team Guys	5
GIFT CODE : YQ4JPM5U	5
Cho link náº¡p game	5
8	5
g cÃ³ gÃ¬ e mÃ¡ch cÃ¡c bÃ¡c ngay	5
This is a good way to earn free resourcesğŸ˜‘	5
https://discord.gg/TkNnZtc9	5
Only if you pay monthly ğŸ™ƒ	5
right here dlc	5
If You Need a More Active Alliance. Join GST. More activities and More Fun. Just Be Active. All Power Levels Are Welcome. Join GST Now.	5
atlast vip up	5
anong gift codes dito	5
join amp	5
looking for active players join us in 420 Kush420mafia name is required send us application or pm me and I will fill ya inğŸ˜±	5
looking for active players join us in 420 Kush420mafia name is required send us application or pm me and I will fill ya inğŸ˜±	5
Donation, donation and donationğŸ˜©	5
join discord chá»¥p láº¡i liÃªn há»‡ ngÆ°á»i quáº£n lÃ½ discord Ä‘Ã³ nÃ³ cho code	5
https://zalo.me/g/vdyhxu344	5
looking for active players join us in 420 Kush420mafia name is required send us application or pm me and I will fill ya inğŸ˜±	5
saya akan meladeni BSM di obrolan dunia ğŸ˜¥	5
Tons of reward	5
you can call yqq	5
GIFT CODE : 2ZVRD0K8	5
Looking for a pest service	5
STM ITS RECRUITING GUYS	5
https://discord.gg/uZej5y2g	5
looking for active players join me in 420 Kush420mafia all welcome	5
JOIN SMT By. THE WAY	5
STM RECRUITING ğŸ˜±ğŸ˜±	5
try that gift code	5
Add zalo 0326203103	5
Join us on a magical ride	5
And casinos	5
looking for active players join us in 420 Kush420mafia name is required send us application or pm me and I will fill ya inğŸ˜±	5
KÃªu gá»i ae zalo Ã½	5
semoga yang lain juga bisa ikut pindah kesini	5
Kryptonian Military Guild, we are alien but we are unique come join	5
boys click on that	5
Can someone send petrol for me...? lol	5
Náº¿u báº¡n cáº§n má»™t liÃªn minh tÃ­ch cá»±c hÆ¡n.  Tham gia GST.  Nhiá»u hoáº¡t Ä‘á»™ng hÆ¡n vÃ  nhiá»u niá»m vui hÆ¡n.  Chá»‰ cáº§n hoáº¡t Ä‘á»™ng.  Táº¥t cáº£ cÃ¡c cáº¥p Ä‘á»™ sá»©c máº¡nh Ä‘á»u	5
it ways fast. the inviters offline now	5
https://discord.gg/bHPQ23RB	5
JOIN ME IN MY CLAN	5
se andai nya L5 on, suruh dia mengubungi aku lewat PM	5
join STM if you guys want improve your power combat	5
Very active alliance looking for new members! New Members will recieve high ranking, and great daily rewards	5
Join my alliance and i will take you to the top	5
nÃ¢ng vip nhiá»u cÃ¡i lá»£i	5
5â€™ sau tiáº¿p sÃ²ng ná»¯a. Ae mang 50k thÃ´i. Ai vÃ o sau tháº¥y Ä‘Ã´ng r cho 1k cÅ©ng Ä‘c	5
dating with any beauty, find it breakthrough item in daily mission or game with beauty for increase level of a beauty bro ğŸ˜‘ğŸ˜‘	5
cho giao thÆ°Æ¡ng nhanh chÃ³ng	5
tuyá»ƒn dá»¥ng thÃ nh viÃªn sá»‘ lÆ°á»£ng lá»›n	5
GIFT CODE : SWC7LXLQ	5
NEW GIFT CODE	5
https://discord.gg/VdGATdgQ	5
Interested?	5
(TWP) THE WOLF PACK. Are recruting new blood. only requirement for now is choose ur own name & join were on open doors rite now. thank you have a grea	5
yang open member invite saya :)	5
Má»i anh em vÃ o bang.	5
PTG02ASP giftcode	5
Partners, Island war registration is open. You can get great rewards for participating in the battleï¼ But you need to level up the BOSS villa to level	5
SÃ²ng báº¡c Ä‘i thÃ´i	5
ChuyÃªn sáº£n xuáº¥t cave	5
I think we can take over this casino, what do you think?	5
KRYPTONIAN MILITARY GUILD IS LOOKING FOR MEMBERS, COME JOIN A TALKATIVE AND EXPERIENCED LEADER	5
Please join TNM on server 4 im leader there	5
VocÃª crescerÃ¡ rÃ¡pido aqui amigo	5
-1 member aktive, join aliance IDN minimum power 100k!	5
only thing they post is recruiting messages	5
æˆ‘åœ¨ç¾åœ‹ï¼Œä¾†å•Š	5
If You Need a More Active Alliance. Join GST. More activities and More Fun. Just Be Active. All Power Levels Are Welcome. Join GST Now.	5
hoping Santa  brings me a google gift card lol	5
english players of all level and power come join kryptonian Military GuildServer 4, KRYPTONIAN MILITARY GUILD WANTS YOU!!!! MESSAGE GENERAL ZODKrypton	5
Iya tinggal click diatas	5
KRYPTONIAN MILITARY GUILD IS LOOKING FOR MEMBERS, COME JOIN A TALKATIVE AND EXPERIENCED LEADER	5
cho vay náº·ng lÃ£i	5
Game kiá»ƒu nÃ y ko cÃ³ kÃ­ch náº¡p thÃ¬ Ã­t ngÆ°á»i náº¡p láº¯m	5
1 million diamond is 8 hours for me on factory diamond	5
BÃ¡c chÆ°a cÃ³ cÃ´ng nghá»‡ Ä‘Ã o vÃ ng	5
Everyone in your Alliance has got 2000 gold bars, 20 hours acceleration and five black gold cardsğŸ˜©	5
NEW GIFT CODE:QWPNJIAH	5
vip boxes are also very very good value and start from as small as 95p	5
Enter Alliance Territory to claim free resources.	5
nanti bos join discordnya	5
gunakan Item Relokasi agar kamu bisa dekat dengan kami di sini	5
JUST SO U KNOW BETTER JOIN STM	5
gift code	5
è¿™ä¸ªæ˜¯æˆ‘ä»¬è”ç›ŸDiscordçš„ç¾¤èŠï¼Œå¤§å®¶éƒ½å¯ä»¥åŠ è¿›æ¥èŠå¤©ğŸ˜‘	5
peaches plz download, need women pwr over there lol	5
Zoom báº£n Ä‘á»“ lÃªn tháº³ng tá»›i cÃ¡c sÃ²ng báº¡c	5
i believe these casinos will help us a lot	5
káº¿t báº¡n Zalo vá»›i mÃ¬nh Ä‘i Jakie	5
LÃ£i xuáº¥t nhÆ° gÃ¢n hÃ ng	5
https://discord.gg/pn9WCUQcBw	5
FIX, are you upgrading your VIP everyday? Little Red Dot in VIP next to your player profile picture.	5
GIFT CODE : MROVP8IG	5
up and coming new hip, better than yesterday, Japanese Pop	5
vip 4 get 300 vip 6 get 500	5
here have premium hero that only available with real money?	5
looking for active players join us in 420 Kush420mafia name is required send us application or pm me and I will fill ya inğŸ˜±	5
KRYPTONIAN MILITARY GUILD IS LOOKING FOR MEMBERS, COME JOIN A TALKATIVE AND EXPERIENCED LEADER	5
There are many casinos with very attractive bonuses	5
Kik vÃ o thÆ° rá»“i bÃ¡o cÃ¡o	5
speed up building	5
join VNS or STM ğŸ˜†	5
+ bensinnya juga kosongğŸ˜™ğŸ˜™	5
untung vie kasih panggung untuk badut yang menghibur game ini	5
CÃ¡i sÃ²ng bÃ i khoáº» kÃ¬a	5
