do i get her for the money	9
2 akun 1 hp	9
And I told you I will give you a high level account to play and forget	9
Do not delete the game, I promised to give you a city level 25 account	9
Normally account like mine goes easy for 2500 to 3k	9
may i send my account number to you, win?	9
cÃ³ mÃ¬nh Ã´ng heywar cÃ³ rl 800k	9
I want zeroid his first account kingsyuna.. not this...	9
Pay accğŸ˜¥ğŸ˜¥ğŸ˜¥	9
Hi guys, im fully leaving this game as i have no time.. does anyone want my account? I have 20,000 gold here and loads of rss	9
ada yg mau akun ini gk	9
I bought the account from his friend named Bella	9
i wanna switch acc	9
saya menjual akun ini jika minat hubungi saya	9
matching after 100 years	9
I\'m trying to get in touch with Son in law bc he can get her account	9
Ä‘Ã¢y Ä‘c 842k Ä‘áº¥y	9
I want to ask is this game anyone buy nick or something	9
i have prewcher and black mist as well	9
Fruit hit matching bro	9
x10 account fags	9
It was like...if you had 1 million gold what would you do with it? I should have answered, sell my account.	9
akun sing jeneng kris mbok due keris bro	9
If you are looking for a good account , own 35 babes , Supreme armor , and warlord	9
lu jual akun apa jual motor bro.. kocak lu ğŸ˜©	9
Im looking for my ipad.  Might build a few more accounts	9
RÃºt háº¿t vá» Ä‘i	9
ai cÃ³ acc nÃ o bá» cho xin vá»›i áº¡	9
Te boga akun tuyul mah ripuh mang, kade weuh nu masok SDA,	9
wes liren aee, duwe akun utama 4 full power, 12 akun farming	9
Nao xin Ä‘c acc ai thÃ¬ lÃ m acc phá»¥	9
T cho acc con sang no1 Ä‘Ã¢y	9
Rá»“i gá»­i cho acc chÃ­nh	9
Ä‘x	9
ut yeah let me know if you try kiss of war and if you want my account there	9
bang boleh aku msukin akun tuyul pnya ku 1 lagi ke sini?	9
Tru Thue con co 480k ah	9
if you like it I can give you my 35m HQ25 there	9
ok	9
not young forever	9
Itu akunku bro yg aku sharelok	9
Kayanya dibeli akunnya	9
T kb rá»“i Ä‘Ã³ fb t lÃ  Ä‘á»©c huy áº¥y	9
its against the terms of service to sell your account. ill send a screen shot to gm and we will be done with you	9
hi chaos	9
One acct is good for me	9
VÃ£i cáº£ mod	9
Trying to sell my other game account after this last global event	9
lissa lissa Mantan SOA, pindah ke No1 alasan akun ya di jualğŸ˜¥	9
DÆ°á»›i 500k thÃ¬ Ä‘áº§y ngÆ°á»i  láº­p Ä‘á»™i Ä‘Æ°á»£c	9
I have an offer ClayMorrow I send you a message give me moment	9
ai cÃ³ acc phá»¥ mang qua no1 dÃ² Ä‘c Ä‘á»‹a chá»‰ nÃ³ thÃ¬ ngon	9
Giá» thÃ¬ chÆ¡i táº¡m tÃ i khoáº£n cá»§a Jackie hehe	9
apakah ada yang menjual akun ?	9
i got 2 accounts now. i freely admit it	9
bÃ¡n tÃ i khoáº£n 50$ğŸ˜™	9
Acc lÃ  tÃ i khoáº£n :))	9
Ada bro.. akun ku mau jual 20jt mau?	9
ya saya sdah membeli akun ini dari brutal terus apa yang salah	9
discord is restricted? really?	9
T cho ná»‘t nik con kia cho Ä‘á»§ fulo	9
Hiá»‡n táº¡i saver 4 tÃ´i cÃ³ 2 acc . VÃ  saver 7 cÃ³ acc nÃ y	9
ada yang mau akun aku? aku kasih. udah level 19	9
enggak gwe apa apain ganti akun doang	9
Durkio did it not me i was going to sell him my account but he aint never cash app me and i got my account back like 30mins ago why would yall hit my	9
13p kÃ¬a cho quay Ä‘áº§u	9
Im John Gotti there . Changed my name to for sale 1st 1k	9
Give me two or three days and I will give you the account	9
if he wants to see the number 1 next to his name for $500 let him. I\'d just do as I mentioned before.... write it on a piece of paper	9
acc nÃ³ tiá»n ko	9
2 acc	9
teu ngarti aink mah kumaha	9
Jual beli akun?ğŸ™„	9
BÃ¡c hey khÃ´ng biáº¿t cho ai chÆ¡i acc cá»§a bÃ¡c Ã½	9
yang mau akun ini chat pribadi ok. byeeeee	9
Samson desculpa mas precisaria de 1 nv 80 vip 15 e uns 4 nv 55 vip 8-10	9
mera koi account lega	9
Btw akun ml gw ku jual. Ada yg mau beli?ğŸ˜¥	9
just bought this acc	9
láº¥y acc chÃ­nh Ä‘Ã¡nh acc clo	9
account 2 Miracle	9
mungkin aku juga akan menjual akun game ini, ada yang minat guys _?	9
buy suzi	9
saya menjual akun ini jika minat hubungi saya	9
kiáº¿m acc Clone dap no	9
Does any of you want this account!!	9
sold my acc	9
i accept monthly payments as well with a 1000Â£deposit	9
hi @å¹³å‡¡äºº	9
ai muá»‘n tÃ i khoáº£n nÃ y nháº¯n tin tao Ä‘á»ƒ láº¥y	9
k Äƒn sÃ²ng Ä‘Ãºng k	9
ad akun lain gak selain ini	9
I feel like i should have a farm acct now. Bad do you have another acct too ?	9
How will we hold a Rally to beat Aschiles to death?	9
menunggu tele..bosss	9
akun tuyul mah gampang gak usah ikut juga modal emas aja dapet itu	9
What do you think of selling my account?	9
k cÃ³ acc xin Ä‘Ã¢u	9
Darklord cÃ³ rl 500 nÃ¨	9
Cake offers two accountsğŸ˜ 	9
I sold my mafia city account for Â£2500	9
any body looking tobuy an account..am gonaa quit due to a family issue	9
Yui Ä‘á»•i co VN Ä‘i e	9
I refuse to accept that offer amlia	9
05.44.09	9
real account?	9
liyer lah te bisa ngasupken akun tuyul, didiye mahğŸ˜	9
akun tuyul?	9
nah itu sayang akun ya kalu dia pensiunğŸ˜	9
Äá»ƒ outnzoo láº¡i coi	9
I have an account there if you want me to spend some money on it	9
silahkan beli akun saya ini ehhe	9
Someones asking me to buy there accğŸ˜­	9
Tráº£ tháº±ng kung cho ng khÃ¡c vÃ´	9
I\'ve been playing this game for a long time, but I gave my account to my friend	9
bang boleh aku masukin akun pnya ku 1 lagi	9
grim just said he selling his account	9
lÃ­h láº¯m tháº¿	9
Do u have more than one account on that game marcus ?	9
Äá»£i sá»± kiá»‡n Ä‘i cÃ¡c báº¡n . Äá»ƒ tÃ´i chuyá»ƒn acc kia cá»§a tÃ´i sang bÃªn nÃ y rá»“i táº­p há»£p Ä‘Ã¡nh anh ta	9
bang ada akun rise of mafia yg gak kepake?	9
but id love to borrow his account for a spin lol	9
I sold my maxed account In mafia city few years back	9
that true	9
i sold the account and made money so that was a win	9
some of them lmao...then he saying he selling his account ğŸ˜™ğŸ˜™ğŸ˜™ğŸ˜™	9
tháº±ng vertical kinh tháº¿ 15 triá»‡u rá»“i	9
TÃ´i cÃ³ 1 tÃ i khoáº£n 80m vÃ  tÃ´i Ä‘Ã£ bÃ¡n nÃ³ khi tÃ´i káº¿t hÃ´n	9
QÃ¢n tháº±ng super mafia 450k t4	9
Selling my account on my other game to focus here more	9
My service 4 account has this capo	9
Hopefully my account sells today and can start investing here	9
acc Ä‘áº¥y lÃ  acc clo cá»§a tá»¥i no1	9
t rl Ä‘c 620k Ä‘Ã¡nh cho Ä‘á»¡ táº¡ tá»‘n	9
toi chuyÃªn dan.  cho  beo rá»“i	9
Ok you got the cash now	9
I have two account in server 4  best server is this server have two account in one alliance	9
máº¥y  cÃ¡i  kia lÃ   mua Ä‘á»ƒ  Anh Ä‘á»•i  ak	9
yang saya tau yağŸ˜‘	9
gst acc 100% want to delay safehouse occupation	9
acc	9
Iam ready but I can play with one of my account either Dipti or Shruti	9
Má»™t acc táº§m 1m5 cháº¯c cháº¯n Ä‘á»§ quÃ¢n Äƒn 4 má» 4 cÃ¹ng lÃºc	9
He said he wanted it the account so i gave it to him then he didnt want it so i took it back from him	9
I will ask my friend to manage this account for me	9
in SoS i sold my account for Â£5,000. then i got refunds on all packs. i spent round Â£15,000 on there	9
no lose for me with SoS, i made Â£5,000 from selling my account	9
I need to keep hunting for games . If i leave will bind this account to someone email if they want this account .	9
Valeu LEAF se quiser mandar nv 2	9
they still have the same name they\'re at Tier 2	9
I would say around $10,000 minimum	9
see I can keep this account dead then bring my others to back to BSM funded by xcx and No1	9
sepertinya akunnya di beli orang san	9
add aja Quxxyy. aku bantu push pakek akun mitic romawi	9
Tau tu galiat lg akunnya kemana dia	9
serangan bagus YogaBob	9
this account has everything	9
game bocil trnyata	9
KhÃ´ng dÃ¹ng thÃ¬ Ä‘á»ƒ ae dÃ¹ng há»™	9
ae nÃ o cÃ³ acc clone k	9
Acc  clone cá»§a t bá» 40 ngÃ y cÅ©ng Ä‘Æ°á»£c 9m rá»“i	9
I have a few accounts in 6 trying to bring here	9
baik baik saja	9
anyone is interesting to take over my account? I will probably quit in a couple of days.	9
clone account	9
akun ini gua FULL Dep	9
account 2 Miracle:)	9
Then purchase use this acct	9
