if anyone can please send rss to thea she needs for healing ty	8
minta sumber daya dong	8
beli pake gold bro di alfamart banyak.. ğŸ˜©ğŸ˜©	8
i need green resources and money one million each	8
Replace with gold capo as you get them	8
resource selalu kurang  bro, untuk membangun villa ke level 23 bro	8
Bom domingo Ã  todos	8
need more resource ğŸ˜€	8
Correction alcohol. Little to no money	8
disini murah bro, 1 atau 2 dollar sudah bisa dapat 2 atau 3 bungkus rokok bro	8
mua 250 vÃ ng 2 ngÃ y	8
Ae cÃ³ rl ko t rl cho 740k	8
i need cash and bombs	8
from the black market	8
200k	8
buy extra supply crate for cash or ammo whenever you see 8n the black market store and save them up	8
where can i attack i need to loot alcohol?	8
jika mau dengan sekejap mata saya bisa, tapi saya sayang uang	8
Ä‚n Ä‘á»ƒ láº¡i 1 vkl	8
mau 2jt bro	8
is it\'s possible for anyone to share his game money ğŸ’° with me actually i need some money	8
Well awe agree deal! You work for me, every month I give you $50 for collecting resources lol?	8
by the way. any you guys need resources ? i accident cashed lots in. happy to help supply. let me know what you need of and i sort something	8
for harley i have 5 more	8
Xe t cÃ³ 60k	8
saya tukar dengan berlian	8
i need a ton of rss for villa 22	8
need rss for villa 18	8
a Ä‘Ã£ cÃ³ nháº¯n mail nÃ³i dá»n clan YKZ rá»“i mÃ . tháº¥y cá»© bem láº¥y rss Ä‘i Ä‘á»«ng ngáº¡i ná»¯a	8
25600Ä‘ 1 lÃ­t. Ä‘ang ráº» tranh thá»§ Ä‘áº§y bÃ¬nh Ä‘i	8
anyone can donate some  gems ? villa 23 i want to build	8
i have 40x500 and  300x100 gasoline	8
kamu belum mengirimkan aku sumber daya beb	8
I need money	8
ada gudang aliansi kamu hanya tinggal kirimkan sumber daya kamu ke sana	8
sÃ³ tenho 6,566 de ouro	8
I need 1.2million in alcohol please	8
idk, maybe, ill prob buy some gold soon	8
Come get your diamonds guys	8
all my rss	8
7 mil ammo 1.5 diamonds	8
how much that price?	8
Free resources for your newer acct	8
Má»—i thag 15k thÃ´i	8
yeah yeah I need 42,000 gold, hahaha	8
:((	8
Ã”ng nÃ o mua cá»§a hÃ ng liÃªn minh bÃªn dÆ°á»›i áº¥y	8
I need money for this game ğŸ˜™ğŸ˜™ğŸ˜¥	8
Anyone need resorcies	8
âˆ rss	8
Where can I get alcohol?	8
duke u have some alcohol	8
need  Rss ğŸ˜³	8
1m lÃ­nh khÃ´ng lo	8
Cháº¯c p gom má»—i loáº¡i 5-60m	8
sure	8
Mua thÃªm exp tÆ°á»›ng	8
470k lÃ­nh nhÃ© ae	8
wow sumber daya nya	8
25 for biker and rest 17	8
mua xÄƒng á»Ÿ tiá»‡m cáº§m Ä‘á»“	8
pack of resources	8
Äáº¯t vcl	8
mua shop vip	8
i need resources as well	8
only buy with gold or buy privilase giftpack for fast to get it	8
GiÃºp tÃ´i má»™t Ã­t tÃ i nguyÃªn Ä‘Æ°á»£c khÃ´ng	8
MÃ  cÃ¡i buÃ´n láº­u á»Ÿ Ä‘Ã¢u sao tÃ¬m k Ä‘c	8
NhÃ  nÃ y 64k	8
yeah 600000 for our third	8
bagi sedikit uangmu ğŸ˜£	8
Äƒn ko háº¿t a e quay láº¡i Äƒn ná»‘t cÅ©ng dc mÃ 	8
Do you have enough alliance coin to buy?! I can put them out but you might not have enough to buy	8
Post where resourse are better please	8
I\'m running out of resources	8
Dm 1 láº§n 50k	8
kamu bisa bagi resource seperti uang, amunisi, minuman keras dan berlian	8
300k only boss...pls don\'t zero meğŸ˜	8
WhiteLotus needs some rss, if u guys have some, pls send, THANKYOUU !! i appreciate that	8
For buying many speed up items	8
and other resources that i can.	8
Comprei escudo 24 horas tambÃ©m	8
Pawn shop has 24 for 1k gold.	8
geus beres z, aman resource mah	8
Äang xem ku nÃ y cÃ³ rss k. Bá»n soa nghá»‰ háº¿t r. Ae do thÃ¡m thoáº£i mÃ¡i. CÃ³ rss thÃ¬ cÆ°á»›p	8
urgent requirement of 15m cash n ammo & 7m alcohol & 5m diamond for upgrading castle	8
cÆ°á»›p Ä‘Æ°á»£c nhiá»u ko	8
CÃ²n. 15 nghÃ¬n ná»¯a	8
emmm what are you doing HuyVip with our foundss	8
i need 100 million alcohol	8
i take like 20 mil rss or more these 2 days	8
anyone got spare liquor lol	8
Ğ¢Ğ¾Ğ²Ğ°Ñ€Ğ¸Ñ‰, Ğ¼Ğ½Ğµ Ğ½ÑƒĞ¶Ğ½Ñ‹ Ğ·Ğ¾Ğ»Ğ¾Ñ‚Ñ‹Ğµ ÑĞ»Ğ¸Ñ‚ĞºĞ¸	8
1 tiáº¿ng Ä‘c 1k2 Ä‘áº¿n 1k5 tuá»³	8
gua cari rss yang kayağŸ˜¥	8
b cho Ã­t quÃ¢n vÃ´ láº¥y má»	8
4m8 tiá»n vá»›i 4m8 thuá»‘c	8
how much oil do you have? we are 5k difference	8
Cáº§n doi Äan láº¥y Äá»“ uong sá»‘ luong lon day	8
Pp ae	8
Anyone need alcohol	8
nÃ³ láº­p nick cÃ y cung cáº¥p rss	8
100 vÃ ng bÃ¡c Ä‘á»‹nh bao nhiÃªu lÃ­nh Ä‘á»ƒ Ä‘Ã o	8
and i need 5000 each....	8
Sang Ä‘Ã¢y ae yáº¿u thÃ¬ táº­p káº¿t láº¥y rss	8
90m rss needed right pete brother?	8
vÃ i tÃºi Ä‘á»“ cÃ³ Ä‘áº¥y Ã´g	8
how much	8
I only need resources and I dont need their beauty	8
Can anyone use any rss id rather share with us than get taken by some asshole	8
900k alcohol for villa 23	8
LÃ  cÃ³ rss	8
g e bay vá» cÃ¡i marker sao vÃ ng	8
Famr háº¿t sÃ¡ng mai trÆ°a mai t gá»­i cho	8
anyone can donate RSS to me ?	8
Há»i xem mua gÃ¬. K mua háº¿t Ä‘iá»ƒm Ä‘áº¥y	8
give me 1 level 5 base	8
Rss Ä‘Ã¢u	8
cwsh amo and alcohol its all 22  only the diamonds factories its not 22 because they freaking expensive	8
buy vip shop	8
i got a shitload of rss exposed	8
MÃ  cá»¡ táº§m 5,6m	8
if you need any rssï¼Œplease let me know	8
i need some resources, can anyone help me?	8
Yeah. I have extra resources if ya need any.	8
Ship hÃ ng Ä‘Ã³	8
Still got capo can send	8
Sáº¯m vÃ ng Ä‘eo Ä‘i lÃ  vá»«a	8
Tá»‘n bao tiá»n náº¡p vÃ o Ä‘Ã³	8
Ai gáº§n soi cu nÃ y xem cÃ³ rss k. CÃ³ bÄƒm luÃ´n	8
K cÃ³ tÃ i nguyÃªn	8
Wtb 500 golden skulls	8
mai cÃ y	8
1m5 mua Ä‘c thuá»‘c thÃ´i	8
2.4 mil alchohol and 1.2 mil gems for level 18 police station	8
buy teleport whenever you see them, always available in black market and vip.	8
Do you have any property to sell	8
Mua cÃ¡i nÃ o	8
need a target for gem. haha	8
I can purchase this bikerâ€™s beauty lol	8
65m táº¥t cáº£	8
Má»—i loáº¡i 2 m hÆ¡n r Ã½	8
NÃ³ náº¡p buff tÆ°á»›ng. Tháº±ng kia náº¡p mua quÃ¢n	8
CÃ²n cÃ³ 20k vá»‡ sÄ© ko Ä‘á»§ 35k :((	8
Äá»ƒ t rl 800k	8
Hay t up nhÃ  cÃ´ng lÃªn 800k nhÃ©	8
ÄÆ°a cho 100 gold	8
sure. bring me the money then i will buy	8
thá»‰nh thoáº£ng Ä‘Æ°a lÃªn cho má»i ngÆ°á»i mua chá»©	8
how much	8
Spent	8
Äi gom tÃ i nguyÃªn gá»i lÃ­nh thÃ´i	8
can i get some resources?	8
tolong kasih aku uang 3m sama amunisi 3m juga	8
K cÃ³ rss	8
beli di alfamidi banyak bro	8
duite kurang, butuh akeh 3M uang 3M amunisi	8
ada yang punya Rss lebih ng, nanti gua balikin klo aku dah punya pasti gua balikinğŸ˜¢	8
thÆ°Æ¡ng 40k :)) táº¡ tá»‘n k nhá»‰ ae	8
I\'ll trade 100 t 1\'s for them :)	8
chÆ¡i trÃ² lords mobile Ä‘Ã´ng mÃ  cÃ¡i gem kiáº¿m bÃ¡n Ä‘c tiá»n cÆ¡. game nÃ y vÃ ng k bÃ¡n Ä‘c	8
disini murah bro, karena negara indonesia banyak sumber daya tembakau banyak bro	8
You want resources of any kind, brother	8
need diamonds and alcohol lol	8
buy 8 hours bb in black market	8
vc 1 má» 10 vÃ ng	8
Ã´ng mÃ¢y tg mua Ä‘c vá» sÃ i mua vá» dual sá»± kiá»‡n	8
collection of ammo money, beverages and diamonds	8
i will need 90 million each for villa 25	8
HÃ ng thá»­a tn bÃ¡c Æ¡i	8
it all =17 million of each resource	8
maaf bro saya hanya bisa mengirim sedikit saya juga butuh rss	8
150k t4 Ã¡	8
mua Ä‘á»“ clan Ä‘Ã³ háº£ ?	8
ai mua máº¥y cÃ¡i  tt chi ko biáº¿t	8
Brother!! Can I get a help of 200k or 300k gems if you have!!	8
If you want to join our mafia it only need 50k	8
25m thrive needed seriously	8
buy gold	8
and i am thinking to buy pack of rss	8
up lÃªn máº¥y cÃ¡i lv17 toÃ n 1 cá»§ rÆ°á»¡i rss	8
Ae all in phÃ­a cáº§u nÃ y 1m5	8
I will give resources for you	8
The intention to buy a free 10-minute building speed up at a price of 32K Rupiah, uh, is said to be insufficient	8
CÃ³ j gá»i zl. Äang vÃ£ rss quÃ¡	8
I know guys who spend minimum Â£10000 per week ğŸ™‡	8
guys i need 200k cash please?	8
I made an example for you of what to buy in the black market store, buy items with ammo and cash. these specific ones.	8
CÃ²n cÃ³ vÃ ng mÃ  mua	8
tapus hanpin mo ma kikita mo yon don	8
Estou sem combustÃ­vel	8
70 cÃ¡i vcl á»Ÿ Ä‘Ã¢u da 5k vÃ ng mÃ  mua	8
T mua tÃ­ch á»Ÿ chá»£ Ä‘en	8
anyone have liquor they can spare me?	8
saya hanya tinggal hitman dan gunman, sangat butuh banyak sumber daya meningkatkan ke level 3	8
yup need all the bigs if possible	8
chá» Ä‘á»§ vÃ ng r vá» khu lm váº­y	8
3m each rss..ğŸ˜¥	8
give your position I will give u some resources	8
i want to buy	8
t náº¡p r up con nhá» con gÃ¡i Ä‘á» luÃ´n Ã¡	8
Black market is open.	8
Do have oil?	8
ok i sent you 400k more whisky	8
capo fragments for 6 starred capos.	8
give me some resource boss	8
55 mil cash 55 mil amo 25 mil alcohol  and 16 mil diwmond for villa 24....	8
600k	8
Bcause i need rss	8
560k chá» ae	8
cho 4 von Ä‘i fam vÃ ng tay ltuc vlin :))	8
Äƒn má» vÃ ng nhanh vÃ£i Ã´ng áº¡ :))	8
So the alliance ends and those resources look tasty. ğŸ˜ ğŸ˜ 	8
I need 4.6 million  in money and 7.4 million in ammo	8
saya mau up vila bos ke 16, tetapi saya kekurangan sumber dayağŸ˜	8
Cash	8
Cá»­a hÃ ng vip bÃ¡n 500k Ä‘Ã³ giÃ¡ 165v tÆ°Æ¡ng Ä‘Æ°Æ¡ng 3 phÃºt farm vÃ ng	8
H fam rss lÃªn cÃ¡i nhÃ 	8
Mua cÃ¡i Ä‘áº§u lÃ¢u mÃ u vÃ ng	8
i got that gokd city supply salty	8
t bay chá»— khÃ¡c rá»“i	8
I need money ammo and gems please and thanks	8
if you need help rss just ask wegot you	8
Nay mua 7 lÆ°á»£t náº¯m tay tá»‘n vÃ ng vc	8
and 40 million cash and amo?	8
ask for the resource of four hundred blue diamonds	8
Máº¥y tháº±ng Ä‘Ã³ cÃ³ nhiá»u rss ná»¯a cÅ©ng cháº³ng Ä‘á»ƒ lÃ m gÃ¬. LÃºc nÃ o tiá»‡n ae láº¥y sau	8
LÃ m nháº¹ cÃ¡i gÃ³i 100$ kia dc 50k vÃ ng	8
2tr3 Ä‘áº¡n kÃ¬a :))	8
Gom xÄƒng cho tuáº§n tá»›i thÃ´i	8
you are a pro for gold	8
1h cÃ²n 40 cÃ¡i	8
i need resource please help me	8
Wts seriously	8
I bought 2 safehouses right next to each other	8
10 emas x 10tambang emas kan lumayanğŸ˜¥	8
Ráº» chiá»u thÃ´i	8
gonna sell my coffee shop and get villa 26	8
check black market store, you can buy with money or ammo	8
bang gw mau jual musang nh bang minat kga bang ğŸ˜‘	8
apakah anda sedahg ulang tahun makanya membagi sumber daya kepada saya	8
Dang 12M each	8
Báº¥m vÃ o nÃ¢ng cáº¥p, rá»“i nÃ³ sáº½ gá»£i Ã½ bÃ¡n, mua cÃ¡i gÃ³i nhiá»u cÃ¡i Ä‘c ráº» hÆ¡n mua shop	8
i bought 2 packs of rss and still dont have enough for villa 21...	8
sell jeruji besi	8
win asking for resources may or may not need ammunition and one million each	8
má»Ÿ t3 cay Ä‘áº¯ng thiá»‡t, 1.5m má»—i loáº¡i	8
unlocking buildings or the events buying packs is the only way	8
Alkohol 500k diamon 400k	8
Cá»© 800k thÃ¬ bá»n 3m cháº³ng chá»‘ng cá»± Ä‘c bn	8
400d Ä‘c 20k exp	8
i can understand w Virginia better	8
aku membutuhkan sumber daya untuk menaikan vila	8
if somebody have some alcohol and diamonds to spare that would be nice help for me	8
amunisi dan uang bro	8
bisa membeli pakai uang?	8
Nhiá»u vÃ ng quÃ¡ ae	8
i need the rssğŸ˜¥	8
Fulll rss chÆ°a	8
I hate to ask but anyone got spare rss so i can get this m16 done gathering takes its time and I got 9hrscto make 130k power to get perma skin	8
I\'m short of diamonds too.	8
Let\'s go solicit some resourcesï¼ŒguysğŸ˜‘	8
Umc tÃ´i toÃ n kik 300 xÄƒng	8
mua háº³n trÃ¡i tim thÃ¬ rÃ­ch quÃ¡	8
tÃ´i nghÄ© trong 2 thÃ¡ng há» pháº£i náº¡p khoáº£ng 5000-10000 dolar má»›i cÃ³ thá»ƒ Ä‘áº¡t 40M lá»±c chiáº¿n ğŸ˜°	8
gom tÃ i nguyÃªn acc phá»¥ nhiá»u xong Ä‘á»ƒ acc chÃ­nh cÆ°á»›p lÃ  Ä‘c	8
can anyone help me for resources cause i really need it	8
Mua báº±ng tÃ i nguyÃªn nÃªn nÃ³ cháº¡y Ä‘i cáº¯n Ä‘Æ°á»£c	8
How much do you need?	8
1950 vÃ ng	8
50k gold bars game 100k power	8
ok deal.. gua 19,5 juta.. sisa ny gpp deh buat lu.. ğŸ˜©	8
1m7 rÆ°á»£u ae Æ¡i	8
650 na yan e. kumikill lng ako knina pa. pra sa rank haha	8
Mua dc vÃ­p6	8
Ã´ mua sáº¡ch lun tiá»n LM rÃ¹i lÃ m sao xÃ¢y nhÃ  an toÃ n :(	8
T náº¡p gÃ³i xÃ¢y nhÃ  109 vá»›i náº¡p Ä‘áº§u 22	8
t cÃ³ 35k xe r	8
Láº¥y  chÃºt tÃ i nguyÃªn háº¿t sáº¡ch	8
T Ãºp dc 120k	8
400 j. tháº±ng Ä‘Ã³ 1mil 2 rÆ°á»£u	8
If he is in GST area I need resources from him :)	8
I need 18 money 18 ammo	8
Mua cáº£ Ä‘á»‘ng vÃ ng mua cáº£ Ä‘Ã³ng tháº­p giÃ¡	8
any gems	8
rss him a lot	8
anyone to lend me resources ğŸ™	8
cho 1 cáº§u bÃªn quáº£n trÆ°á»ng phÆ°Æ¡ng Ä‘Ã´ng, há» cho láº¡i 1 cáº§u bÃªn nÃºi tÃ¢n nguyá»‡t	8
Poppy bÃ¡n nhÃ  mÃ¡y rá»“iğŸ˜¥	8
mai thÃªm tÃ­ lÃ  Ä‘á»§ 10m	8
TÃ i nguyÃªn má»—i loáº¡i 3.5m -4m nÃ¨	8
sao mua máº¥y  cÃ¡i  khÃ´ng  cáº§n  thiáº¿t  váº­y	8
I got a lot of spare resources	8
TÃ i nguyÃªn tá»‘n vc	8
if anyone has any spare gems I would much appreciate it, I can send you cash or ammo if needed	8
Ä‘Ãºng rÃ¹i, tháº±ng Ä‘Ã³ cÃ³ 1 mil hÆ¡n dollar	8
Yo puedo poner cerca de 35000	8
I need two and a half million diamonds to get my final squad of t4s cooking	8
give me gold too	8
so buy? ğŸ˜¥	8
So for $2000 you would get 50 k gold	8
Báº¡n vÃ o tiá»‡m cáº§m Ä‘á»“ mua nhÃ© . á» Ä‘Ã³ báº¡n pháº£i cÃ³ vip 7 lÃ  mua Ä‘c	8
Ai t Ä‘Ã o tiá»n cÃ³ j bÆ¡m cho	8
Äá»ƒ cháº¯c Äƒn tÃ½ xin 100k thá»§ nhÃ©	8
Ráº» mÃ   em	8
csn i buy the shards	8
and i need rss for villa 18	8
I have 2 premium harley rallies, I will give everyone 5 minutes to sort some troops	8
2 Ä‘áº¡o má»—i Ä‘áº¡o 50k	8
I donâ€™t have enough rss to unlock 3rd and 4th	8
NÃ³ lÃ  mua exp r	8
T mua gÃ³i xÃ¢y 2 vs máº¥y gÃ³i bÃ¡n trong vip Ä‘á»ƒ up tÆ°á»›ng	8
T tÃ­ch tÃ i nguyÃªn mai up nhÃ  lÃªn	8
sudahlah hanya bisa dapatkan sumberdaya level 4 saja	8
tÃ´i  cÃ²n  1k9. vÃ ng  nÃ¨	8
mua xong háº¿t tá»« khi lÃªn vjp r bÃ¡c	8
ammo or accounting farm guys	8
Vá»›i máº¥y m rsss	8
no offense ment just thought active people could use their resources my bad just thinking about our benefit	8
gems help u build higher lvls	8
maybe we take some rss as well i am dying for some diamonds	8
sorry still need 8 merch base	8
1.5M gems?	8
100M má»›i Ä‘á»§ Äƒn háº¿t sÃ²ng lv2	8
Shop chá»£ Ä‘en bÃ¡n khiÃªn 1h lÃ  nhiá»u	8
gom háº¿t cáº£ trong tÃºi thÃ¬ Ä‘c 1.4 mil nÃ¨	8
Share cho Ã­t vÃ ng Ä‘Æ°á»£c rá»“i ^^	8
Bro, kamu punya alkohol sama diamond lebih ngga? Klo ada lebih minta dong	8
Váº«n cÃ²n 2m cÃ¡c loáº¡i chÆ°a Ä‘á»§	8
Can anyone sending litle rss to me	8
has anybody got spare resources im emptied out	8
no co 1m dan	8
at my max to get resources from other player	8
600k cháº¯c Ä‘á»§ rá»“i	8
silahkan diberi sedikit sumber daya, seikhlasnya saja haha	8
you need any rss?	8
40k t2	8
800k	8
Bá»‡nh viá»‡n full 25, 1triá»‡u cÃ¡i tÄƒng tá»‘c chá»¯a quÃ¢n 1h cháº³ng háº¡n	8
saya lagi membeli oke	8
Ä‘á»‹nh chiáº¿m nÃ³ , quoanh Ä‘áº¥y cÃ³ tÃ i nguyÃªn lm :D	8
TÃ½ xÃ¢y phÃ¡t 3 nhÃ  cháº·n	8
shoukd i buy them	8
yang ini juga anda bisa kura rss nya	8
mengisi ulang paket hadiah dimana bagaimana caranya	8
SÃ²ng hoÃ ng gia 300 vÃ ng kÃ¬a	8
lv1 only 12k	8
20 bucks	8
Láº¥y 1k vÃ ng	8
1m4 Ä‘áº¡n	8
260 usd?	8
Anyone want to donate me some rss. I need drinks and gem if you can	8
e bÆ¡m cho áº¡	8
2 lines for base lv3 lv2. lv3 500k troop lv2 250k please	8
4k gold for 500 cross and clock parts	8
ÄÆ°á»£c thÃ¬ Ä‘Ãªm dá»¡ tiáº¿p	8
saya punya pragmen Harley,jika anda mau saya buat reli	8
Ooh I could use like 3 mil for a level 19 police station.	8
T mua háº¿t	8
há»— trá»£ cho demon 2M rÆ°á»£u rá»“i nhÃ©	8
pasukan ku pulih mebutuhkan uang bersih 2m	8
how mch u need bro, tell me and give chord	8
1 lu rÆ°á»£u 300 lÃ­t	8
120k	8
Off 9 ngÃ y 50m rss nÃ¨	8
Anyone got any Harley tokens	8
dia sedang mengumpulkan sumber daya	8
ok can I bring my farm over I need more resources to grow	8
cant even have scale or youd get done for selling pure madness	8
anyone have cash app	8
up your hospital	8
cáº§u nÃ y cÃ³ Ä‘á»‹nh láº¥y khÃ´ng sir Order	8
giÃ¡ chung lÃ  1 vÃ© 100 150 usd. cÃ³ Ä‘á»©a ngon hÆ¡n giÃ¡ khÃ¡c	8
get a little diamonds	8
klo ini abang top up kah	8
Anyone need suplies wisky cash ammo? Gems	8
CÃ²n thiáº¿u 10k ná»¯a thÃ¬ len v9 :(	8
Bá»n kia cÃ³ chÆ¡i ná»¯a Ä‘Ã¢u bÃ¡c mua nhju phÃ­ tháº¿	8
i need a lot of rss, t5 soon ğŸ˜¥	8
GiÃºp tÃ´i Ã­t Ä‘áº¡n vá»›i tiá»n tráº¯ng vá»›i	8
I need rss	8
thanks broï¼Œif u need rss,tell me ,Iâ€™ll help	8
nhanh lÃªn, thá»a thuáº­n thÃ nh cÃ´ng chÆ°a	8
Ã­t lÃ  bn. 1mil k. trong kho liÃªn minh t trá»¯ sáºµn 750k	8
LÃ­nh thuÃª 3 ae	8
CÃ²n hÃ ng ná»¯a	8
need rss bro?	8
power...	8
T cÃ²n 4k vÃ ng	8
Hamster, cho tÃ´i xin 1,5 triá»‡u Ä‘áº¡n Ä‘Æ°á»£c khÃ´ng	8
yang mau nambah rly sini lah	8
Gom má»—i thá»© Ä‘Æ°á»£c 1m rá»“i	8
We need too much T4	8
I need 33M alc to upgrade the police station	8
cÃ²n hai xuáº¥t cho ae viá»‡t nam	8
How much for 13?	8
menurutmu?	8
What kind of rss ?	8
What about the resources?	8
May be 10 I dont know how much it cost.. I have 50k coins	8
anda bisa mendapatkan punya saya	8
does that guy have any rss?	8
all shields are bought in pawnshop	8
untuk vila level 17 hajar itu	8
32m thuá»‘c	8
Äá»ƒ 30â€™ cho ae vÃ o Ä‘c Ä‘Ã´ng. Má»—i ng 30k lÃ  Ä‘c nhÃ©	8
bay cho nhanh	8
2k vÃ ng	8
ai cÃ²n xÄƒng quáº¥t ná»‘t vs t	8
Vs mua 5 gÃ³i vip nÃ¢ng em vÃ ng 3 sao háº¿t 600k táº¥t cáº£ thÃ´i	8
need liquor to get drunk  but dont have cash and gems to buy...lol	8
Láº§n bÃª Ä‘c cÃ³ 700k nÃ³ láº¡i bay máº¥t	8
T toÃ n mua trá»±c tiáº¿p	8
just need rssğŸ˜¥	8
was it with buy packs? bcz i did that but didnt give me much just 450	8
i was spend much on rok	8
e bay vá» áº¡	8
Xu vÃ ng sk trÆ°á»›c tá»‘i nay háº¿t háº¡n ae nhá»› kiá»ƒm tra á»Ÿ trang sk nhÃ©	8
z cho tÃ´i xin sÃ²ng báº¡c luÃ´n nha	8
NhÃ  cÃ³ rss á»Ÿ dÆ°á»›i nÃ y mÃ 	8
10m for Harley	8
417 mill worth of resources on the big chest. Roughly a 100$	8
police station need 33 mil alcohol and 22 mil diamonds	8
I lots of resources	8
please help send me gold	8
dont force we need rss also	8
What resources do you want, I can send you some	8
i will accept money	8
Money is allready with snowflake shes getting alcahool	8
Do you give me money?	8
Báº£o nÃ³ cho máº¥y gÃ³i gold vs gÃ³i vip up tÆ°á»›ng	8
gems or beverage needed	8
FYI, there are quite a few level 5 resources to rob by my villa.	8
mÃ­a 2 nhÃ  lv 1 cÃ³ 5000 má»•i nhÃ  =]]	8
how much you need?	8
LÃ­ch cho vay khiáº¿p nhÄ©	8
500k	8
TÃ´i thiáº¿u nguyÃªn liá»‡u vd	8
bÃºp láº¥y tÃ i nguyÃªn	8
One more hit then sams resources are ours!	8
he already got so many rss from me	8
Can you send you location so i can send some resourc	8
have to buy them	8
Mua Ä‘áº¿n 200-250 vÃ ng	8
I have little rss	8
phÃ¡t 23tr	8
T mua Ä‘áº¿n 20 cÃ¡i lÃ¡ cháº¯n 8h hahaa	8
this account have 15k gasğŸ˜‘ğŸ˜‘	8
I need goldğŸ˜¥ğŸ˜¥ğŸ˜¥	8
Got them resources for ya	8
2m Ä‘áº¡n bá»	8
chuyá»ƒn cho nÃ³. 1 mil nháº­n 750k	8
@TonySank Tony, báº¡n cÃ²n dÆ° kim cÆ°Æ¡ng khÃ´ng, cho tÃ´i xin má»™t miáº¿ng	8
anyone selling weed hit me up	8
Lol i do the same thing take VIE resources and ?	8
Ä‘á»ƒ mÃ¬nh Äƒn tÃ i nguyÃªn	8
bard ill s nd you some rss	8
untuk membangun beberapa bangunan akan membutuhkan banyak berlian	8
how much u cwn please i need 24 mil xd	8
NhÃ  thÆ°Æ¡ng t 165k	8
where can i get freee gasolina	8
malboro mungkin 3 dollar dapat 1 bungkus bro	8
Äá»ƒ vÃ ng mÃ  up lÃªn vip	8
Anyone need resources	8
Cho vay cÃ¡ch nÃ o	8
Well, I opened joining our BRF alliance there is a balance of money 82 million	8
i purchased it by exchanhe of 500 gold	8
maybe selling by kaxura ğŸ˜‘	8
hanya tersisah 150k	8
cho mÃ¬nh xin cá»¡ 600k tiá»n Ä‘uá»c ko	8
300 xÄƒng kiáº¿m chÃ¡p thÃªm tÃ½ nhÃ  nghÃ¨o	8
Máº¥y bÃ¡c láº¥y Ä‘Ã¢u nhju xÄƒng farm tháº¿	8
Dan mengambil lumayan banyak sumber dayaku	8
1m uangğŸ˜‘ğŸ˜‘	8
That\'s all in Indonesia, many insiders use it to get their hot wheels fast and furious	8
Anyone wanna trade ?? I need diamond	8
Láº¥y ko ae t rl	8
2 cÃ¡i Ä‘á»u cÃ²n 100k	8
ğŸ˜¹who are give me rss?thank you	8
gold or moula lol	8
i need 1 mil cash please fast	8
okay is there any chance u can ask and send me an estimated  rss bill	8
máº¥y cÃ¡i gÃ³i há»— trá»£ tÄƒng tá»‘c, há»— trá»£ tÃ i nguyÃªn Ä‘Ã³. Äáº§u tiÃªn mua gÃ³i vÃ ng Ä‘á»ƒ nÃ¢ng VIP, sau Ä‘Ã³ mua máº¥y cÃ¡i gÃ³i táº·ng abcd dÃ nh cho VIP	8
You can buy 500 gasoline when all your gas is gone, and it takes a little gold to get gas	8
Bring me back some	8
in my country is 100k	8
Can someone send all resources please im about out thanks ğŸ˜‘	8
setiap hari kirim bro haha, menerima sumber daya, kecuali berlian ya bro hehe	8
Okay then levy rss it will help you to get some	8
900k thuá»‘c	8
canh chá»£ Ä‘en mua ráº» ná»¯a	8
I can give you for other RSS.	8
200k lc sao mÃ  Ä‘ua dc khi k náº¡p tiÃ¨n nhá»‰	8
8m cash for my mansion upgrade this will take a while haha	8
aku akan farming dulu buat  berlian dan minuman keras bos	8
need rss	8
T mua máº£nh tÆ°á»›ng	8
sulit dapatkan fragmen mereka buat up skillnya	8
I haven\'t looked into it on this game but others similar you soon find that the only way to star them up is by spending big $	8
I need rss	8
If I buy those gift packs every day, wouldn\'t I be able to catch up with them soon?	8
off work 2moz mate just popped on to collect rss	8
Táº§m 500k Ä‘á»¡ hao	8
t2 má»›i bÃ¡n	8
TÃ´i Ä‘ang cáº§n Ä‘Ã¡nh sÃ²ng báº¡c dá»ƒ nháº­n thÆ°á»Ÿng	8
Mua báº±ng tÃ i nguyÃªn tÃ´i mua háº¿t	8
see number 9.	8
i buy all speeed ups from shop	8
We just want to borrow some resources from MFT	8
You know (BSM) Easy? He spent 10,000 USDâ€¦	8
1m each	8
i need a lot of diamonds	8
Ä‘á»ƒ a Ä‘áº¿m coi cÃ²n bn slot	8
i am very low on rss bro	8
ThÃ¬ cho tá»› xin Ã­t tÃ i nguyÃªn Ä‘i áº¡	8
but he have so many resources	8
cheeck do have liquor?....i need it and i switch a bomb want you?	8
800k tÃ i nguyÃªn cÃ¡c loáº¡i	8
I have half a billion resources	8
do you have resources bro I need two million ammunition and liquor resources	8
TÃ´i cáº§n 19m rss bullet	8
Ilhamik, come to me, i give you rss	8
i buy small here	8
I need more Gems than I need caffinee!	8
All i need is gems you	8
Give me rss 50M to up villa ğŸ˜™	8
easy bro....buy goldğŸ˜¥	8
GÃ³p 800 cÃ³ bÃ¡c hey ná»¯a thÃ¬ ngáº¡i gÃ¬	8
Thats the recource thing isnt it? 5.99â€”>99.99	8
i need rss upgrades gold troops oh and some cash if you can spare lol real cash	8
æˆ‘çš„æ„æ€æ˜¯ï¼Œä½ å¯ä»¥è¯´å‡ºè‡ªå·±ç¼ºå°‘ä»€ä¹ˆèµ„æºï¼ŒæŠŠä½ å¤šä½™çš„èµ„æºæ‹¿å‡ºæ¥è·Ÿç›Ÿå‹åšäº¤æ˜“	8
money amo diamonds alcohol	8
dang 113 gasoline 500	8
this 1 has more affordable prices then that 1 lol	8
Chia cÃ¢n ra lÃ  Ä‘c	8
And gold	8
vÃ ng cÃ²n nh viá»‡c mÃ 	8
Kriss cho tui xin má»™t chÃºt Ä‘áº¡n vÃ  tiá»n Ä‘Æ°á»£c khÃ´ngğŸ˜‘ğŸ˜¶	8
pan bisa nyokot sumber daya di wilayah aliansi	8
btw who sellung the green in here	8
i need more gas i like this team work	8
send me some	8
i need 800,000 of diamonds if any1 can help	8
3.2 cash, 3.2m pills, 1.4m liquor, 930k ammo	8
Anyone needs some money or ammo	8
Ilhamik tell me what rss you lose	8
200K lÃ  má»—i rss 100k Ä‘Ãºng kg	8
out liÃªn minh rá»“i vÃ o láº¡i lÃ  mua Ä‘Æ°á»£c Ä‘á»“	8
mua	8
cÃ¡i nÃ o xÃ i nhiá»u tui mua nhiá»u, cÃ¡i nÃ o kg xÃ i tui mua 1 cÃ¡i láº¥y lá»‡	8
need buy tidbits	8
safe gold one day big war come you need goldâœŒï¸ğŸ™‚	8
Do you needed rss, Mr?	8
BÃ¡n cho Bao 2 xe vÅ© khi	8
you want my t2s lol	8
Do you have any resources that are in short supply? Move to my side and I can send some to you	8
toÃ n hÆ¡n 1m	8
full auto rifles ruby	8
my friend bought two quarters off me so im happy	8
vÃ ng Ã¡	8
Ai rl 500k hÃ£y rl nhÃ©	8
Mua chá»‹u r ai free sip Ä‘Ã¢u	8
For example, eza attacks nst to rob resources.	8
I need resources. but if there is more I often share it	8
Chuyá»ƒn 4 chuyáº¿n nhÃ©. TÃ­nh lÃ£i vá»«a thÃ´i toÃ n chá»— ae	8
klo bisa enak bisa sling trnfer rss	8
can anyone give me the rss and ammo please	8
yeah, you want to buy the advanced	8
250k thÃ¬ tan tÃ nh cÃ³ gÃ¬ Ä‘Ã¢u :))	8
I need 60 mill each now	8
2mil2 thuá»‘c	8
Mua full buff	8
Chá»¯a má»—i ng 20k. K Ä‘Ã¡ng bn	8
3 pabrik berlian bro , mantap haha	8
TÃ´i nhá»› khÃ´ng nháº§m muá»‘n 6 sao vá»‹ tÆ°á»›ng mua báº±ng vip lÃ  300$	8
i buy 5 oz at time	8
All beauties needs money for upgradeğŸ˜¥	8
Ko cÃ²n tÃ i nguyÃªn háº¿t r	8
18M amo	8
uang kurang 20M, amunisi Kurang 20M, Minuman keras kurang 20M gaes	8
I have 100m money, ammo, 70m base liquor and 45m gem in auto resource	8
500 Ä‘áº¡n tÃ­nh sÆ¡ sÆ¡ máº¥t phÃ­ 300 Ä‘áº¡n	8
give me resource	8
Mua báº±ng tÃ i nguyÃªn nÃªn khÃ³ báº¯t nÃ³	8
i wish i can send you some resources	8
bro need rss for t3?	8
t mua báº±ng vÃ ng Ã´ng :))	8
ToÃ n 400k Ä‘áº¡n	8
Táº¡o group Ä‘á»ƒ kÃªu gá»i Ä‘i Ä‘Ã¡nh kiáº¿m tÃ i nguyÃªn Ã´ng Æ¡i	8
Do Ã­t xe nÃªn cÆ°á»›p Ã­t hÆ¡n	8
T 3 vÃ ng mÃ  cÃ³ má»—i con náº¡p gÃ³i vip lÃ  3s	8
Mua cÃ¡i quá»¹ phÃ¡t triá»ƒn	8
Ä‚n tÃ i nguyÃªn bÆ¡m cho acc to lÃ  chÃ­nh	8
power lu sudah 4juta ajağŸ˜£	8
please can everyone send me blue diamonds and liquor two hundred each	8
kindly provide me some resources	8
can i hit here for rss??	8
have an ammunition resource of five million if there is one I may ask\n	8
need ammo for lvl 24h	8
20 láº§n  1 láº§n 150 xÄƒng	8
I need 5 million in money and ammo please and thanks	8
Full rss cho ngÃ y hÃ´m nay	8
I have about 50 million in total resources saved up from tokens	8
Mua báº±ng gold	8
Má»›i cÆ°á»›p dc nhiá»u rss	8
Spend a couple 1000s youâ€™ll be up there wit easy	8
already bought it all	8
Kalo mau ya cari yang levelnya dibawah sebelas pun juga yg banyak hartanya	8
T 1 phÃ¡t Ä‘c 4m 100k xe	8
we build safehouses but need the funds to do it	8
dan membeli 5 menit pemercepat	8
got 4 of these items left aswell	8
send me some diamonds	8
Chá»£ Ä‘en	8
I need diamonds and liquor. can anyone donate it to me	8
ooo gold rss here	8
Rss mua lzi. K cÃ³ thÃ¬ Ä‘i thu thÃ´i	8
Need 36M to up villa ğŸ˜§	8
Ae Ä‘á»•i báº£ng nhÃ©	8
Hqua cÃ³ máº¥y tháº±ng 1m rss	8
a bag of the finest primo weed	8
Normally i wouldnt ask usless i had to but husler is low liqure and ammo	8
Mai xem ai cÃ³ rss. Táº­p trung há»‘t	8
2M uang , 3M amunisi , 2M minuman keras	8
Tháº±ng hnay 1m2 rÆ°á»£u ngon. MÃ  cháº¯c p Ä‘á»£i sang bÃªn kia cáº§u má»›i cÃ³ hÃ ng	8
chi mua tt cho ae Ä‘á»•i  thoi	8
vip 7 cho Ä‘á»•i chiáº¿n lÆ°á»£c. khi Ä‘Ã¡nh nhau sáº½ há»¯u dá»¥ng	8
get your resources lol	8
I spent 50dollars still not growing in good pace	8
1 triá»‡u Ä‘Ã´ la	8
selling mutton	8
800k thÃ¬ mÃ¬nh cÃ²n Ä‘au, chá»© 400 nÃ³ cÅ©ng sá»§i 200 cho xem	8
CÃ¢y xÄƒng nhÃ©. 25.600Ä‘/lÃ­t rol95	8
tiá»n thuá»‘c gÃ¡i rÆ°á»£i cÃ²n , ae cÃ n hÃº nhÃ©	8
wat is eziest way to get gold without payin	8
3000 emas untuk pindah kesana	8
alcohol	8
CÃ¡i nÃ o cáº§n thÃ¬ mua	8
Chá»‰ cÃ³ máº¥y cÃ¡i hÃ ng Ä‘áº§u lÃ  mua báº±ng tÃ i nguyÃªn thÃ´i	8
200k t4	8
1 to 4 its a good deal	8
We need 800k	8
Sorry 2 mil in alcohol	8
Licor diamante e dinheiro	8
example. If you buy a Hot Wheel for 5 dollars, you can sell it for 10 dollars depending on whether the item is viral or not	8
bÃ¡c nÃ o cáº§n Ä‘áº¡n thÃ¬ theo rl kÃ¬a	8
minuman keras 2m	8
gila, minuman keras harus 9,9M berlian 6,6M bro	8
Ä‘á»ƒ bÃ¡n cÃ¡i xe Ä‘áº¡p náº¡p game chÆ¡i nÃ³	8
Yg mau duit sni kumpulin di tambang aliansi	8
Äá»ƒ tn bÆ¡m cho ae	8
then the resources. so feel free to send me some goodies.	8
t cÃ²n 3c	8
60k t3	8
they got rss?	8
ae há»— trá»£ mÃ¬nh Ã­t thuá»‘c vá»›i	8
and whatever u need extra after u buy with gold	8
láº¥y  báº±ng  vÃ ng  Ã¡  báº¡n	8
perjanjian apaan bro? jual beli? ğŸ˜‘	8
I have sent 2-3m rss!! My limit reached brother!! @TheOne	8
CÃ³ 2m	8
NhÃ  Ä‘Ã³ 900k	8
meron pa sila ibang mura  hahaha	8
99999 Ä‘á»“ uá»‘ng	8
20 dollars can buy 28. It\'s good deal.	8
sepertinya ada yang membeli gass dengan emas ğŸ˜¥ğŸ˜¥ğŸ˜¥	8
cÃ³ hoáº¡t Ä‘á»™ng buÃ´n bÃ¡n buÃ´n laquj má»›i	8
just need it for a bit till i farm some rss	8
500k lÃ­nh	8
CÃ³ hÃ ng Ã 	8
Jika kamu kesulitan mencari rss lv 6 yang masih utuh silahkan hubungi aku, akan aku bantu mencarikan untukmu	8
its on offer	8
I can use some resourses	8
bagi rss dong	8
mau teransfer ğŸ˜‘	8
100k dc 400 em :))	8
Then I can buy cheap rss in vip store	8
today attack, just this one, i just want his rss	8
i need resources for Villa 17	8
I just need resource to get sh 16	8
I need about 90 million resources in totalğŸ˜¥ğŸ˜¥ğŸ˜¥ğŸ˜¥ğŸ˜¥ğŸ˜¥	8
Kho tÃ i nguyÃªn liÃªn minh	8
T cÃ y vÃ ng mÃ 	8
warehouse shop and vip 10 ...only way right?	8
u know smuggling trade	8
i have 20 million of each resource	8
BÄƒng nhÃ³m tÃ´i cáº§n thÃªm tÃ i nguyÃªn	8
toÃ n mua cÃ¡i 8h buff cÃ´ng trÃ¬nh	8
for rss	8
Báº¡n cÃ³ thá»ƒ cÃ´ng lv4 hoáº·c 5 náº¿u trÃªn 1m lÃ­nh angela	8
mÃ  ráº» nhÃ¡. toÃ n há»c cáº¥p 3	8
Got extra please send me	8
1m rss má»—i ngÃ y lÃ£i 100k	8
who need rss	8
i need 1m diamond	8
HÃ¬nh nhÆ° 600k vÃ ng	8
t buff tÃ i nguyÃªn	8
tháº¥y mua sá»• há»£p lÃ­ r	8
cÃ³ nhÆ°ng báº±ng vÃ ng mÃ  giÃ¡ cÅ©ng chat	8
CÃ¡i Ä‘Ã³ há»— trá»£ tÃ i nguyÃªn cho ae khÃ¡c	8
Im going to buy him next	8
Where can I buy it?	8
Ik kan het niet helpen om daarheen te verhuizen, maar ik heb goud nodig	8
v máº¥y bá»¯a nay chiáº¿n no1 bá»›t nháº­n tv Ä‘i lÃ  Ä‘c	8
Ä‘á»ƒ mn mua mÃ 	8
id sell the house too mate	8
T Ä‘á»ƒ xÄƒnng Ä‘Ã¡nh qoÃ¡i láº¯m rss hÆ¡n	8
Cai nay co chuyen tai nguyen cho nhau duoc ko nhi	8
i know i buy them all thr time	8
jika anda membutuhkan rss katakan saja,seperti saya apa ada yang memiliki rss lebih saya butuh saya akan mengembalikannya nantiğŸ˜—	8
1000 gold	8
Mua shop chá»£ Ä‘en Ä‘Ã³	8
first couple are cheap, like 10 gold then 50	8
I need gems please	8
100k moi ok	8
if 400k talk mr	8
Äáº¡n tui cáº§n 1m lÃ  Ä‘á»§ chá»¯a thÆ°Æ¡ng r	8
5m tÃ i nguyÃªn ko Äƒn thua	8
240k troops or 480k troops	8
nÃ³ ,500k t4 bÃ¡c Æ¡i	8
iya tapi jika anda ingin membeli salib sebaiknya 4000 emas anda bisa mendapatkan 500 salib	8
chiáº¿m nÃ³ Ä‘c 2 má» cho mÃ¬nh	8
1650 gold for 5m ammo for example	8
I need 100-200k ammo and alcohol	8
ayo BOMB bagikan sumber daya kepada kami karena kamu peringkat ke 4 dalam event pembunuhan	8
just send it we accept visa and master	8
Rá»“i dá»«ng láº¡i up nhÃ  khÃ¡c	8
buying from alliance shop	8
Kiáº¿m Ã­t rss	8
T cÃ²n 18 con harley vá»›i 2 con harley Ä‘iÃªn chÆ°a Äƒn ná»¯a	8
also ifsomeone can share me coordinates of real farm, which i can attack for resources...im in need of resources ğŸ˜­	8
looting it until be zero guys	8
yes 300 per 12 hours	8
i got 1 mil to spare	8
Hora de dormir amigos obrigado atÃ© amanhÃ£	8
need money and pil for upgrade	8
he ask 1....i give 75	8
roughly 15-20 mill in money, 15-20 mill in ammo, about 5 mill in beverage and 2 mill in diamonds on top of 2hat I currently have	8
BÃªn nÃ y Ä‘i oÃ¡nh nhau láº¥y rss á»Ÿ Ä‘Ã¢u tháº¿	8
Tá»‘i láº¥y rss cho láº§n sau chá»«a	8
kho gui ress o dau ae	8
1k5 vÃ ng/ cáº§u	8
ThÃ´i nhá»‹n Ä‘á»ƒ sÃ¡ng nÃ³ mÃ  cÃ³ rss thÃ¬ cÃ²n cÆ°á»›p Ä‘c	8
T toÃ n.  Mua max buff, mua cáº£ buff 1h vs mua max tn	8
FULL T2+T3	8
nÃ³ dÃ¹ng tá»« ngá»¯ thÃ´i, kiá»ƒu nhÆ° nÃ³ cho mÃ¬nh Ä‘á»•i vÃ ng sang tÃ i nguyÃªn khi mÃ¬nh cáº§n	8
add rá»“i, triá»‡u Ã  ?	8
My farm is set to production im making more than i can use or feed myself	8
Some cash needed for villa upgrade	8
free rss	8
bisakah seseorang untuk mengirimkan sumber daya	8
I think I will buy gasoline directly with goldğŸ˜•	8
Láº¥y tÃ i nguyÃªn up lc chiáº¿m cáº§u	8
That way I can buy cheaper resources	8
pantes aja gua beli yang 50x kagak bisa bisa ğŸ˜¥	8
ineedgold	8
Ã€ nay thiáº¿u 100k Ä‘áº¡n	8
Ae cbi rl Äƒn tÃ i nguyÃªn	8
Kiáº¿m bn vÃ ng	8
1h is 30k and 8h is 150k	8
Estou precisando de muito recursos e os ralls ajudam kk	8
need that rss brother	8
emng kamu banyak sumber daya nya	8
hey guys can anybody help me with 2m liquor	8
I need a lot of resouces to build my manor & army	8
each player 27million	8
god stm private messaging me AGAIN	8
resources	8
and now im blatantly looting them	8
la háº§u cá»¡ 560k	8
CÃ³ pháº£i mua thoáº£i mÃ¡i Ä‘Ã¢u	8
Im buying some packs to accelerate it. I think Iâ€™ll stay in this server.	8
Yes, demi gold aku siap memperebutkan ladang goldğŸ˜¥	8
demi uang bro haha	8
What ya need my farm has bunch of rss	8
Äá»£t bÃªn tÃ´i cÃ³ tháº±ng tÃ¢y mua háº¿t 3m Ä‘iá»ƒm. Cho nÃ³ xuá»‘ng l3 tháº¿ lÃ  nÃ³ out luÃ´n. K tÃ¬m Ä‘c :))	8
beri aku uang juga	8
sumber daya minuman aku butuhnya bro	8
RÆ°á»£u ai láº¥y k nÃ y	8
iya tapi saya membutuhkan 3m persumber daya	8
i need a lot of diamonds...	8
Háº¿t cmn tÃ i nguyÃªn rá»“i	8
this capo its on next top godfather top priceğŸ˜ğŸ˜ğŸ˜	8
bau há»§y Ä‘i t rally 560k cho	8
yes please codyyyy gimme pleaseeee	8
xin tiá»n mÃ¬nh lÃ m ra Ã¡	8
Bought 1000 fuel from sea battle shop	8
nháº¯c láº¡i L4 k láº¥y tÃ i nguyÃªn liÃªn minh Ä‘i Ä‘á»•i Ä‘á»“ nhe. mÃ¬nh Ä‘á»ƒ dÃ nh tÃ i nguyÃªn má»Ÿ Ä‘áº¥t	8
NhÃ©t vÃ o Ä‘Æ°á»£c bai nhiÃªu Ä‘Ã¢u	8
We need at least 1 mil	8
is it resources your after	8
Anyone have any spare gems	8
Ai cáº§n rss k	8
I buy in bulk for my family.  15 dozen 55 beans	8
I need 500k diamond to buila vila to 17 so I can be 17 today	8
for cheap prize	8
300k of ammo i need	8
sick of paying the weed man	8
Only buy those cost-effective ones, do not purchase gold in gold shop	8
cáº§u nhiá»u vÃ ng k	8
Ã´ng nÃ o onl vÃ´ Äƒn tÃ i nguyÃªn nÃ o	8
you guys need resource? i have plenty	8
I can send diamonds	8
Ammo for other RSS, anyone?	8
ghosting and popy can you give me a resource\n	8
LÆ°á»£ng tÃ i nguyÃªn liÃªn cá»§a chÃºng tÃ´i cÃ²n 30.M thÃ´i	8
Mua trong shop Ä‘i 750/1	8
If you need rss	8
do you have Alliance coins around 400K	8
I need money alcohol and gems thanks so much	8
i need alcohol badly and gems can anyone help me plz	8
máº¥y nghÃ¬n má»—i tÆ°á»›ng lÃ  Ä‘á»§ r	8
yeah alchol if possible	8
i always need rss ...sounds good	8
Nope,but you can go the VIP shop to buy 1h	8
need resources?	8
may sang Ä‘Ã¢y Ä‘c bÃº fame máº¥y pro kkk	8
duke i need resources money do you have a million resources to build my building	8
i just could take 1 mil rss	8
buying gas with gold goes up 50 gold each time	8
cáº§n 1M Ä‘á»ƒ lÃªn top 1	8
ai mua cÃ¡i  j váº­y	8
I\'m collecting resources to make myself top	8
T mua full 500k vs 1m5 á»Ÿ shop	8
CÃ³ bÃ¡n	8
Give me your reserves ğŸ˜™ğŸ˜™	8
has many resources and is easy to assemble	8
And gems	8
I have 30k gas stock	8
100 dollars for 100k power is at a snails pace	8
100k sÃºng 80k vá»‡ sÄ© t3	8
1 Ã© 1000 de ouro	8
65k st	8
Cáº£ nhÃ  1m lc	8
If you share you location i can send some resource	8
He has no gems sadly but the rest is great!	8
cash?	8
36 mil liquor and 32 mil gems.	8
Preciso de muito re recurso	8
Mua lm sáº¡ch	8
Äi Äƒn tÃ i nguyÃªn mai gá»i quqan tiáº¿p	8
Only 500k eachâ€¦barealy took like 1% of his rssğŸ˜—	8
kirim saja sumber daya apa saja, kecuali berlian bro, hehe	8
i need rss....no pointğŸ™˜. cause stupid casper	8
850000 sebelumnya, sekarang 830000 bro	8
tÃ´i cÃ³ bÃ¡n dáº§u Äƒn nhÃ© 2 bÃ¡c :V	8
Are you short of diamonds?everyone	8
For rss?	8
soalnya klo gajah di jual mahal bang, cuan cuan cuan bang ğŸ˜¥ğŸ˜¥ğŸ˜¥ğŸ˜¥	8
* buy it	8
anyone need rss? join me	8
you know your farming acc instead of sending rss to your acc send to me for 1 week	8
Hey uh isais you wouldnâ€™t happen to be able to send me a bit of alcohol?	8
im miskin rss btw	8
T cÃ²n 160k lÃ­nh 3	8
Tui cÃ²n má»—i 30 bÃ¬nh 500. sk báº¡o loáº¡n quÃ©t Ä‘Æ°á»£c 3 láº§n x99	8
nhiá»u rss nÃ¨	8
ill empty it. i have a free match sitting on their hands	8
i am just struggling for resources because i have a lot of speedups	8
Sekitaran 20 ribu, kurang lebih untuk mengisi gopay	8
Please gather a lot of resources for me	8
BuÃ´n láº­u á»Ÿ Ä‘Ã¢u nhá»‰	8
just give me gold	8
tukar bom sama berlian mau ?	8
Black market is open.	8
T Äƒn má»‘c 50k thÃ´i	8
CÃ³ mÃ  giÃ¡ bÃ¨o	8
Who needed rss? Join me	8
Can anyone help me out and send me some gems if posable	8
T mua chá»£ Ä‘en toÃ n mua tháº» vá»›i buff thÃ´i	8
Ä‘Ãºng rÃ¹i, chá»§ yáº¿u mua 1 vÃ i mÃ³n Ä‘á»ƒ cho ae cÃ³ xÃ i thÃ¬ Ä‘á»•i xÃ i,	8
i got t3 gunman n biker, hitmen on way, bodyguard soon, need a lot of resources	8
Same here .. i trade rss for speed ups every chance i get at any cost	8
1m5 Ä‘á»™ bá»n	8
Cho nÃ³ láº¥y ná»‘t tÃ i nguyÃªn cÃ²n up nhÃ 	8
tons in there for 5 bucks	8
Äá»ƒ cho ae kÃ© tÃ½ sÃ¡i Ä‘Ã³	8
You can buy at alliance	8
Gá»i háº¿t hÃ ng há» vá» Ä‘Ã£ rÃ¹i ae cbi rl :))	8
And speedup pack	8
280 bÃ¬nh r	8
anyone got 500k gems to spare?	8
gua makan dulu ini gua perlu banyak sumber daya	8
500k for base 3 please	8
Do you want harley fragments i have 10. You will need to rally	8
Maybe $1000	8
CÃ²n 10 cÃ¡i thoáº£ thuáº­n Ä‘Ã¬nh chiáº¿n	8
and i want to takke all the rss	8
2m rÆ°á»£u	8
QÃ¢n xe bay chuyÃªn laya tÃ i nguyÃªn nhiá»u áº¥y	8
k cÃ³ linh fram tÃ i nguyÃªn	8
butuh 420 salib	8
3k gold for 200 soldier in hospital?	8
i need like 5  mil bro each	8
Thats a lots of rss!! Why you are sending it brother!! You need it more for manor 25..	8
2 tiáº¿ng kiáº¿m 3k vÃ ng Ä‘c	8
minuman keras 121k wkwk	8
anyone can donate 4millions or cash or ammo	8
DÃ²ng trÃªn mua vá» dÃ¹ng, dÃ²ng dÆ°á»›i nháº­p kho cho ngta mua	8
i need those rss	8
kho gui ress o dau ae	8
how much you need	8
1mil 1 rÆ°á»£u háº£	8
ga ada yg mo gift gold ato duit gitu	8
E bay tá»›i áº¡	8
Vá»«a tiáº¿c tháº±ng cÃ³ 1m5 rss quÃ¡ táº­p há»£p thÃ¬ ngon	8
anyone i need 1.5 mil alcohol and 1.5 mil cahs...	8
Ok sending you 2M each	8
30k vang quay háº¿t cmn tháº±ng cá»¥t tay rá»“i	8
TÃ­ qua nick kia xay luÃ´n nhÃ  mÃ¡y rÆ°á»£u nhá»‰	8
ok, moved my city next to you guys. going to send some troops to farm resources and then going to bed.	8
Okey. Tell if you needed rss	8
I need gems and thats it i will levy a little later	8
sent you 700k	8
TÃ´i cho 91k	8
No discussion or talks about it will bring his resources or troops back you guys know this but donâ€™t care	8
bagi rss lah bos ahha	8
my troop is waiting alcohol ğŸ˜©	8
Ä‚n cÅ©ng cÃ³ rss Ä‘áº¥y	8
Mua láº¡i ngay ak	8
Moáº¹, nÃ¢ng cÃ¡i nhÃ  cáº£nh sÃ¡t bay gáº§n sáº¡ch tÃ i nguyÃªn luÃ´n	8
anyone got 1.5m diamond to spare? hahaha	8
everyone make sec account for rss	8
Do you need rss for your troops?	8
how much	8
it has 30 100 gasolines for cheap	8
exshimer, tramadol, rexlona, zolam, threehax _?	8
hÆ¡n 100k thÃ´i bÃ¡c	8
need 3 mil more alcohol	8
Anyone want to trade resource?? I need diamond.. i can give ammo/money.. if want private ya!!	8
Láº¯m rss pháº¿t nhá»‰. Tiá»n thuá»‘c 10m	8
i will put teleport in aleance store	8
thui láº¡i treo láº¥y rss Ä‘Ã¢y . má»›i má»Ÿ skill 2 tiáº¿ng	8
free resources	8
Kalau butuh sumber daya bilang saja	8
buy....use gold	8
I only got 500k cash and gems plus a babe	8
I hope you have plenty of resources for me	8
ya.. pada awalnya, akun ini hanya untuk merampas sumber daya kemudian dikirim ke akun utama..	8
is ok ...abit of cash if u dont mind	8
Má»—i ng 3k5	8
give me rssğŸ˜¥ğŸ˜¦	8
Just can send 2M	8
i need 500k diamonds	8
Can someone send me some money please and thank you	8
400k lÃ  Äƒn	8
Send resources	8
240k Ã­t quÃ¡	8
Tá»« 5p thÃ nh 20p má»e r	8
1 cÃ¡i cáº§u 2 Ä‘Æ°á»£c 1k vÃ ng chá»© Ã­t Ä‘Ã¢u	8
Ammo and diamond	8
i do usually buy thoze but blackmarkrt shut has been for a while	8
Ok luÃ´n tÃ´i chuyá»ƒn cho luÃ´n 1 tr nhÃ¡	8
e Háº§u e vÃ o Ä‘Ã¢y láº¥y rss Ä‘Æ°á»£c k	8
The one above it has a money thing in it if you want to take that one i stead	8
i need liquor money bomb diamond and gold	8
Ä‘á»£i nÃ³ giáº£m giÃ¡	8
gem and alcohol is what we go thru the most	8
How much	8
Shop chá»£ Ä‘en mua nhá»¯ng cÃ¡i cáº§n thÃ´i	8
gems?	8
cheap one ...lol	8
need some alliance rss	8
nhÃ  nÃ³ vÃ¢nc cÃ²n 80k nhÃ©	8
Thuá»‘c thiáº¿u 1m4 ná»¯a má»›i Ä‘á»§	8
T cÃ²n dÆ° 30k vÃ ng	8
1m5 tÃ i nguyÃªn vá»›i 2k vÃ ng 50 buff	8
Used gold	8
oi 1k cleo?	8
butuh 3M amunisi, 3M uang, yang bisa bantu tolong kirimkan ya bro	8
i would/did only using the alliance gem plant	8
300 vÃ ng	8
buy it on clan or blackmarket	8
if i wanna buy one.	8
cáº§u 500k lÃ­nh t3	8
má»i nháº¹ 4 bÃ¡t phá»Ÿ lÃªn vip4 cÃ²n 3k vÃ ng	8
cash and amo	8
V7 lÃªn v8 35k	8
ae mua dá»i nhÃ  trong liÃªn minh. loáº¡i mÃ u xanh. dá»i ra gáº§n Ä‘Ã¢y	8
u can levy at alliance money factory i guess its name	8
aku sudah begitu banyak menggunakan emas untuk membeli bensin	8
T 620k rl nhÃ©	8
3 mil diamonds anulyone fancy?	8
Id like to exchange for other RSS	8
Maybe need 800000T4	8
or anyone here providing ruby is cool	8
Sending u 527k.	8
VÃ o táº­p há»£p Äƒn rss ae	8
Ngon váº­y bÃ¡c, chá»§ yáº¿u ae cÃ³ Ä‘Ã´ng ko thÃ´i chá»© up mÃ  ko full Ä‘c 2 rl cá»§a 2 ngÆ°á»i thÃ¬ cÅ©ng khá»•	8
1 ngÃ y bÃ¨o cÅ©ng pháº£i 3-5k lÃ  nháº¹	8
I have resources if anyone wants	8
ayo bagi sumber daya bro haha,	8
Mua Ä‘i	8
mua 7 cÃ¡i. Ä‘i máº¹ nÃ³ 3mil	8
2 hnay ki Ä‘Ã o vÃ ng	8
14m liquer	8
ä½ å¥½å‰å®³å‘€ï¼ŒVIP 15èƒ½è®©ç»™æˆ‘ä¸€åŠå„¿ï¼Œæˆ‘å°±å¾ˆé«˜å…´äº†ã€‚	8
u can buy them from vip shop for 750 gold	8
1 million resources	8
Mua gá»‰ cÅ©ng Ä‘Æ°á»£c. Äá»«ng bá»• sung	8
Easy i have money 2M . Ammo 2.1M	8
I ask for resources are you guys stingy	8
Free rss	8
Iya,kebetulan aku sangat kekurangan sumber daya	8
i have only 2 tp...i need more..	8
Ruby	8
aku mau resource secepatnya hahaha	8
How much money you spend	8
cáº§n de xaydon cs	8
Mua Ä‘áº¡n xong r	8
thanh niÃªn kia láº¯m tÃ i nguyÃªn tháº¿	8
yeah no resources no party ğŸ˜™ğŸ˜™	8
100 goldğŸ˜¥ğŸ˜¥	8
mana ada lem, tramadol zolam rexlona bro	8
Láº¥y 3k thá»­ Ä‘Ã£	8
600k mua kiá»ƒu nÃ³ mua cáº£ tÄƒng tá»‘c cháº¯c 30 cá»§	8
adakah yang mau tukar rss , saya butuh amunisi 1M	8
need billion rss?	8
Ok. If you need some rss, i can send you some	8
can trade resources here? cool	8
Má»›i cÃ³ 200k qÃ¢n ae ai thÃªm Ä‘Ãª	8
Purchase training expansion items	8
See i would need lots a resources which i dont have	8
villa 16 for a t3 troop	8
anybody else need rss?	8
wanna get some harley peices salty?	8
Kiáº¿m Ã­t tÃ i nguyÃªn chiá»u tá»‘i up xáº¡ thá»§ 3	8
ifsomeone can share me coordinates of real farm, which i can attack for resources...im in need of resources ğŸ˜­	8
320k :3	8
need more	8
Get your diamonds here	8
Can you do chapter 4? Thats 10! Buy the rest	8
16 mil alchol and 11 diamonds	8
individual tokens buying stuff from alliance shop	8
sell me weed bro	8
maybe 20Â£  or 50 Â£ maximum	8
Mua cá»­a hÃ ng lm thÃ´i	8
How much you need i need alot of money lol trying to hit lvl 23	8
1 million power babies!	8
take care always guys	8
U need diamonds?	8
whoever need  resources whrite here i will send how much u want	8
Ä‘c tuáº§n	8
2.8m cash, 2.5m grenade, 2.7m liquor & 2.5m gems ğŸ˜™ğŸ˜™ğŸ˜™	8
builders for ruby	8
put some speed up boosts in alliance store if anyone wants them	8
Shop chá»£ Ä‘en ko tháº¥y bÃ¡n	8
ĞœĞ½Ğµ Ğ½ÑƒĞ¶Ğ½Ñ‹ Ğ²ÑĞ¿Ğ¾Ğ¼Ğ¾Ğ³Ğ°Ñ‚ĞµĞ»ÑŒĞ½Ñ‹Ğµ Ñ€ĞµÑÑƒÑ€ÑÑ‹ğŸ™˜	8
100k vÃ ng Ä‘Æ°á»£c 500 xÄƒng	8
100k quan moi du	8
Ai láº¥y tÃ i nguyÃªn k	8
i need 400k alcohol	8
T cÃ²n 21 con harley 1ğŸ˜™	8
it is gonna cost you 1.5 mill each rss for t3 troops.	8
oh damn how much gold	8
no i meant resource aid so i can send	8
s3. do you need any rss? mav finally took bop off their wall today after i told him how to do it	8
LÃ m Ä‘á»§ 7 lÆ°á»£t xong ko mua	8
440k for me	8
Alcohol	8
4600 ouros	8
láº¥y tÃ i nguyÃªn	8
Láº¥y vÃ ng Ä‘i mua vip á»•n ko mn	8
Please all backk i will by 1 with him	8
váº­y cho tui vay 100m rss Ä‘Ãª	8
Máº¥t 20m tÃ i nguyÃªn khÃ´ng bÃ¡c	8
money, ammo, liquor	8
please lend me resources	8
NhÃ  20 10m	8
K dc.  ThÃ¬ mua haha	8
cklos 4k vÃ ng	8
Buy fuel?	8
Äá»§ 1m5 thÃ¬ 25 phÃºt 1 nhÃ 	8
T cÃ²n. 3m Ä‘Ã¢y nÃ y	8
yeah part of went off screen.but theres lots of goodies.in some rooms you get offers buy stuff with cash buy the items	8
And lots of rss	8
1m 1 bay cam	8
1.8m ammo	8
Láº¡i tá»‘n tiá»n mua rss	8
Klo ada yang Rss 1M 2M om hahaha	8
Yes , thats to buy packs tho	8
10 triá»‡u báº¡n Æ¡i	8
great resources anyone want	8
Kiáº¿m thÃªm tÃ i nguyÃªn Ä‘i	8
Maybe one pack a day	8
tÃ´i Ä‘ang cháº¡y acc nhá» cho rss	8
em má»›i 190k	8
i had to buy 1 pack though for rss...	8
saya membutuhkan Uang 1m, dan pil 1m buat up vila bos ke 16	8
how much u got	8
Bcz i need rssğŸ˜¢	8
i got 16 harley, just trying to lessen them out	8
Actually on the topic of resources. Got any diamonds?	8
hÃºp 1k vÃ ng	8
Jill off 2 ngÃ y mÃ  cÃ³ 100m rss	8
I need rss diamond	8
join sekali bro, aku butuh rss sekarang	8
U need Gem	8
that is a good idea i could use the money for packs to keep up ğŸ˜°	8
or black market	8
Change your name and I will promote your alliance rank directly with a full person cutoff.	8
And how can you buy troops?	8
What is rss	8
i need 500k cash and 500k amo please	8
khÃ´ng á»•n chÃºt nÃ o tÃ´i mua háº¿t vÃ ng lÃªn Ä‘Æ°á»£c cÃ³ vip 3	8
T cÃ²n 16 sÃºng nhá» 2 sÃºng to	8
1000 gold for upgrade plan	8
25 a lÃ m sugar daddy ok rÃ¹i	8
2k vÃ ng 1 cáº§u Ä‘Ã³	8
Oh need gems? ğŸ˜‚ or liquor	8
40x500 and 300x100	8
Can anyone help me with few gems?	8
is there a way to farm those or buy those	8
ráº» rÃ¡ch	8
Tá»‘i Ä‘áº¿n láº¯p láº¡i Ä‘Ã²i thÃªm case ná»¯a	8
TÃ´i chuyá»ƒn dc 200k mÃ  haha	8
GUYS GIVE ME SOME RESOURCE PLEASE NOW	8
sing wong perek pada jual mahal bro, embuh apa karepe, padahal mung chat tok be pada jarang dibales bro	8
Nhiá»u má» cÃ²n 30k 40k	8
you can straight buy but it\'s really expensive	8
disini kaya bahan apapun bro, emas, sayuran, batu bara, minyak dan gas, dan lainnya lagi bro	8
ğŸ˜¥qua Ä‘Ã¢y bÆ¡m anh Ã­t tÃ i nguyÃªn	8
and u taoe rss as well from these fights	8
Full rss hnay r	8
T bay ra luÃ´n ah Ä‘ang dá»¡ nhÃ 	8
dia banyak rss guys, silahkan diserang wkwk	8
give me your gasğŸ˜¥	8
bro  bagi rss juga dong ehhe	8
Mua full gÃ³i 5$ áº¥y	8
dami free gold.. bilin mo vip points.. 1-1 ratio nman palitan	8
or buy privilese giftpack vip 4	8
Slide : báº¡n nÃ³i cho bÃªn TNM lÃ  Ä‘i cÆ°á»›p tÃ i nguyÃªn thÃ¬ cÆ°á»›p cho háº¿t kho . Chá»© Ä‘á»«ng cÆ°á»›p bá» dá»Ÿ nhÆ° tháº¿ láº§n sau ko cÃ³ mÃ  cÆ°á»›p Ä‘Ã¢u	8
H tÃ´i nhÃ¬n phÃ¡t biáº¿t  lÃ  nhÃ  cÃ³ rss	8
20p	8
sÃ¡ng nay 15k vangc	8
ThÃªm con bill woo náº¿u báº¡n giÃ u :))	8
Sama power kejar 100k dulu dlm 2 hari ini	8
Brother!! I need 350k gems urgently..!! Can anyone help me?	8
nay me chá»£ Ä‘en má»Ÿ lÃªn mua vÃ o tÃ­ch trá»¯	8
1m Ä‘áº¡n 5 ng má»—i ng 200	8
pny lo cepet bang udh 100k	8
cho Ä‘á»§ thÃ´i	8
T cÃ³ 100k t4 sÃ¡t thá»§	8
butuh sumber daya, untuk event kebangkitan kota bro haha	8
i need 9 for one account my other 1 got tickets already	8
and 8 mil gem	8
1 lÃ  clone farm tn, 2 lÃ  mua gÃ³i tn	8
I only hv rookie relocation	8
7m cash and 7m pills	8
Need!! 2m gems!! If anyone can help!!	8
i need 800k beverages and 6 million anything levied	8
BÃ¡c nÃ o dÆ° rÆ°á»£u cho em mua 2m. tráº£ 5m tiá»n :3	8
100 vÃ ng	8
MÃ¬nh láº¥y quÃ  Ä‘áº§u cÅ©ng dc	8
CÃ²n 1 Ä‘áº¡o Ä‘i Äƒn tÃ i nguyÃªn	8
a ton of amo and diamonds only 25 k home	8
aku butuh banyak rss, kamu sudah lihat sendiri bos hahaha	8
you are in BSM. how can i attack you unless you send a few Resources, then that\'s it	8
if anyone has an abundance of cash, i could def use some. thanks.	8
10 Ä‘áº¿n 25k :))	8
I need like 60 cross to go to 12	8
what u need man, just let me know, i can send some if u want man	8
hey want to buy me mansion 15? lmao	8
beverages I\'m OK, if anyone has any spare rss for ammo, money or diamonds would be appreciated	8
Does anyone have 500-600k gems. Because I need that much to get a level 19 police station	8
Sure,wich speedups do you want?	8
rokok koi, 11k dapat 20 batang bro, mantap haha	8
400k má»›i Ä‘á»§	8
u mean to buy the sculls?	8
Not even mentioning the 64 million in resources.	8
t cÃ²n 5k	8
ada yang mau reli pasukan bayaran LEVEL 4?	8
Do you need more gems	8
1 hÅ© thuá»‘c láº¯c	8
Cá»© tháº¥y nÃ³ bÃ¡n báº±ng thuá»‘c hoáº·c tiá»n lÃ  há»‘t :3	8
kasih aku level 2 dari markas pasukan bayaran guys	8
10k of each t1	8
Thiáº¿u Ã­t láº¥y vÃ ng	8
6 hours for 200k or something	8
1 million T4 for example ğŸ˜©	8
Äá»ƒ tÃ´i há»— trá»£ báº¡n tiá»n vÃ  Ä‘áº¡n nhÃ©	8
yes. its $5 for all 3	8
50 vÃ ng	8
Mai Ä‘Ã¡nh cáº§u lÃ  cÃ³ vÃ ng Ã¡	8
v7 mua 8h full máº¥t bao vÃ ng Ã´ng	8
mua dc gÃ³i cao thÃ¬ tá»‘t	8
yhups. 1.5m each	8
baik nanti saya akan beli yang 8000 emas	8
refill	8
Äá»ƒ mai mua full tn up vá»‡ sÄ© t4 Ä‘Ã£	8
i bought a lot of rss with gold as sell thats true	8
i need a lot of rss for vila 20	8
60 mill each for 24. Use just need the prosperity and builds thats required	8
Ko cÃ³ vÃ ng ko vá» Ä‘Æ°á»£c	8
12500 xÄƒng	8
1m5 á»Ÿ Ä‘Ã¢y	8
BÃ¡c nháº·t tÃ­ vÃ ng lÃ  Ä‘c	8
Yes, need 500m t3	8
Ae cÃ³ nhiá»u tÃ i nguyÃªn thÃ¬ cá»© giÃºp Ä‘á»¡ mÃ¬nh nhiá»‡t tÃ¬nh nhÃ© ğŸ˜©	8
ya kaya kamu sekarang kirim ke monkey kan bisa akun kecil kirim ke yang gede juga	8
ad yg mw harley ga?	8
and I\'ll go for diamonds as well	8
lu yang bagiin si gst kan	8
Got no more the rest are levying for alcohol	8
1m gold	8
Sekali ambil banyak speedup	8
ammo , liquor n gems	8
Ko cÃ y vÃ ng Ã h	8
Ä‘iá»u vá» cho tÃ´i slot	8
sumber daya 1m	8
1000 gold luÃ´n	8
Im going to taking rss bro	8
20 raids is 1000 gas	8
K 1 ai cÃ³ rss	8
Alcohol or diamond, help as much as you can	8
Mua Ä‘á»“ trong cá»­a hÃ ng Ã¡	8
alguÃ©m  mi. manda  ouro	8
Mua Ä‘i :))	8
è´­ä¹°ä¸€äº›é“å…·	8
aku ijin beli item pemindah, di toko aliansi beb	8
as everyday i yrouble you all requesting for resources	8
Ä‚n tÃ i nguyÃªn Ä‘i bÃ¡c	8
17m money cas	8
fantastic u need resources  ?	8
it is! received a bid for over 4,000 I have 1,300 into it and its almost done	8
changing...for we take his rss	8
but this take rss too much damn	8
The fastest way is to buy with gold	8
i see your number 4 salty... how much that cost you	8
Äá»‹nh láº¥y 2 sÃ²ng nÃ y	8
i s3nt 500k each bro	8
mÃ  pháº£i mua báº±ng vÃ ng	8
kiáº¿m vÃ ng nhanh láº¯m	8
ive sent 60 k	8
were can i get a shield guys	8
Estou precisando de 18M dinheiro 17M muniÃ§Ã£o 18M bebida e 11M diamantes para vila nv 22	8
Má»™t chÃºt vÃ ng	8
bÆ¡m vÃ ng vÃ o há»“i bÃ¡c	8
alcohol and diamonds mainly bones	8
T mua 300g má»—i ngÃ y	8
and vip 1month	8
Cáº§u 750k	8
I can ask for resources, money and ammunition as much as two million each, I\'ll return it later	8
Many alcohol and diamond	8
hÃ ng bÃ¡c Æ¡i	8
Yes I have bought a lot on the black market	8
cÃ³ chá»• nÃ o bÃ¡n tÄƒng tá»‘c xÃ¢y dá»±ng 3 giá» ko	8
saya ingin mengambil rss nya	8
you can get the entire bottom row for 5 bucks	8
anyone have liquor resources may i have two million please	8
MÃ¢y mua 10 cÃ¡i 8h thÃ¬ cháº³ng háº¿t	8
T cÃ²n 500 xÄƒng ná»¯a	8
10p cho ae á»Ÿ xa	8
TÄƒng nguyÃªn 1m6 liá»n	8
saya membutuhkan begitu besar sumber daya	8
365k liá»n	8
I need a lot of supplies though. Level 19 villa is no joke !	8
beli lah uangmu kan banyak	8
Give me the diamonds to become rich	8
Ä‘á»ƒ há»‘t	8
Cho vay 1 m Ä‘áº¡n Ä‘i	8
City supply for $10 is a good deal	8
Join GST, I will give you resourcesğŸ˜¤	8
they in the shop for 10 gold each	8
butuh amunisi 1m tidak bos_?	8
Alchokol 4M	8
U want try to buy it?	8
do you need rss passions?	8
Kirim sumber daya dong abis gw haha	8
100k t4 sÃ¡t thá»§	8
Who needs what rss wise either speak up or ill mass dump on ppl	8
I brought 100k level 3. We did better than i thought though	8
can i ask some money?	8
lv2 .. 70k	8
500k lÃ­nh 3	8
I need money and ammo anyone thanks	8
ill take 1.2 mil every time lol	8
I need 1.2m gems if anyone can help	8
May I ask for resources	8
what is the most used rss to stock up on in the game?	8
Free rss	8
cho tÃ´i xin Ã­t kim cÆ°Æ¡ng Ä‘á»ƒ phÃ¡t triá»ƒn thÃ nh phá»‘	8
For rss?!	8
Im buying up and getting 3 per	8
280k. cháº¯c ok	8
t cáº§n vÃ ng nháº¥t Ä‘áº¥y	8
to buy cross and clocks	8
1m2 lÃ­nh trong nhÃ  Ä‘ang xÃ¢y Ä‘Ã³ mÃ  tá»¥t cÃ²n 700k	8
1m5 tÃ i nguyÃªn	8
kasih aku 3m amunisi bro, untuk proses penyembuhan pasukanku bro	8
50kğŸ˜	8
mintak apa bro minuman diamond dolar atau amunisi	8
800k cháº¯c lÃ  Ä‘á»§ Ä‘áº¥y	8
ai cÃ²n chÆ¡i game nÃ y cáº§n tÃ i nguyÃªn anh cho nÃ y	8
i need somebody to send me 900k ğŸ˜£	8
máº¥y  thá»© láº·t váº·t  ae cÃ³  cáº§n  mua Ä‘Ã¢u	8
16d for hitman t4 wohoo	8
mua vip vá»›i tÃ i nguyÃªn	8
400 lÃ­nh cho 10 vÃ ng	8
CÃ¡i sau 3k vÃ ng	8
4k6 vÃ ng Ä‘c 15m thuá»‘c	8
i got 1 more unless i can find gold for gas	8
Saling your house bro	8
no problem i still have rss in my bag i\'m just short of liquor	8
Yes a mill or more. I can do a mill not sure on ur other higher combaat powers	8
Black market is open.	8
36 mil chash 36 mil amo	8
for that gem factoy!	8
and i send u all rss	8
poppy will buy all from you if you can send gasoline it.. ğŸ˜©	8
we are short on rss for hq... cant start it yet	8
join vá»›i tui láº¥y rss cÃ¡i Ä‘i Ã´ng	8
Post on chat ur request on shop	8
need much resource to up town lv 20	8
saya masih memiliki 4k bahan bakar	8
1.5m má»›i Ä‘á»§ mÃ  má»›i cÃ³ 1.3m	8
It cost 200 k for one	8
Hey got any extra gems?	8
Mau up villa btuh rss bnyak bnget ğŸ˜§	8
I newd rss bro	8
800000 cÃ³ thá»ƒ lv4	8
yakuza hit him for rss	8
well i spend some dollar, but sure if you need to levy, but i have millions of resources	8
i can s3nd you resources if u need?	8
1 liquor for 2 bomb	8
Lg jualan takjil di sumareconğŸ˜—	8
lu punya sumber daya amunisi gak bro	8
now she wants 20$	8
I just put one in shop	8
700k alcohol needed	8
give me up t3	8
enak untung	8
Can someone send more resouce	8
CÃ³ rss k Ã´ng	8
I always buy some cheap gifts for the beauties in the black market	8
Tá»‘i xÃ¢y nhÃ  cÆ°á»›p háº¿t cá»§a bno ms Ä‘c	8
I dont enought Cross for upgrade, how to find?	8
Mua tn á»Ÿ shop áº¥y	8
need rss	8
if anyone has them on their resource tab please donate	8
need some diamonds	8
Can you find some XiT 3 or 4 millions for me	8
TÃ´i tháº¥y peteria cÃ²n gáº§n hÆ¡n cáº£ tÃ´i :))	8
He is so powerful, attacking his base must be able to get a lot of resources	8
cho xin Ã­t quan mn Æ¡i	8
Need t3	8
0 bro i upgraded villa i had to buy packs for rss for villa	8
U can buy at warehouse shop	8
tháº­t k ta. 12 mil Ä‘áº¡n	8
I can buying from gold	8
hÃ£y cho tÃ´i 100m tÃ i nguyÃªn cÃ¡c loáº¡i Ä‘Æ°á»£c khÃ´ng	8
tolong bagikan aku uang bersih sedikit	8
i need 7 mil eqch for villa 19	8
You have rss Vini ? Send your location	8
750 vÃ ng Ã¡	8
Who needs some resources I will send	8
Lets do it if you want i could pull back some of my troops and send them to yall for extra power?	8
T 4k xÄƒng má»›i Ä‘Æ°á»£c cÃ³ hÆ¡n 4k	8
t lÃ  phang chá»§ mÃ  t kg cÃ³ 1 Ä‘á»“ng nÃ o lun Ä‘Ã³ :( á»§a cá»­a hÃ ng Clan bÃ¡n mÃ  sao t kg cÃ³ tiá»n ??	8
Vá»«a chá»‹u ship vá»«a chá»‹u lÃ£i	8
Sure if you dont mind waiting	8
ohh ewmm i need some rss as well	8
Yes!! These process is soo slow !! Even I buy.. but still golden shards are hard to get	8
is it cheaper.?	8
Nicole frost is free to upgrade after you buy her	8
bc i only can give u 40k every time	8
I need 756.6k alcohol please	8
i need a lot of diamonds for upgrwde level 20 villa	8
i need shards i got no epic shards since yesterday	8
can anyone spare any alcohol i need 2 mil ğŸ˜‚	8
Nháº·t vÃ ng mua rss nhanh hÆ¡n	8
HÃ ng ngon	8
i got good deal on silicone chips from maylasia	8
man i\'m being fuck up br... my bad but i need resoures to heal troops	8
Sáº¯p háº¿t vÃ ng thiáº¿u tÃ i nguyÃªn quÃ¡	8
and i fill you with resources to upgrade fast	8
ok. cÃ³ nhiu rss trong tÃºi xÃ i háº¿t nÃ o.. thanks so much	8
Giá»i láº¯m 1 2m thÃ´i	8
one million money resources and one million bullet resources	8
Oke done 5k gas	8
HÃ  thÆ°Æ¡ng 100k	8
what rss	8
Jualan rokok ma es teh	8
Do u have relocation rss	8
2k vÃ ng Ä‘ang chá» ae	8
itu si don, butuh 1.5m berlian	8
mua sÃ m sÃ m	8
aku lagi membutuhkan uang banyak buat up bangunan milik aku	8
But thanks for sharing. His rss is tempting ğŸ˜‰	8
aint noone going to pay what he wants for it. bet ya he wants at least a grand for it	8
náº¡p mua lun cÃ¡i bÃºa	8
beak gold na,te bisa diganti ğŸ˜…	8
Ty qua cau xem cÃ¡i thÃ ng ngu angel co rss k xÃºc Ä‘áº§u tien	8
gá»­i vÃ o Ä‘áº¥y má»—i thá»© 850k. k thÃªm Ä‘Æ°á»£c	8
I want to plunder resource is there any weakğŸ˜³	8
10 each?	8
sengaja pindah kesini, butuh sumber daya cepat, dengan farming di capitol beb	8
ask for ammunition or diamonds and how much\n	8
mua lÆ°á»£t cháº¡y event nÃ¨ Ã´ng	8
Dont they sell a heavy loss pack for like $5-$10 and you get 2 k troops ?	8
gst should give to us first because we big alliance in this city	8
We want everyone to transfer his city to us	8
Sumber daya lebih dari 1m baru bakarğŸ˜¥	8
200 chÆ¡i 240 ngon Æ¡	8
Maxdevlin take your rss again	8
rss sumber daya	8
100k vÃ ng mua 500 xÄƒng cÃ³ mÃ  lá»— to	8
this one 740,000 trikk is 800,000 can start on either	8
Ya we can do Cash, Ammo, Alcohol, or Gems	8
Cá»© 1m5 dá»¡ lÃ  ngon	8
mua trong vip cÅ©ng Ä‘c bÃ¡c Ã  :))) cho nÃ³ biáº¿t mÃ¬nh lÃ¬ haha	8
500v 1 ng 1 cáº§u chá»© Ã­t Ä‘Ã¢u	8
if they have the game ill pay them 450 coin a week	8
Anyone need rss let me know i have 70 mil money and 30 mil of eveything else	8
If youâ€™re out of toilet paper i am selling bundles of toilet paper for gold	8
can i have some cash	8
Gom mÃ£i Ä‘Æ°á»£c gáº§n 10m tÃ i nguyÃªn giá» háº¿t sáº¡ch	8
T cÃ³ 4m tiá»n 4m rÆ°á»£u 2m thuá»‘c 1m Ä‘áº¡n	8
E cáº§m Ä‘c 95k r a gáº¥u Æ¡i	8
can anybody plz lend me 4m gems	8
sure is he should have good rss too	8
i will need to collect 24 mil each...	8
How much for 8h / each?	8
sending him rss	8
toÃ n 1mil4 rÆ°á»£u	8
Kho tÃ i nguyÃªn Ä‘áº§y lÃ  1.008.000 báº¡n hÃ£y xem lÆ°á»£ng cÃ²n láº¡i lÃ  bao nhiÃªu .	8
bÃ¡n sao Ä‘c	8
millo bsm coordinates pls?	8
e bay Ä‘Ã¢y	8
muniÃ§Ã£o e bebida	8
cho vo Ä‘á»“i lÃ¢u Ä‘Ã i k	8
ğŸ˜¹	8
I also just took resources, then back off	8
How can I get gems as of now?	8
Láº¥y 200k qÃ¢n chá»i 1m thÃ¬ ghÃª rá»“i	8
LÃ­nh Äƒn tÃ i nguyÃªn chÆ°a xong	8
Sangat mahal	8
250k	8
885,000 for boss 36 ğŸ™ˆ	8
we are out of alliance resources	8
Thiáº¿u thÃ¬ mua chá»© sao	8
Ae thu Ä‘á»“ thu cho háº¿t Ä‘i	8
t nÃ¢ng tiáº¿p cáº§n 14k vÃ ng mja thÃ¡nh giÃ¡ láº­n	8
i need real money	8
Bay nhanh tay ghÃª	8
I need another 500k, lend me the money, I\'ll return it after farming	8
i got loads left	8
So 2 star ella or 19500 gold?	8
i wqs thinking youve been framed i can get cash for it ğŸ˜™ğŸ˜™	8
Thank you I can send ya some gems after my levy is done.	8
BÃªn lm cÅ© cÃ³ tháº±ng trong nhÃ  100m rss	8
there several million rss in mine if u can get by the 500k troops	8
Mua cÃ¡i battle pas cÃ³ lá»£i	8
I need rss,tks you,have a nice day guysğŸ˜†ğŸ˜†	8
cÃ²n vÃ i chá»¥c cÃ¡i ná»¯a thÃ´i	8
i put my t4 in store, not enough yet	8
No business selling organs	8
A gáº¥u vÃ o xe Ä‘i. K cÃ³ thÃ¬ cho 50k kÃ©	8
100 vÃ ng	8
Gold trong ngÆ°á»i nÃ³ pháº£i trÃªn 100k	8
I want take rss first	8
u take 300k cash and 300k amo and alcohol plus diamo ds	8
QuÃ¡ chi lÃ  máº¥t thá»i gian . Váº­y mÃ  bÃªn gst cÃ³ ráº¥t nhiá»u ngÆ°á»i cÃ³ t5 vÃ  há» náº¡p vÃ o Ä‘Ã³ ráº¥t nhiá»u tiá»n	8
22 for lvl 80	8
100k chia ra lÃ m 3 con	8
mua vÃ ng Ä‘á»ƒ nÃ¢ng vip	8
Mua lÆ°á»£t thÃªm Ä‘i Ã´ng	8
Máº¥y tháº±ng nÃ y cÃ³ rss k xem Ä‘c chÆ°a	8
Someone has a surplus of alcohol to give me 200k	8
i will box up a snowman. some assembly required. no warranty.	8
300k lÃ  ngon Ä‘á»¡ hao qÃ¢n	8
buy one on the black market or in store	8
buy gals upgrade to lvl 20 is very fast, 1 million can get .. but doesn\'t mean u have the troops to fight with	8
eza give me some diamonds?	8
how much rss?	8
BÃªn t 47.5	8
60k only	8
tolong bisa kirim permata	8
Ok. Pretty tough guys at arena	8
i need alcohol and a lot bomb....did anyone want switch to me?	8
qua a chuyá»ƒn nÃ³ 400k rÆ°á»£u ok mÃ . a tháº¥y max 1mil5	8
Maybe 500k	8
give me some resource gaes	8
I got double tapped by GST  Boom last night, lost 37k t2. Can someone repay the favour?	8
ini saja tukang saya bayar pake emas lol	8
If the game works on the black market, the exchange of legendary capos cards is better	8
Put 20 1hrs in shop	8
ada yang punya sumber daya lebih,, saya sangat membutuhkan nya	8
Anyone can spare money rss	8
Kiem tra xe cuu thuong can bn Dan minh chuyen cho	8
i can send 67,298 t2	8
no items in there and all funds gone	8
i need money	8
black market I buy up all speeds, beverage and diamond tokens with money and ammo. that way you will stack up a ton of speeds and resources	8
TÃ´i cÃ²n 4k xÄƒng	8
30m Mr.Fantastic ^^	8
mua gÃ³i Ä‘c tÃ­ mÃ  :)) cÃ³  bÃµ tÃ i nguyÃªn Ä‘Ã¢u	8
200-300k	8
ok mÃºc thÃ´i	8
i could buy all rss from vip shop with 80% sale	8
buy watermelon ^^	8
aku menggila, butuh 40M uang, 40M amunisi, 30M minuman keras bro	8
Bay sáº¡ch 17m tÃ i nguyÃªn mÃ  cháº¿t gáº§n háº¿t lÃ­nh	8
Ä‚n Ä‘Æ°á»£c	8
10 gold per cross	8
so i can help myself qnd others with rss	8
cáº§n 1b rssğŸ˜—	8
Uk 43p Ä‘c Ä‘áº¥y	8
Outa resources can anyone send some?	8
you can buy vip points using gold. 1 gold equals 1 vip point	8
Do yo have rss?	8
do you n3ed rss	8
tunggu dalam waktu 3 hari ini ya, klau dak ada yg beli saya memberikan	8
and i need 90 mil cash 90 mil amoo 70 mil alcohol and 30 mil diamonds for villa 25	8
Tui cÃ³ xÃ¢y sáºµn 1 cá»­a, Ä‘á»‹nh há»‘t cáº£ 2 luÃ´n vÃ¬ 500vÃ ng má»—i cáº§u láº­n haha	8
Any hits out there for goods?	8
only 100k different	8
Anh em mua má»¥c  trÃªn  thÃ´i	8
2 thun ada	8
You can buy it at your house, 50 gold bars and a bell	8
T cÃ³ 100k r	8
Ã€ mua thÃ¡nh giÃ¡, muá»‘n ráº» Ä‘á»«ng mua shop	8
do you guys have any resources i request	8
i m also farming low city player that out of ally agreements to make rss, thats help me growth faster.	8
Cho vÃ o rl 30k lÃ­nh cho full 320k Ä‘i	8
5 Ä‘Ã´ 100k	8
100k nÃ¡t bÃ©t ngay :))	8
I have 390 Gasoline 100 fill and 18 petrol 500 fill	8
I need 8 mill cash	8
Im verry needed rss	8
Just 2-3m gem got short to start manor 23 upgradation brother!! So just I just puchased it.ğŸ˜‘	8
buy what?	8
I buy any elite one that are not gold in the black market	8
give some resource to my city	8
only 620000	8
If you need rss, tell me n member.	8
i can swap for gems....got loads	8
Mua	8
You need rss?	8
Nháº·t vÃ ng nhanh hÆ¡n farm nhju	8
pke emas atau reli markas pasukan bayaran	8
Tháº¿ má»›i cÃ³ tiá»n mua team xÃ¢y 2	8
chá»¯a lÃ­nh háº¿t 1mil tÃ i nguyÃªn má»—i loáº¡i	8
Äá»• xÄƒng	8
Thá»«a 1 tá»· Ä‘áº¡n	8
Äá»ƒ t fn 800k	8
i need some gold coins to upgrade my boss vella ğŸ˜©ğŸ˜©ğŸ˜©ğŸ˜©	8
CÃ³ cÃ¡i dá»‹ch chuyá»ƒn vÃ ng ko	8
Have transferred you cash and ammo	8
resources	8
saya mengumpulkan dari pasar gelap	8
all GST members are welcome to ask for a contribution of the ammunition resources and money that I need two million each	8
Both in 5$	8
guys can you help me with 5 million amo please...?	8
just amo and cash needed	8
a level 13. cho chuyá»ƒn 2mil8. lÃ£i 23%	8
LÃºc nÃ o Ä‘áº¿n sk bá»‘ giÃ  cÆ°á»›p tÃ i nguyÃªn thÃ¬ xÃ i	8
im short on cash and ammo alot	8
Ai vay hay cho vay	8
90 mil cash 90 mil amo	8
1h cho 10 vÃ ng	8
over here change name need plate. have to pay.	8
Let me know if any of you are low on Resorcies via private chat	8
nice parihas pala tayo mas maganda yan may mag tatop up din kahit papaano sa clan natin	8
shop lm mua toan do tao lao	8
1k6 má»™t lÆ°á»£t huáº¥n luyá»‡n. má»™t ngÃ y chá»‰ cáº§n 2 láº§n.	8
váº­y hÃ ng e Äƒn chÆ°a,  :D	8
10m uang siap	8
Last Harley gun. No more	8
What type of resources you need the most bro?	8
T cÃ³ 3m nÃ y	8
I send you some troops to your city easy	8
ai cÃ³ du kim cÆ°á»ng chuyá»ƒn cho cho mÃ¬nh xin 500k vá»›i	8
1m	8
mua Ä‘á»ƒ dÃ¹ng  ko ai nÃ³i  mua Ä‘á»ƒ  Ä‘Ã³  trÆ°ng  ak	8
game nÃ y cÃ³ cáº§n náº¡p tiá»n ko	8
70 mil diamonds	8
Only 550k	8
á»Ÿ Ä‘Ã¢y cÃ³ má» rÆ°á»£u liÃªn minh cho báº¡n láº¥y vÃ  phÃ¡t triá»ƒn xrest	8
I will give you resources if you want	8
free rss, good to collect every 4-6 hrs, lots of new players don\'t know and sometimes the regulara forget including myself	8
250k mÃ  hÆ¡i chÃ¡t	8
you can buy gas in the vip shop	8
mua háº³n 500 cÃ¡i	8
How much u got rss in one day	8
Mua tÃ­ch dáº§n chá»© bÃ¡c	8
ÄÃ¡nh báº¡o loáº¡n, mua exp, lÃ m nhiá»‡m vá»¥	8
Yeah i bought the Exp ima try to reload game	8
bensin 150 terakhir bro, join, hehe	8
You can buy now	8
I can send gem for money	8
need a lot of rss	8
need diamonds asap lol	8
malah dagang wkwkwkkw	8
1500 gold, 3 golden card, 3 purple fragment	8
Má» tÃ i nguyÃªn :))	8
38k only broğŸ˜¥	8
yang mau beli silakan	8
Ä‘áº¡o phá»¥ 35k ná»¯a	8
How many do you need. I have around 30M here	8
æ˜¯å“ªä¸ªå•Šï¼Ÿè¦å¤šå°‘é’±ï¼Ÿ	8
Mua shop chá»£ Ä‘en	8
3.5M@lvl 19	8
i need money	8
T cÃ²n. 15k Ä‘Ã¢y nÃ y	8
Who can help me for ammo and diamond?	8
I need rss for my troops	8
Mua vÃ© bay b	8
yes 2k per building lol	8
18m for both ammo and notes. 13m for beverages and 9m for diamond	8
Resources looks nice 15 million	8
Bem láº¥y tÃ i nguyÃªn nÃ¨	8
T cá»© vÃ©t mÃ£i mÃ  ko háº¿t ná»•i	8
Gunman gua 100k lebih harusnya 60k cukup	8
50m wine for upgrade police office lev 24ğŸ˜©	8
ya,semoga bisa,saya sudah menambahkan ke toko aliansi,kamu bisa membeli	8
14m5 tiá»n cáº£ thuá»‘c r. cháº¯c Ä‘Ãªm nay Ä‘á»§ xÃ¢y nhÃ  21	8
send troops to steal resources alsoğŸ˜‘	8
Ae Æ¡i sÃ²ng nÃ y 2h ná»¯a má»Ÿ cÃ³ thá»‹t ko	8
Mua máº¥y cÃ¡i nÃ y :))	8
Mua cáº£ loa Ä‘á»ƒ chÆ¡i	8
i need the rss for villa 14	8
They cause a war and steal his rss	8
5p hay 10 Ã´ng	8
Giá» tÃ¬m phÃº bÃ  bao nuÃ´i thÃ´i	8
Vs 3 gÃ³i vip má»—i gÃ³i 20k	8
cho bay luÃ´n ae	8
My logistic has been im upgrating.. do you help me? I need alcohol 400k n diamond 200k	8
beli abangnya aja kali ya biar di buatin langsung hahaha	8
tele hanya tersisah 2 sangat sayang untuk menggunakannya	8
kirim saja amunisi, uang, bro hehe,	8
lÃ­nh cáº¥p 4 cho nhanh tÄƒng lc	8
Mua buff	8
Amlia 20m !?	8
gua ngumpulin sumber daya nya capek bener kemaren.. 2 akun pulak..	8
T cÃ³ 150k t4	8
The one offer is 100$	8
T mua full buff vs rsss	8
16-18 Ä‘Æ°á»£c 50	8
You can move here, and I\'m here to collect resources,	8
tapi suka ada bro di balck market nanti beli nya pake money atau ammo	8
sure how much Mr.F ?	8
I want 100M haha	8
200k lÃ­nh 4	8
need resources for event tomorrow.. ğŸ˜©	8
Duit lu brpa put?	8
anyway give me your monies	8
and demand 6m gem for the beauty lol	8
I need beverage and gems please and thanks	8
K vÃ o 200k thÃ¬ k Ä‘á»§	8
TÃ¬m máº¥y tháº±ng cÃ³ 2-300k mÃ  láº¥y	8
10 má» Ä‘Æ°á»£c 1 má» rá»“i nÃ¨	8
help me for spend my gasoline 450	8
guess maybe I should do that instead of spending it on RSS in the black market	8
Yess I use to buy .. but it need 100 cross now	8
LÃ­nh cá»§a bÃ¡c cho Ä‘i xÃ¢y nhÃ  an toÃ n	8
:)) tÄƒng riÃªng 1 báº£ng farm tÃ i nguyÃªn Ã´ng	8
Láº¥y 400tr náº¡p game a	8
CÃ³ hÃ ng ko bÃ¡c	8
can someone send me diamonds?	8
I\'ll take it now	8
sure get mine. 200k. hehehe	8
mua lÃªn shop trÃªn Ã½	8
a bit of both..	8
we need just 50 k more	8
330k onlyğŸ˜£	8
mua Ä‘Æ°á»£c ráº¥t nhiá»u thá»© Ã´ng Ã 	8
4 cáº§u, 4000 vÃ ng Ä‘Ã³, chÆ°a tÃ­nh chuyá»‡n nÃ³ kg nháº£y qua Ä‘Æ°á»£c,	8
XÄƒng nhÃ  bÃ¡n Ä‘áº§y	8
i need liquor and ammo for Villa 16	8
Mua vÃ­p	8
10 mil achohol	8
3 mÃ¬nh bÃª Ä‘c 1m Ä‘áº¡n lÃ  cÃ¹ng	8
T Ä‘c cÃ³ 500k	8
3.7 mill alcohol	8
vÃ¬ ko bt	8
I also have a $49.99 pack here	8
CÃ²n cÃ¡i trong chá»£ Ä‘en thÃ¬ bay ngáº«u nhiÃªn	8
As long as the resores are good im down	8
aku sedang meningkatkan toko pakaian	8
Lol lots of gas unused in my inventory	8
minta buf dep sama attack	8
ayo kirimkan sumber daya haha	8
aku sudah beli, dan sudah menggunakannya bro	8
Cho sá»‘	8
ok but I need MoneyğŸ™‡ğŸ˜³ğŸ˜™ğŸ˜™ğŸ˜™	8
NhÃ¬u khá»©a giáº¥u rss nhÆ° mÃ¨o giáº¥u shit áº¥y	8
but a lot of rss to heal all i think	8
láº¥y vÃ ng Ä‘áº­p háº¿t vÃ o VIP lÃªn nhanh mÃ 	8
Butuh 680rb pasukan	8
900k t cho bay dc	8
i have so many resources i cant movr thrm with that limit	8
Money! Just grinding up my power over here lol	8
yes gold i.m 1.487	8
Open untuk markas bayaran	8
mau beli di toko aliansi malah keduluan	8
ngikut bang, ada pabrik miras ama sumber dana. tinggal pilih	8
I need all resources please and thanks	8
900k alcohol  needed	8
jangan lupa kirimkan aku hadia hasil kemenangan hahaha	8
biker T4 only 10000 plus	8
TÃ´i láº¯m tÃ i nguyÃªn quÃ¡	8
anyone got a stash of legendary frags they havent used yet... alliance tak in event 450 points to use 30	8
ada yang punya amunisi	8
PhÃ¡t nÃ y 300k mÃ  miss	8
TÃ´i lÃ¹a háº¿t 2 cÃ¡i lm nÃ y rá»“i	8
Ai cho 2 m kim cÆ°Æ¡ngğŸ˜¥	8
Can someone send like 30mill of ammo when they get a chance	8
yw. So tell me. Are you short on gold?	8
10 gold for ars	8
need gems and liq for building upgrade..	8
Or purchasing	8
T up nhÃ  25 :))	8
960k and T4	8
Mua báº±ng tÃ i nguyÃªn má»	8
Oh mind sending like 400 k so I can upgrade my research facility	8
Do you need rss? I have litle more rss	8
Because if we buy it at the store for around 5 dollars we can sell it or auction it	8
Bay gáº§n 10m tÃ i nguyÃªn rá»“i	8
Máº¹ nÃ³ cháº³ng cÃ³ rss j	8
I need money now	8
ThÃªm Ã­t tÃ i nguyÃªn	8
More gems per hour	8
mua tÃ i nguyÃªn lÃªn cho láº¹	8
1month for T4 biker	8
Rss 2m má»—i loáº¡i	8
~600m cho táº¥t cáº£	8
ai mua quá»¹ lm 33 cÃ¡i buff 8h kia :((	8
LÃ  tráº£ 1m1	8
Uang utowo amunisi	8
DÃ¹ng lÃªn vip mua rss tr cÃ¡c kiá»ƒu	8
275k for a level 2	8
i need these 5 to get them to maximums	8
need 180000 or more	8
DÆ° vÃ ng mua cÅ©ng Ä‘c	8
Mua full buff shop rá»“i mÃ  ko Äƒn thua	8
i\'ve got many pocket many eachday	8
yeah it is like watching paint dry. Anyone want to lend me 25k Gold? might set up a Go fund me account	8
mau koin Silver kagak ayo siniğŸ˜‘	8
YQQ DO U NEED RESOURCES	8
100 dollaes for 2500	8
mungkin kalian membutuhkan sumber daya,kami bisa membatu dengan cara ini,semoga manfaat	8
Bay hÆ¡n 10m tÃ i nguyÃªn Ä‘á»ƒ chá»¯a nÃ¨	8
kill rioter stage 2....yes. i buy up to 500 gold  for 500 galons	8
Casper up 5M	8
aku butuh 10m uang, 10m amunisi, 5m minuman keras, 5m berlian bro	8
cÃ³ má» vÃ ng Äƒn rá»“i :))	8
Well I got resources item in stockpile too	8
thu hoáº¡ch tÃ i nguyÃªn	8
Tiger can i trade you gems for money	8
T cÃ³ 8k 1 phÃºt thÃ´i	8
sulit sekali mau meningkatkan level villa saya ke level 21	8
mÃ  Ä‘á»§ rá»“i Ã¡. tá»‘i nay t treo lÃ  5m rá»“i	8
mua lÃ­nh thÃ¬ nhiá»u time	8
i\'m short on cash need to start building my villa	8
harley 20k du rui	8
from aa small as 5 dollars	8
silahkan saja bro, uang dan amunisi saja	8
tÃ´i mua rá»“i dÃ¹ng háº¿t rá»“i .mua xÄƒng báº±ng vÃ ng rá»“i	8
NgÃ y lÃ m 2 cuá»‘c láº¥y 3k vÃ ng	8
send me gems	8
do u need rss Duke?	8
Äá»ƒ xem cÃ³ hÃ ng gÃ¬ ngon ko kiáº¿m kÃ¨o rl nhiá»u mÃºc	8
20jt pn gpp kasi lu	8
bulk price	8
need 5mil gems to start level 22 someone keeps leaving the resources at a few k only left lil fck my life	8
VÃ ng nhiá»u mÃ 	8
I will send what I have to below that. Its only 4 though	8
200 gold, 5 speed building, 5 training, 5 Research, and 5 healing each of them is 1 hour upgrade and 5 VIP 100	8
1 tiáº¿ng ngon thÃ¬ 1k5, cháº­m thÃ¬ 1k2	8
TÃ´i cÃ³ vÃ­p Ä‘Ã¢u	8
I need gems!! If anyone can help!	8
with gold?	8
how much rss you need	8
I need a cheap accelerator	8
T háº¿t tÃ i nguyÃªn chá»¯a lÃ­nh	8
preciso de recurso	8
táº§m 20 nghÃ¬n Ã¡	8
Kiáº¿m rss ngoÃ i cho full Ä‘Ã£ mai tÃ­nh tiáº¿p. Ae cá»‘ gáº¯ng nháº·t nháº¡nh ngÃ y nÃ o hay ngÃ y Ä‘Ã³	8
Ae Ä‘Ã¡ng Ä‘Ã´ng. Chá»‰ cho xe cháº¯c cÅ©ng Ä‘á»§ 880k	8
Cooley offered resources and I asked for some gems.	8
e Ä‘áº§u tÆ° 750 vÃ ng luÃ´n	8
ThÃªm Wild ná»¯a xem giáº£m bn	8
i need 400cash anyone?	8
Má»—i ngÃ y lÃ m 1k2 Ä‘áº¿n 1k5 vÃ ng	8
vÃ ng t mua lÃªn vip6	8
no i used money and amo to exchange for diamond and booze	8
Can someone send money please and thanks	8
1k5 vÃ ng. 3 vÃ© tÆ°á»›ng	8
50 xÄƒng x 250 lÆ°á»£t	8
Mua ltinh. ÄÃ¡nh nhau cháº¿t máº¥y quáº£ Ä‘au k hiá»ƒu sao. Äang chá» cÃ³ tÆ°á»›ng ngon	8
hey madam, pls send some money and ammo	8
Can open vip premiun lvl9	8
10 vÃ ng mÃ  canh khoáº£nh 3h lÃ  cÅ©ng kha khÃ¡ Ä‘Ã³	8
how much	8
Tang 200k lc Ä‘Ã³	8
28g an ounce	8
800k lÃ­nh	8
would anyone have any spare cash	8
I have almost 30k gas stockpiled now	8
Tá»‘n rss pháº¿t Ä‘áº¥y má»—i loáº¡i 15-18m	8
I will send many rssğŸ˜‘	8
ÄÃ¡nh cÄƒn cá»© cáº¥p 2-3 gÃ¬ cho nhiá»u Ä‘á»“ Duy Anh	8
gw top up buat buka tukang doang	8
I have armor sets for all 4 formations , biker , bulker , vehicle and shooter	8
I have some ammo and alcohol if ya need a bit gems doing okay	8
G ive got 5 gold capos tp lvl50	8
50k usd	8
I need all the resources, but if you don\'t have them all you can send what you can	8
NÄƒng suáº¥t thuá»‘c	8
only three or four hundred to choose from	8
I need little alcohol, can you guys help me?	8
May nhÃ  cá»©u thÆ°Æ¡ng t to 150k	8
one million only	8
mayan tu buat nambah2 rss di aliansi	8
all 9n diamond or beverages	8
Free resources here	8
pasokan sumber daya menurun hahaha	8
nháº·t vÃ ng á»Ÿ Ä‘Ã¢u Ä‘áº¥y	8
pen top up cok	8
I got guns left over from previous event	8
I need to attack someone who has a lot of rss. I need 30mil more to upgrade villa	8
do you need gems..?	8
to whom needs rss	8
Vip 8 17,5k vÃ ng vÃ£i Ä‘áº¡n	8
any spare alcohol	8
game dipersulit karena kalau main game ini harus top up dulu ya bro	8
do u need any rss.	8
iya belum ada kiriman sumber daya dari kamu beb, hehe	8
1lter 15ribu	8
tapi minimal pasukan harus 50k di atas	8
Like giving rss to another member of ur alliance?	8
20m cash	8
DÆ° slot Ä‘áº§y nÃ¨	8
me too.. very need much  diamonds	8
The Black Market is open.	8
klo g nyampe 70k nanti ku cancel	8
Done purchased her	8
NEED 5 MIL AMO PLEASE.	8
Äá»ƒ láº¡i toÃ n Ä‘á»“ thá»«a	8
Full cÅ©ng chá»‰ 1m5 /1 nhÃ 	8
aih need 200k reli power	8
gua butuh rss untuk menyembukan pasukan	8
10m is still so less!! Compare to everyone in this server	8
Try that last time, no refund	8
I have 16 million in alcohol and 11.5 million in gems and 15.8 million in money ğŸ˜‘	8
15 mil food 12 mil ammo 6 mil liquor 3 mil gems	8
Preciso de muitos recursos para villa nv 22 YACUZA	8
I want some 8h	8
make me ğŸ™‰ğŸ™‰ ruby	8
Tapi gak usah kirim bro,saya punya akun kecil untuk cari sumber daya	8
tÃ­nh ra váº«n lÃ£i 250 vÃ ng	8
I need 400k alcohol only bro	8
ai cho vay 1mil thuá»‘c Ä‘Æ°á»£c k.  @.@	8
some i bought at black market.	8
CÃ³ 185k thÃ´i nÃ u ae	8
cÃ³ 110k vnÄ‘ cÃ¡i Ä‘Ã³, mua cho dá»… chÆ¡i	8
Tons of rss	8
Má» lv5 750k, 4 Ä‘á»™i farm 1 láº§n khoáº£ng 4h Ä‘Æ°á»£c 3m. 1 Ä‘á»™i dÆ° Ä‘i xÃ¢y nhÃ 	8
anybody needs a villa 20? am quitting	8
tá»‘n tá»‘n 600 vqngf Ãºp nhÃ  thá»	8
báº¡n cÃ³ thiáº¿u rss khÃ´ng?	8
Mai pháº£i Ä‘i gom tÃ i nguyÃªn láº¡i	8
got rss	8
diamonds I\'m on 3.9 but I need 8.9	8
I also need resources but I have been levying	8
vÃ´ bem tháº±ng namthien kiáº¿m resource	8
vÃ­ dá»¥ ch 100 nháº­n dc 80	8
CÃ²n rsss nÃ o k	8
I still have a ton left	8
maybe for those at lv 18 can trade with u	8
60k t2	8
villa 20 need ablot of resources...	8
Bay sang chá»— nÃ³	8
ThÃ´i áº¡ nhÃ  ko tiáº¿p khÃ¡ch	8
Move over to my side and I\'ll give you some resources	8
Getting more alchohol	8
now sell me some strawberry lemonade if you lot got it	8
800k Ä‘áº¡n ae xÃºc k	8
cÃ³ ai dÆ° tÃ i nguyÃªn gÃ¬ khÃ´ng cho mÃ¬nh xin Ã­t vá»›i	8
yes u can buy from vip shop.	8
Not in 15 but 650k I think if I be 15 I will be 800k	8
Mua mÃ¡y má»›i chÆ¡i cho Ä‘á»	8
Cá»© báº±ng tn lÃ  mua	8
hahahha. support me some rss la, im broke as hell lolğŸ˜¥ğŸ˜¥ğŸ˜¥	8
mua lÃªn nhÃ  cho nhanh chá»© vÃ ng cÅ©ng Ä‘á»ƒ mua máº¥y cÃ¡i Ä‘áº¥y thÃ´i mÃ 	8
Äá»ƒ vÃ­p 5 thÃ´i	8
Black market open with 8-hour shields available.	8
butuh 36 jt ğŸ˜¥ğŸ˜¥	8
Anh em há»— trá»£ mÃ¬nh Ã­t tÃ i nguyÃªn Ä‘Æ°á»£c khÃ´ng	8
Liquor, beer, wine	8
Mai nÃ³ lÃªn 15m :))	8
Máº¹ bao tÃ i nguyÃªn	8
Pasukanku habis sampai dana buat mulihkannya mencapai 1M sumber daya	8
Xong Äƒn  cÃ¡c gÃ³i tÃ i nguyÃªn 1 rá»•	8
cho em vay Ã­t tn vá»›i	8
Ä‘c 3k vÃ ng. 30 buff 3h. vs tÃ i nguyÃªn	8
I\'ll send you some resources. We\'ll attack him later	8
500k nice guys	8
100k Ä‘Ã¡nh tá»‘t	8
ai á»Ÿ Ä‘Ã¢y cÃ³ vÃ ng Cho TÃ´i thÃªm Ã­t vÃ ng vá»›i Ä‘Æ°á»£c ko	8
my men are easily replaced i pay in cocaine lol	8
These are the last of my guns for harley	8
malah di bilang sultan, tukang saja saya bayar pake emaa tidak top up	8
ğŸ˜µ	8
A lot of people sell they gamers stuff or just give it away i seen a lot people message me	8
cÃ³ nhiá»u ae cáº§n xÃ i mÃ  baa	8
money, amunisi and drink	8
I lack alcohol and diamonds but cash and ammounition I have enough	8
Now. 100k for a safe house	8
SÃ¡ng mai mua Ä‘c buff 8h lÃ  lÃªn 16 rá»“i :))	8
VÃ ng Ä‘á»ƒ mua nhanh 8h	8
I need money, ammo and alcohol	8
Kiáº¿m máº·t  láº¡ dÃ¢y chuyá»n	8
NÃ³ Ä‘ang dÆ° 2m tÃ i nguyÃªn	8
only 200Â£	8
I rob his resources to aid our members bro	8
I restock, have lots of fuel stocked up	8
ok i will take it bro thanks	8
ada power pesaratannya	8
~ 150k T4	8
i need a ton of rss...	8
Mua khiÃªn á»Ÿ chá»£ Ä‘en bÃ¡c Æ¡i	8
Ill take 50k gold	8
beli di toko banyak jam tangganğŸ˜¥ğŸ˜¥ğŸ˜¥ğŸ˜¥	8
Cháº¯c chá»‰ dc tÃ i nguyÃªn sao Ã½	8
Blood, do you have more resource stock?	8
Láº¥y cáº£ máº¥y cÃ¡i sÃ²ng 300	8
but i need shards	8
They helped me when i need rss and pts for KE	8
Mua shop Ä‘áº§y.	8
momo hoáº·c sim hoáº·c atm	8
ini 2 hari untuk proses penyembuhannya bro, dan masih kurang rss untuk menyembuhkan pasukanku bro	8
I need 5 million in each resource	8
can anyone donate 2millions gems ?	8
cÃ²n art vs tk cheap	8
want more rss? hit bsm member	8
I sent ya 1.2 alcohol. I have close to 20 mil	8
and other resources too	8
cÃ¡i lá»±u Ä‘áº¡n mua chá»£ Ä‘en	8
buy some searches bro... i filled mine a few times... got 9 gold capo now	8
Ä‘Ãºn váº¡i chá»© cáº¯n Ä‘á»u ngÃ y 400 vÃ ng chá»© Ã­t gÃ¬	8
tiá»n mua Ä‘á»“ khÃ¡c nhe. k pháº£i Ä‘á»“ng xu báº¡c	8
sell	8
berlian	8
cashh only	8
200 k ammo	8
buat pabrik berlian bos	8
50k gold will buy a large power increase	8
Cá»­a hÃ ng trang bá»‹	8
anyone got spare liquor	8
5m rss	8
anyways to buy it without gold?	8
1.1 mill rss profit after medical	8
Mua Ä‘áº¿n 150 r Ä‘Ã¢y	8
i need 2k gold for vip 5	8
Cho full lÃ­nh nhÃ©	8
t nÃ¢ng mua buff báº±ng vÃ ng	8
200-250 vÃ ng 1 cÃ¡i	8
900 crosses for lvl 18    800k cap	8
e recursos para roubar	8
Ko gáº·p Ä‘á»ƒ tráº£	8
Yes. I need rss	8
Give us your all T3 please	8
hit them city and you will got a lot of rss.....cheersğŸ˜©	8
easy rss	8
Kho cÃ²n 10m tiá»n, 10m thuá»‘c 6m rÆ°á»£u 4m Ä‘áº¡n cháº¯c Ä‘á»§	8
What resources do you need	8
i need millions	8
ai cho e tiá»n Ä‘á»ƒ topup game Ä‘i nÃ o :))	8
and some resources along with it	8
I want to rob the enemy city of resources, but there are no enemies here. irritatingğŸ˜§	8
Need many millions of each resource to upgrade my Villa from Level 20 to Level 21	8
Hay mua máº£nh ghÃ©p tÆ°á»›ng	8
its 1500 gold	8
anyone got some money or ammo? i will help back later	8
2 mil.	8
BÃª 1 phÃ¡t 1m3	8
haley Bao Loan can 60k quan nhe	8
anyone can share some diamonds?	8
Mraf bisa tolong bantu,aku perlu berlian	8
Kiáº¿m Ã­t tÃ i nguyÃªn	8
10 mil vns player	8
pawnshop  , vip part	8
I\'ll cancel it if it\'s less than 400k K.	8
Ko máº¥t nhÆ°ng gá»­i cÃ³ 1k cháº³ng bÃµ bÃ¨n gÃ¬	8
s3nd 1 mil cash fast	8
biar aku cepat menghasilkan resource lebih banyak lagi	8
CÃ²n. 30 con ná»¯a	8
you owe me more resources now tho ğŸ˜™ğŸ˜™ğŸ˜™ğŸ˜™	8
if you need any resources just ask	8
TÃ´i cÃ³ 230 triá»‡u rá»“i báº¡n	8
show me the resources of you	8
But 30000k can have T5.	8
i bought few rss packs yesterday	8
yes i need a ton of rss by then.	8
Em xin Ã­t kim cÆ°Æ¡ng vá»›i	8
Chuyen tai nguyen cho Bao	8
400k r Ä‘Ã³ ,	8
Lao dai va siver tang them quan di	8
Hey, I\'m having a resource crunch.	8
CÃ²n 200bx100 10x500ğŸ˜¥	8
LÃªn háº¿t tÃ i nguyÃªn	8
biar cepat kaya bng	8
need more gems for Castle 24	8
CÃ²n toÃ n 20/30k	8
VÃ¬ up nhanh qÃ¡ thiáº¿u nl, láº¡i pháº£i mua nl báº±ng vÃ ng	8
Mua vá» xÃ i dáº§n	8
Uh cause resources?	8
I have 30 100 Gasoline and 17 500 Gasoline	8
Ive been buying gas for weeks	8
chÃºc Ã´ng sá»›m kiáº¿m Ä‘Æ°á»£c nhiá»u rss	8
lvl 2 Merc Base kasi dpt 220k ++troops haha	8
Need any resorcies	8
TÃ´i Äƒn má» máº¥y chá»¥c nghÃ¬n tÃ i nguyÃªn xg ngá»“i Ä‘á»£i Ä‘Ã¢y	8
Need T5	8
I need harleys	8
ae r3 cÃ³  cáº§n  mua j thÃ¬  nc nha	8
Already dump all i had yesterday	8
and some rss xd	8
Guys i need 80 k in booze	8
cÃ³ thá»i vÃ ng	8
TÃ i nguyÃªn áº¥y. Tiá»n thuá»‘c rÆ°á»£u Ä‘áº¡n gá»i chung lÃ  rss	8
T Ä‘á»ƒ 20m thÃ´i	8
maybe cash and ammo just few 100-200k	8
Cool I need 2 mil in cash and ammo. 4 mil in gems and alcohol	8
CÃ³ 500k rÆ°á»£u Ä‘Ã³	8
K cháº³ng láº¥y Ä‘c bn. 50m rss	8
XÄƒng con 100 bÃ¬nh x100 20 b 500 2 binh 1k	8
do you got plenty of resources?	8
1 upgrade 6k gold	8
pháº£i trÃªn 250k má»›i ok	8
Báº¡n bÃ¡n cho mÃ¬nh 1 dá»‹ch chuyá»ƒn	8
300k lc thÃ´i	8
Sorry, I am only taking T4s for Merc lvl 5	8
cÃ²n ai cÅ©ng Ä‘c.cÃ³ rss ae mÃ¬nh cá»© mÃºt thÃ´i kkkk	8
Gom cÃ¡i gÃ¬. 1m5 á»Ÿ kia r ae cÃ²n bn cho xg dÆ°á»›i	8
ko sao Ä‘Ã¢u bÃ¡c. vÃ´ lÃ¬ xÃ¬ cho ae má»—i ngÆ°á»i 10mil 20mil rss lÃ  Ä‘c rá»“i	8
game nÃ y cÃ³ web náº¡p ko ta	8
There are only two of my new town-moving props left	8
T co f dÆ° 30k vÃ ng	8
CÃ³ hÃ ng r	8
1,093,000 for 40 lol	8
small amounts of legendary tokens, rss tokens and speed buffs	8
can we farm BSM ? need Rss	8
Mn cÃ³ mua exp 20k báº±ng 400 Ä‘iá»ƒm ko	8
báº¡n cÃ³ 500k tiá»n 900k Ä‘á»“ uá»‘ng 1M Ä‘áº¡n vá»›i 300k kc ko hamster	8
lv cuá»‘i xÃ¢y nÃ³ xÃ i cÃ¡i báº£n váº½ cuá»‘i cÃ¹ng 2k gold 1 báº£n	8
ganti akun untuk memasok Rss ke BAU Bau	8
rÆ°á»£u gáº§n 30m Ä‘áº¡n gáº§n 20m	8
hiw much did u top up bro	8
kalau bisa kasih sesuatu untuk resource penyembuhan	8
i need some rss ğŸ™	8
2000k	8
i put all in T5 there I don\'t care if they all dead.	8
25 for t5s	8
jangan lupa kirimkan sumber daya untukku bro, kirim saja sumber daya, kecuali berlian, hehe	8
I need lots if resoucres please	8
100 bell = 5k gold ?	8
Its 1k good in the pawnshop store for 24hours but you can find it cheaper in the blqck market	8
500k diamond do you have	8
tien Ä‘Ã³  ae quyen gop	8
Ä‘Ã¢y Ä‘c 842k Ä‘áº¥y	8
i need gems and liq...	8
Vá»«a gá»i bÃ¡c á»Ÿ zalo ae Ä‘i kiáº¿m rss	8
BÃ¡c  hey Æ¡i t qa bÃªn no1 láº¥y tÃ­ qÃ  nhÃ©	8
dear all I need a million of all resources for my T3 research so can I get some help	8
by chance do you need any resources	8
Cho nÃ³ bay 350k 1 Ä‘Ãªm	8
depends on how many t-4\'s we send. T-4\'s are all i have so i guess how many can you guys send. im good for 200k.	8
Tiá»n thuá»‘c má»—i loáº¡i 18m r	8
Bay Ä‘c mÃ , tui sang nÃ¨	8
anyone have any target with rss	8
You will also find level 4 gems ,money and alcohol here	8
chá»‰ mua vip thÃ´i, mua cÃ¡i khÃ¡c lÃ m lá»—	8
Can you send alcohol?	8
buy rise pack	8
Vc 800k lÃ­nh áº¡	8
iyah tadi aku juga udah ngirim sumber daya k dia. nanti aku kirim lagi	8
may I buy speed 8 hours from Aliance Store?	8
Eu preciso de 23000	8
hows it going bsm?	8
Im selling for 1k just to sell fast and get away from	8
You need resorces V?	8
a l9t of rss here 85k home	8
Ai cho vay vÃ ng Ä‘i chÆ¡i vá»›i ghá»‡ Ä‘i	8
beli lah bensin pake emas gaess, wkwkwkkw	8
V9 trong shop vip má»›i bÃ¡n	8
Can u give me money?	8
yes i buy those and do elite arena daily ...for his pieces	8
