move your best one forward so i know which to attack	7
Chá»© mod hack tiá»n báº­y báº­y máº¥t nick máº¥t thÃ´ng tin riÃªng tÆ° bh :)))	7
use item pistols.. you get from ears harley	7
Lol, you can wait until the strongest godfather activity to improve your combat effectiveness.	7
cheatersğŸ˜¥	7
Chs gÃªm mÃ  hack	7
who lost to ghosting  ???	7
wkwkwk, its cheating	7
used second account	7
your cheat : making another unconcern	7
And donâ€™t use kill count as a reason either. I only hit inactives. I ainâ€™t no server villan so stop whining about me being bad.	7
i never did those. the 4.95 packs were a good deal just selectively did those	7
did u try the trick i said to you?	7
micheal cheating on us think we to cra cra for him lol he went to gst	7
Ã´ng nÃ o cÃ³ clone cho vÃ o no1 lÃ m giÃ¡n Ä‘iá»‡p Ä‘i	7
By doing Rioter attack!  Or gold!!	7
Its not serious its a fake game why would i lie i aint akt nobody but i aint no rat im  not going to put nobody on blast	7
Yeah, i like this script	7
do thÃ¡m xem cÃ³ tÃ i nguyÃªn k	7
Shouldnt be him he has t been on in 3 hours he literally just did it 5-10 minutes ago	7
They do everything for not get prize.	7
máº¥y con s4, s6 chÆ¡i kiá»ƒu gÃ¬ mÃ  má»™t ngÃ y lÃªn Ä‘Æ°á»£c vÃ i M lá»±c chiáº¿n, tháº­m chÃ­ lÃ  10M . cháº¯c náº¡p nhiá»u láº¯m Ä‘Ã¢y	7
if i reach it in a week the other people will be under power	7
i could go change name and hide in another gang and grow	7
you got attacked yesterday, so you went on the attack yesterday and lost. 2 reports been shared. you must known kill stage on	7
When Hamster run out target to kill, he will definitely violate rules and like so what? Kill me	7
Will run away right before KE	7
i need trikster to l9g in all his accounts to help me with my research	7
Can you stop ghosting troop, win?	7
this attack directly makes me claim three stage rewards in top godfather. LOL	7
Ä‘áº­u Ä‘áº­u hack Ä‘Ã¢u láº¯m xÄƒng tháº¿	7
give me mafiagod coordinate	7
jangan sampe kalian, terpancing emosi karna permain licik BOBM	7
plenty speed up healing again. hehehe. lwts heal it for 6 hours	7
share your cheat	7
heres the trick bg	7
I am attacking this id with my.. kalki acc!! And it flying in one attack.  :(	7
He must have cheated	7
unofficially ğŸ˜ˆ	7
that dr engine capos start to be good	7
cheats is life. lol	7
how came got the skin....but didnt have event yet. hack	7
Can us hack too ğŸ˜‘	7
i altered the alliance power confirmation	7
CÃ³ xá»­ bá»n bgu ko ae	7
Thats cheating	7
He changed his name to a so called default name and attacked us	7
make fake rally half troops saved that way and half go hospital	7
ghosting is scout me	7
I empty lvl 5 tiles in 3 hrs and around 2hrs with levy buffs	7
ngÃ y nghá»‰ cuá»‘i tuáº§n tÃ´i sáº½ táº¡o 10 acc vÃ  kiáº¿m 10m rss :))	7
trikster any double or triple brother?	7
why spend funds bro we can not defend it	7
I was testing on Lilith and I boost her to rank 16 with just this acct	7
cleo 4k pasukan	7
cobain aja enak loch 10gold	7
You have a lot of troops, and the upper limit attack can\'t win you.	7
lol watch out for devilshitman hes a real life trikkster.	7
I don\'t care about my dead troops, I just want some people to stop being so despicable in drilling loopholes in the rules	7
TÃ´i nghÄ© cÃ¢u tráº£ lá»i cho SteveFox Q 1 lÃ  A:TÄƒng Tá»‘c Äá»™ CÆ°á»›p TÃ i NguyÃªn	7
send proof of the attack I will reply\n\nï¿¼\n\n\n	7
The way she hated us, i suspect that she is Tran alt	7
hack Ä‘Ã¢u láº¯m tháº¿ Ã´ng	7
TÃ´i thÃ¬ Ä‘á»ƒ ngÆ°á»i khÃ¡c cÃ y acc	7
wow. a cheat. hahaha	7
I don\'t like cheating	7
hack	7
They think were hacking ğŸ˜—	7
Hacker!!!!!	7
Just take a look at NO1,s power level	7
cheats/hacks	7
Pretty sure thats his third account	7
Like XiT for example	7
i should be off work today at 3:00pm let me know when to attack that bridge ineed one million gems you have coordinate s to a high level ğŸ’ plant see y	7
membuat 2 akun untuk mendapatkan lebih banyak sumberdaya	7
Cai thu 3	7
Ghosting	7
mÃ© 1 tuáº§n lÃ m nv Ä‘á», khÃ´ng Ä‘Æ°á»£c cÃ¡i Ä‘áº§u lÃ¢u nÃ o. game l	7
mod nÃ³ kÃ­ch náº¡p	7
Gunna see if level 3 glitches	7
The prince knew your father and needs you deposit his life savings in your bank account, please reply promptly	7
I saw that you intentionally answered incorrectly without leaving your IDğŸ˜˜	7
than less 10sec attack	7
if you do that means you\'re in the core team and far catch me	7
Is he friends with the Devâ€™s or is he a Dev?ğŸ˜¹	7
Wait a minute why get my hands dirty when i could get a SAB membef to do it for me?	7
I have the same capos as vadmin in sever 4 . I wil use that account next time	7
i will!!!i will used all my shield, lol	7
Bá»‹p dá»“i	7
Will it be worth!  And many player are playing from 2-3 months are already given so much time that it hard to caught them	7
vadim has people boosting him. every day he uses his tokens in the last minutes.	7
u didn\'t see me. lol	7
I will be able to multiply more resources	7
ok pm me when you do. until you get to villa 10 or so just follow the game script.	7
not while poppy amd ghosting are online lol	7
kita rugi banyak, hanya karena si ghosting ya bro	7
You should move it here, there you are face to face with GST and it could get you zero tomorrow	7
i have a trick i discoved	7
i thought about attacking the dead farms over at 420 like dad and sis. tile hitting them...breaking server laws i set up lmao	7
gampang kalo ROK	7
náº¿u Ä‘Æ°á»£c cháº¯c mÃ¬nh chÆ¡i acc clone Ä‘Æ°á»£c	7
yes its fake rally to hide my troops	7
Got the rat ğŸ˜©	7
iya, abis attack dia pindah tempat kek kutu loncat jadi ga ke deteksi buat di counter balik	7
Super teleportation needs to be banned	7
how to cheat in resources. hehe	7
Anit no way this thing just said defeat had the exact number of troops	7
I\'m took no gold you cheated	7
Zam  and Jad are making moves untill i come back online on my main acount	7
i rmb i & buddies log 20 acc for Clan fund on other game lol	7
1 h lÃ  xong	7
Cheat?	7
that\'s the only way to reach top	7
I spotted No1 joeyguns mansion 20 in our turf location x419y761	7
Ko Ä‘Ã¢u bÃ¡c, Ã½ nÃ³i nÃ³ mod game Ä‘á»ƒ kÃ­ch náº¡p áº¥y	7
I\'ll catch them eventually bro	7
and if you have 2 account in game that could help you in resources when you get stuck	7
T toÃ n tÃ­ch tháº» quay sá»‘	7
TÃ´i luÃ´n sá»­ dá»¥ng tÃ i khoáº£n phá»¥ cá»§a mÃ¬nh Ä‘á»ƒ thu rss thá»«a cÃ²n láº¡i vÃ  Ä‘á»ƒ nÃ³ há»“i phá»¥c tá»‘t hÆ¡n	7
troops time needs rss....the fastest way...is a big sheepğŸ˜¸ğŸ˜¥ğŸ˜¥	7
gone so quiet now STM. the cat got your tongue. you gone in panic mode. worried one your bases or spies will be kicked and zeroed	7
Don\'t think everyone is an idiot like you. I know you used 24hr anti-Scout. You Just got by a scout even though you are hidding in a bush	7
attacking merch warehouses is also useful, you get rare items and beauty tokens	7
just screenshot everything that ghosting said and report to GM said this player make me depress and always bullied me	7
legend said invite me.. lol.  i need a loop hole	7
guys no need to come to the ship i will taie treassure again xd	7
do you use a script peter or is it all done manually	7
Lucky123, unless you can show us the report that yiu were defender and attacked by Tiger, you were the attacker	7
bÃªn há» quÃ¡ khá»e vÃ  cÃ³ thá»ƒ dÃ¹ng pháº§n má»m hack game chÃºng ta khÃ´ng thá»ƒ Ä‘Ã¡nh láº¡i Ä‘Æ°á»£c	7
hahahha thats why a script would help lol	7
Ä‘á»£i rl cá»§a Heywar rá»“i Ä‘Ã¡nh, 100% win	7
Oh yeah if you guys ever want free points in arena lemme know cause I totally wonâ€™t lose on purpose to provide free points, totally. ğŸ˜±ğŸ˜±	7
cÃ³ quÃ¡ nhiá»u báº£n hack game á»Ÿ há»‡ Ä‘iá»u hÃ nh androi	7
yep will need. Demonof Chaos telling on World chat about MFT his ally.	7
jealous?ğŸ˜¥ the money cant buy. i think he have some \"hack\"	7
gm joinUser 50 10	7
sangat mudah untuk mengalahkan vie	7
ssshhh don\'t say it boss...lol	7
i had a spy farm in there after i quit and they were bending the rules to suit and fit themselves. they all need a good old fashion burning ğŸ™€ğŸ™€ğŸ™€ğŸ™€ğŸ™€ğŸ™€	7
think i just got zerod	7
ToÃ n ngÆ°á»i auto tá»«i nguyÃªn lÃ  nhiá»u	7
More efective if only ghost or popy open lv5	7
Override this account with another account from same server is what i was wondering	7
he attack other player from safe zone..	7
Wraith got to be cheating or hes that good	7
did you cheat?	7
No1 chÆ¡i game mÃ  dÃ¹ng hack	7
i dont know bro i told you best way its to chang3 profile picture and name and be quite for a while	7
You be surprised i never cheated like i didnt even see the female bestfriend it was all just phone calls and facetime but after the break up that fema	7
clone Ä‘á»ƒ Äƒn rss	7
dear Poppy, im just asking right, Raver said he has spy acc right, i think u know that	7
bro are u have some bug for automatic rally	7
nÃ³ ráº¥t máº¡nh, cÃ³ láº½ lÃ  hack hoáº·c add game	7
bypass electricity	7
sá»£ a e mÃ¬nh bem	7
tewch me how to cheats	7
XiT this dominates the server how	7
if you want to see 6our name as number 1 and not work for it, just write your name on a sheet of paper ğŸ˜‘	7
I bet u can google answers	7
hack ngu vcl	7
Thats a promise going to take my dadâ€™s credit card when he goes to sleep and buy alot of packages.	7
hack kh s chÆ¡i	7
t cÃ³ xÃ i háº¿t lun trc sau gÃ¬ cháº£ dÃ¹ng	7
what is your actual account	7
you will get the jump on players that are much stronger than you,	7
I can also see inside xcx chat I have there for awhile too	7
CÃ³ ráº¥t nhiá»u má» cáº¥p 6 khÃ´ng Ä‘Æ°á»£c khai thÃ¡c háº¿t á»Ÿ khu vá»±c trung tÃ¢m, tÃ´i Ä‘Ã£ dÃ¹ng nhiá»u tÃ i khoáº£n Ä‘á»ƒ khai thÃ¡c nhá»¯ng thá»© cÃ²n láº¡i	7
im doing the fast forwards and il use the 4 dsys to save up any and all after	7
ntr2	7
å¿…å®šå¾—åˆ°ç¢ç‰‡çš„ æ‰“åˆ°ä½ æ‰“ä¸åŠ¨ä¸ºæ­¢	7
ChÆ¡i dÆ¡ thÃ¬ bá»‹ táº©y chay thÃ´i	7
Äá»‘t sáº¡ch xÄƒng Ä‘á»ƒ lÃªn cáº¥p cho nhanh :))	7
NÃ³ toÃ n off	7
LÃ m phÃ¡t 3 turn á»¥p nhÃ  nÃ³	7
Change your name and I will promote your alliance rank directly with a full person cutoff.	7
16 cáº§n up j ai chá»‰ t vs	7
bÃ y Ä‘áº·t in mission	7
I was gonna teleport every time to safe zone when KE comes before I got 10m powerğŸ˜™	7
yeah I do sometimes.	7
She scouting duke	7
Create a second account, take over tdo with it, then come here.	7
i have used speed ups on building, researches, training troops at large quantity	7
oh thats right you dont dare damage your troops right now. you need them to attack the levy troops.in capital so you can get your cheap points.	7
Hack rá»“i :))	7
they probably cheated lol	7
only losers cheat.	7
anyone with a No1 war report please look at it they are handing there stats over we can use them without them knowing	7
okay so i can use this to get ahead	7
nÃ³ lÃ  tháº±ng chuyÃªn phÃ¡ game	7
To prevent you from robbing the casino	7
Hack Ã 	7
cheat hehe	7
Omdukun itu akun kecil gua, jadi gua bermain 1 hp 2 akun	7
I bet rat in the arena all the time	7
finish cÃ¡i lÃªn ngay táº¡i ko muá»‘n xÃ i tn kho	7
but il keep using the lender and doubling it	7
Hamster then accused SAN of having a rat inside their alliance	7
u can steal the rss if u dont shield.	7
100% win now i use war strategy	7
adjust the level	7
Ke ghosting	7
use your yellow case item so that you can add more money in gang	7
Sorry. I felt so dirty.  I admit i cheated on u	7
i bluff my troops.	7
I want to cross over. I want to take out the leader of TNM. He hacked my account on the fourth server	7
Im seeing how they are leveling so fast. That custom resource pack gives massive ammounts resources	7
Äang báº£o lÃ  pk vá»›i mod kÃ­ch náº¡p, hÃ´m sau nÃ³ lÃªn 5 Ä‘á»™i lÃ­nh 5	7
stm using our rss	7
Cheat me to help others, and then estimate me immediately. It\'s too annoying	7
i will born twice a day. if you push help buttonsğŸ˜©	7
No shot this guys is not legit	7
this is only work in legendary capo..... any don\'t use it now..just save it for the future use..	7
ChÃºt ná»¯a t cÅ©ng lÃ m acc clone	7
Maybe one of them is getting feed info from the developers or one could working as a moderator. It usually happens in these type of games.	7
he will teleport again ... he have free teleport from us	7
i would never join those.lying cheating fucks	7
Attacking people then running off where they canâ€™t get to u. Or dive bombing people from a location they canâ€™t get to.	7
I watched kung in the last battle pull his troops out before our scout got there then sent them back in	7
Anh áº¥y cÃ³ thá»ƒ gian láº­n hoáº·c hack	7
ijin ada yang bisa bantu akun tuyul gua, minta tolong buat masukin ke sini	7
Was in a clan ASR that a GM lead . Know he was no on in game has the ablitity to gift turf decorations . Cost $500 each but he could	7
I cant killed or be killed	7
they use different names so they are fine. I will drop you some so you can see what I mean	7
i applied to be a MOD, if accepted, then I\'ll be able to see if any players in STM has an account in GST ;)	7
clow is themost cheater later he will be #1	7
TÃ´i nghÄ© cÃ¢u tráº£ lá»i cho GhostMFA Q 5 lÃ  C:BuÃ´n láº­u Ä‘áº¡n	7
Ã€ ae chá»‰ cho ngÆ°á»i nÆ°á»›c ngoÃ i lÃªn L3 thui nha, L4 sá»£ lá»¡ nÃ³ chÃ¡n game phÃ¡ shop LM chetme luÃ´n	7
LÃ­nh bÃ¡c longtea hack speed Ã h	7
I\'m good at getting money back. i uninstall the game, go Google play, get refunds. done it to previous games	7
that\'s the point. I see no sense in playing a game or competition if you are going to cheat.	7
After reinforcement!! i can start the rally as it take 5 mins!! So like last time battu can teleport and attack	7
well i got friend in India who excel in doing this black market shopping .. pay him and you get setup in good way .. all capo unlock and whatever you	7
saya melihat di mana anda menyembunyikannya hahaha	7
nghiÃªn cá»©u lÃ m gÃ¬, gá»pp sever tá»›i Ä‘Ã­t rá»“i láº¥y Ä‘iá»ƒm xÃ¢y nhÃ  an toÃ n Ä‘i	7
lakukan reli ketikan sudah mau selesai	7
che!! che!!!	7
i need cheatsğŸ˜±ğŸ˜™	7
kalo  ada jumper udh gua jumper dari kemaren	7
hanya mencuri 1 emas lebih baik	7
you alone can break the rules.	7
Fk it   Im taking casino.  No one on to answer.  Ill ask for forgiveness later	7
Send your battle report	7
Minimal biar gabanyak kerugian kamu harus relly minal 3 anggota t3	7
he think with new account we dont know if thats him	7
I broke the gameâ€™s limits I donâ€™t know	7
you know super teleport it	7
Yeah i will do it n i will giving free points to my other accounts tooğŸ˜‘	7
i can attack?	7
turn attack direct	7
dia pernah menipu gst ya bro	7
In that case they will know that you have T4 troops	7
A lot of no1 players leaving not surprised they trying to be rats	7
cheated ğŸ™€	7
if pete set his strategy page to one that has 0 troop buffs, u guys definitely f**ked .. lol	7
u want to attack me as well ghosting?ğŸ˜¡	7
yes th3y can	7
Wiggy identifies as shem livestock	7
saya akan coba menerobos ke sever 4 untuk mencarinya	7
Change your name and I\'ll raise your alliance rank directly	7
Added a lot of gold to me.	7
has party told you lot that i have a secret spy account in STM ;) i getting good information to pass on to other alliances. they know your game	7
i will attack you and give you points i will keep you on top	7
I should only take  1 hit to relocate  any city under level 22	7
and you went and teleported to kill yqq...	7
I let him out to accept your attack yesterday.	7
cÄƒn cá»© liÃªn minh do thÃ¡m coi ae	7
hack thá»­ xem Ã´ng	7
Gne canâ€™t get bridge 3 so they cheated like LDK ğŸ¤£ğŸ¤£ğŸ¤£	7
Game nÃ y chÆ¡i acc clone xong cho tiáº¿p tn cÅ©ng ngon nhá»‰	7
Caught another Scouting, Tiger. Talked to HealAxe yesterday. Said yall donâ€™t want any trouble. Scouting is for attacking.	7
giá» lÃªn gg tÃ¬m má»™t Ä‘á»‘ng báº£n cheat	7
Then I won\'t play by the rules with you. I\'ll use superteleportation	7
i will use armistice and will not.move. will.observe on the first day. its my first killing event	7
no1 hack	7
they are cheaters and got caught, bunch of idiots	7
my cheat error	7
Does it work if I take down a level 25 mercenary warehouse and you guys can harvest stuff inside it for free?	7
hack háº£ ?	7
Claimed all with 2 accounts	7
im only asking because last week i hit a lvl 19 and ghosting took me out	7
karna mereka pake Buff menggandakan jumlah pasukan	7
This Glorious arena shit cheats	7
don\'t act you didn\'t know kill stage was on. i was informed what went on yesterday. you lost 2 attacks. you attack poppy, and lost	7
sulit bro, player gratisan seperti aku untuk memperbesar level vip dan level capo bro	7
Tháº±ng gold nÃ³ on, cháº¯c nik cá»§a nÃ³	7
so, hamstemust have invested alot of cash in this game right?	7
ban tá»‘i thÃ´i mai 10h sÃ¡ng bno dáº­y láº¡i cháº¡y vá» khu an toÃ n fam :))	7
Kicking own members and robbing their resources	7
hack lá»™ vcl	7
Äá»£i lÃªn cáº¥p lv Ä‘Ã¡nh 15 chay cÃ³ xÃ­	7
Just remember I have my alt in No1 you are funding me I have a nice lot of rss over there that I will being home when I need too	7
Nope. First time	7
No, you can\'t win. The rally limit is only 160k.	7
em Ä‘i láº¥y rss nÃ³ Ä‘Ã¡nh e Ä‘Æ°á»£c	7
bots	7
I tried but Hamster cheated	7
lets fast build	7
Tá»¥i nÃ y chá»‰ Ä‘Ã¡nh Ä‘c 1 láº§n nÃªn cháº¯c cá»© cho full rl lÃ  Ä‘c	7
if i didn\'t do that maybe my combat strength is now 6 million	7
I would need Bad to lose wifi for a couple months to catch him	7
Yes, donâ€™t do garnisun in capitol or guardhouse, if you go to offline then you can make zero by GST	7
u can cheat babe they on bottom so u click an upstairs room they will haul ass to that room	7
i will do it now with gold	7
cÃ³ cÃ¡i tung hoÃ nh thiÃªn háº¡ r	7
I can\'t win a Level five sellsword base on my own without poppy	7
I love having a second account.	7
my power will get high rl quick send inv	7
your cheatsğŸ˜¥	7
or ghosting	7
I have hacked DMG, so I can\'t see what they saidğŸ˜•	7
Yes, I think cheating people is very stupid	7
Can you attack me if you can\'t fight me?	7
saya hanya kesal terhadap triksst3r mengira saya menggunakan super telepor dan tidak senganja membawa pasukanmu	7
you cheated lol	7
Mach contacted the hamster, and it would be the best result if the hamster could dismantle the alliance base itself.	7
already revenge by poppy and ghosting	7
Fighting two cities at once	7
kalau mau di lihat pakai logika sudah pasti tetap kalah pasukan dan level cepo	7
guilty	7
use rob speed +50%	7
you should follow poppy and ghosting steps.. vip 15 ğŸ˜©	7
dia gila main 2 akun sekaligus wkkwkwk	7
Damn Server 6 cheated. How they so fast? ğŸ™ƒ	7
Just pray i forget to use my guard again	7
hoai can u help to put casino down?	7
stlah shld ya hilang plis jangan attack, itu akun tuyul gua	7
account eza loses all T4	7
ok il emulate a few more instants of android	7
i picked the locks too much	7
I am going to use random teleportation props	7
I cheat on most. But smart cheat	7
sorry, I entered my second account. because I want to develop even faster from the side	7
gjowf chÃªtd háº¿t 2 rá»“i t luyá»‡n 3 mÃ 	7
log in all accounts	7
last event both account on top position because I using that methode ğŸ˜©	7
let\'s keep this a secret but we gonna own this server lol	7
TÄƒng tá»‘c Ä‘á»™ cÆ°á»›p	7
astaga saya baru paham di punya 4 akun berjejeran	7
Kiáº¿m báº±ng acc phá»¥ cho nÃ³ ko phÃ¡t hiá»‡n	7
You need to observe when he offline to then overtake him	7
Em  chÆ¡i trá»™m cá»§a anh Duy Anh , nÃªn khÃ´ng biáº¿t .	7
used 7 attacks on me today in last 2 min to keep me out of first	7
he let me rob resources	7
he dedinitely knows how to take advantage of the system.	7
DÃ¹ng tele cháº¡y luÃ´n	7
sure win because leader is here in our rally	7
its open for us too take	7
Angela is the hamster\'s secondary account, from the way she talks, her attitude, her behavior when i msg in private chat	7
Yes they are worried. We litterally were just shy on the last rally. They would pull troops before our scout and send back in after the scout.	7
sau nÃ y cÃ³ chiÃªu Ä‘Ã³ Ã´ng Ä‘Ã¡nh tháº±ng nÃ o cá»© dÃ­ vÃ o quÃ¡i cho nÃ³ cháº¡y vÆ°á»£t máº·t rá»“i Ä‘Ã¡nh	7
if its the same as KOA I know what I\'m doing maybe	7
Don\'t use accelerators, it\'s not important now T5	7
he cheats ğŸ˜¥ğŸ˜¥ğŸ˜¥	7
Can you find any loopholes	7
kan peraturan di capitol bebas berperang saat event kill, kan bro _?	7
Äá»ƒ tÃ­ tag vÃ o nhÃ³m zalo xem sao, trc giá» mÃ¬nh cá»© Ä‘Ã¡nh Ä‘Ã¢u Äƒn Ä‘áº¥y, ko nghÄ© ngÆ°á»i ae bÃªn kia chÆ¡i chiÃªu phÃ¡ zin trá»™m :))	7
yes but they dont work tried it already but i got 9700 silver	7
because of this conflict I even accused hackers of controlling my account while I was sleeping	7
leave ghosting	7
i use all my t4 try? just now partially sent to first rally	7
Äá»‘t 2 lÆ°á»£t quÃ¢n rá»“i mÃ  váº«n Ä‘Ã¡nh	7
Ä‘i  Ä‘á»‘t  cÃ³ chÃºt  lÃªn  Ä‘iá»ƒm  sk liá»n gáº§n  má»‘c cuá»‘i	7
Ghostting and I will move directly to the first level bridge	7
Nah, he will just max out his dad\'s credit card again.	7
this man use super teleport	7
wow. thanks for auto t3	7
saat perseteruan terjadi saya punya kunci jawaban	7
im cheating in 6 minutes	7
å…µä¸åŒè¯ˆ	7
hahahaha cheats eror atau mata anda sudah tidak kuat untuk melihat layar	7
Well how do you think i got to level 19?	7
spies lol this like mission impossible now lol	7
mod kÃ­ch náº¡p thÃ¬ nÃ³ cá»© buff full xong vÃ o clan yáº¿u hÆ¡n mÃ  Ä‘Ã¡nh háº¿t thÃ´i	7
Your brother is in jail and we need you to send us gift cards to secure his release	7
Ä‘á»ƒ nÃ³i vie truy nÃ£ nÃ³. nÃ³ Ä‘á»•i tÃªn thÃ¬ thua	7
you can not attack him supper teleport its banned	7
lol how to hack when all they do were putting more money than you...	7
we need gathering bots	7
tiger a spy mach	7
If the kriss will be with us!! Then we will be no. Yet!! But he was a spy!! Need one strong member!! Or anyone to grow faster to be no. 1	7
Bá»n nÃ³ mod thÃ¬ chÆ¡i free	7
Then I can spam those with tier 3s lol	7
If it was that easy bridges would be changing hands every 2 minutes. Dont get me wrong there are ways around it if your smart	7
Ahhh fait enough, PMN activates god Modes	7
guess my spy account in STM ;)	7
better hurry..their leveling there playes quickly	7
im saving them fast forward things, cody said	7
The icon of the opponent in the island war is the icon of TNM Alliance.	7
â€˜â€™I can do that without moneyâ€™â€™. Anyways nvm. T4 isnt that easy though	7
You cheating on meğŸ˜¥ğŸ˜¥	7
If you want i could try and get some eyes on BRF chat	7
27 bots with no profile names a little suspect isnt it	7
more than doubled his combat power in 2 weeks.	7
your power reach 10M, impossible you not open your t4 yet	7
Gx smpet mau bkin tuyul. Susah wktuny ğŸ˜£	7
NÃ³ mod Ä‘Ã³	7
they big spenders on SoS. lot french players in the rank 1 and rank 2 alliance. they cheat on packs too. so they\'ll max up quick	7
ÄÃ¡nh mod nÃ³ láº¡i Ä‘áº­p vÃ ng free há»“i :((	7
Change your name and I will promote your alliance rank directly with a full person cutoff.	7
and super teleport allow unto teleport anywhere regardles bridge	7
wow ghosting recently attck HoaiThu	7
Cheatt ğŸ™ƒğŸ™„ğŸ™„	7
mÃ¬nh ko máº¥t cÃ´ng dÃ¹ng tÄƒng tá»‘c chá»¯a	7
tui chá» láº¥y xong láº¡i sang báº«y no1 tiáº¿p	7
plus i have 2 hotties in prison for next 6 hours and gives me another 9 percent attack and defence	7
He must have hoarded resources again, for the next strongest godfather.	7
You reckon we can steal some of fox players??	7
t thá»­ thÃ¬ tháº¥y con nÃ o cÅ©ng Äƒn má» báº±ng tgian, chÆ°a rÃµ láº¯m, cháº¯c mai há»i tháº±ng admin há»— trá»£ xem	7
XÃ i cÃ¡i skill cÆ°á»›p tÃ i nguyÃªn Ã¡	7
Ngáº¯t máº¡ch nÃ³ rá»“i mÃ  qÃ¢n nÃ³ Ä‘ang xÃ¢y váº«n xÃ¢y Ä‘c	7
ÄÃ¡nh lÃ©n xong khÃ´ng giÃ¡m lÃªn tiáº¿ng Ã  zzzzz	7
I just smashed out about 60hrs of tech in 10 minutes. I can see T3 in my tech tree now	7
How do you rob gold?	7
muon danh thi dem linh 2 nhe de linh 1 lai	7
Wonder if HeyWar is a hacker......	7
I and Ghosting have a way. You must not help	7
Bay qua kia Äƒn kÃ©	7
Kiá»ƒu nÃ³ hack Ä‘c :))	7
why this stupid ghosting always want to find a point to start fighting.. is he crazy	7
Ä‚n nguyÃªn ná»­a báº£n Ä‘á»“ trÃ¡i	7
dia melakuna teleport super	7
he popped a shield and farm. ğŸ¤£ none sense of taking a shield	7
and activate all the skills	7
we never broke the rules with no reason	7
then i been to black market and bought all of the speedups each time	7
no one will agree with that rules bro, ghosting big bully	7
NÃ³ tele cháº¡y luÃ´n	7
Finish in few secs	7
You could also make alt accounts and farm them!	7
lol t4 troops to so many rss i can barely heal from doing radar missions.	7
either that or a definite hack	7
bÃªn há» Ä‘Ã£ dÃ¹ng nhá»¯ng pháº§n hack Ä‘á»ƒ táº¡o nhá»¯ng nhÃ¢n váº­t quÃ¡ khá»e chÃºng ta Ä‘Ã£ buÃ´ng vÃ¬ khÃ´ng Ä‘Ã¡nh láº¡i Ä‘Æ°á»£c	7
saya hanya lalai dalam pelatihan tapi jika ingin merasakan kekuatan kotaku datanglah hahaha	7
hack r :))	7
u cant actually check if the enemy is online or his friends did u know that	7
i set a mouse clicker to click niw and then on givjng people help	7
I found it by clicking his avatar directly from yesterday\'s chat record. Don\'t try to cheat	7
nhÆ°nv mÃ¬nh Ä‘ang rl nÃ³ chá»§ Ä‘á»™ng bay Ä‘áº¿n bem luÃ´n Ã½	7
have anyone use super teleport?	7
No worry, I will steal that Merc lvl 3ğŸ˜¥	7
Just scout or attack someone!! It will be break automatically I think	7
hanya ganti pemain yang memainkan akunnya bro	7
Nhá»› gá»­i cho tÃ´i báº£n trinh sÃ¡t cá»§a Ä‘á»‘i thá»§	7
thx for your cheatsğŸ˜¥	7
NÃ£y Ä‘Ã¡nh th kia 1m rss mÃ  Äƒn Ä‘c cÃ³ 150k, cÃ²n láº¡i nÃ³ k cho Äƒn vÃ¬ full háº¡n má»©c haha	7
Aku rasa jawaban untuk hacher Q1 adalah B: 12000000	7
CÃ³ thá»ƒ hack Ä‘Æ°á»£c tÃ i khoáº£n á»Ÿ trÃ² chÆ¡i nÃ y Ã ?	7
bá»n nÃ y ko pháº£i mod thÃ¬ lÃ  chÆ¡i báº£n cheat	7
i bought the 30 day gold pass dont let ppl know im a cheat tho lol	7
Plus multiple accounts in some.  Gets crazy	7
Sending 2 accounts gets you extra rewards	7
mn Ä‘i thÃ¡m sÆ°Æ¡ng mÃ¹ nhiá»u vÃ o	7
i can finish now if i want i have a lot of accelerator  but i want to save for research	7
I will use up all my gasoline, so that the alliance points increase	7
If you ever need, i could hop on and gift you a couple issiâ€™s that sell for 1.8 mill and teach you how to clean dupe them	7
Yup. But i suspect he is playing his alt in GNE	7
itu yang kemaren kita tidak jadi serang wkkwkwk	7
i have path to 1 of the casino	7
Co. Thá»ƒ dÃ¹ng nhanh huáº¤n luyá»‡n	7
Im too good to be killed im unkillable	7
actually there is no case.. because there are no rules that we break..	7
i said you talked about how tough you are. are you telling me you didnt buy your combat power?	7
It would be nice to get this bridge to be able to attack more players without getting on No 1 radar	7
Please do not deny that you have admitted that the account that attacked an innocent member of GST is your second account	7
i mean i wanna use some fast forwards to get it but cody said nit to	7
ghosting, u should be prepare	7
thá»±c ra game kiá»ƒu nÃ y 80% lÃ  cÃ³ mod kÃ­ch náº¡p	7
jurus terbang ya di aktivin	7
Full lÃ­nh 1m5 xÃ¢y nhÃ  thÃ¬ 30 phÃºt xong 1 nhÃ 	7
poppy hit him @ghosting	7
tÃ´i táº¡o Ä‘Æ°á»£c ráº¥t nhiá»u tÃ i khoáº£ng á»Ÿ Ä‘Ã¢y theOne :)))	7
Vailon 1 lÃ  mod 2 lÃ  bug. Chá»© 2 tuáº§n ntn thÃ¬ náº¡p tiá»n tá»‰ chÆ°a cháº¯c lÃªn Ä‘c	7
...you moved one inch away and pretended you changed states.	7
Bad is going to be mad.  Missing this lol hes going to think were cheating on him ğŸ˜¥	7
anda terdeteksi	7
di tas terlalu banyak aitem gencatan senjata, gua pake karna sayang ng ke pake ajağŸ˜‘	7
I learned from people in S6 that when they were in KE, they would let several members withdraw from the alliance and then place their troops outside t	7
Perhaps I can also have my members hide after attacking you	7
no Rly, aku selsai misi ya	7
quÃ¡ nhiá»u báº£n hack á»Ÿ androi	7
@cleopatra what cheat did you use. hahaha	7
i ended up selling my account on there for Â£5,000. i then logged in to Google play, got refunds on every single pack i bought lol	7
Ghosting	7
2 x biar gak bisa up dia	7
itu akun tuyul gua bang	7
i was in desguise lol	7
I can prove that.. because before take RSS I always becareful.. I\'m first take it.. but his city more near from it.. so, he first enter to there..	7
so i can teleport	7
Imagine if its free power though. Finally hit #3 on the power charts	7
dengan cara menendang anggota aliansi sendiri, lalu menyerangnya, untuk mendapatkan point saat event kill	7
i havent used any speedups	7
I think ashy is increasing scores for trik so her score will not be high	7
I\'m trying to find his location, but I don\'t have the props to teleport to their territory right now	7
click on it then the skull when itsup	7
can u find any they dont own lolololol. tbh dont think they gonna worry about us just yet	7
Also a good idea, get a second account and have them send you resources ğŸ˜‘	7
tui lÃ m 2 cÃ¡i mÃ  nÃ³ ko nháº£y ta	7
We should rob the treasure, and we can get a lot of points.	7
unless you know how to emulate like im doing	7
Gundy sá»­ dá»¥ng quá»· liÃªn minh sai má»¥c Ä‘Ã­ch	7
currently contemplating how to get affiliate funds fastğŸ˜µ	7
Ã´i Ä‘á»‡t tháº±ng kia hack Ã  vÃ o má» cÃ¡i Äƒn háº¿t tn luÃ´n	7
part of cheaters.....lying	7
If you know GNE ppl, they are sneaky and trying to win throught loopholes	7
I\'ll break the rules, too	7
One of them. \"I will take your first position\" every event he always says like that	7
free 1000 gold again. hehehe	7
Chá»‰ cáº§n 20 ngÆ°á»i onlien thÃ¬ cÃ¡c báº¡n sáº½ khÃ´ng tá»‘n tÄƒng tá»‘c khi chá»¯a trá»‹	7
CÃ³ cáº§n chÆ¡i xáº¥u tháº¿ k?	7
i puposely lose one so i can use the other 5 no matter his level to push him out of top 20	7
dan scout ghosting	7
hack?	7
TÃ­ cá»© giáº¥u lÃ­nh trong nÃ y cho gáº§n ae nÃ¨ dark	7
They cheated but iâ€™ll let Mach deal with it later. If she attacks again, we will force Hamster to tell her member to send troop out	7
playerxxxxxxxx set your name and i will arrange your level	7
dia menyeran acc ini bro	7
jangan lakukan rally untuk menyerang itu akan terdeteksi	7
Má»i ngÆ°á»i lÆ°u Ã½ nÃ³ cáº¯n trá»™m má»	7
wtf, that\'s twice in 3 weeks got my ass whooped on two games! bout to bigtime cheat N go on a killing spree lol	7
i hid the money s	7
hack	7
u cheater lol	7
id be down if i could use a script to automate tasks on it	7
If anyone else wants free arena points lemme know and I will search for ya in arena and lose on purpose lol	7
No I have played KOA for 5 years and I have worked with a few	7
game hay hack :))	7
i should have rss for 16 if i stay quiet and behave	7
Take me down and givr Akira R5	7
sneaking on when everyone sleep	7
when we take the casino 1 marked, we\'ll have gem auto farm	7
if i didnt get .... you have a hack bro	7
TinyTony very suspicious lol	7
Hax	7
Tui cÃ³ xÃ¢y sáºµn 1 cá»­a, Ä‘á»‹nh há»‘t cáº£ 2 luÃ´n vÃ¬ 500vÃ ng má»—i cáº§u láº­n haha	7
Fake IP rá»“i táº£i hack vá», chÆ¡i Ä‘áº·t tÃªn láº¡ chÃºt	7
I see lots of ppl use low level to cheat the match up system	7
the fact hamster reinforced her shows it was planned	7
you just need ahout 8 accounts boosting you to knock Vadim out of 1st place	7
Auto nhanh :))	7
id extract it from their game corpse	7
Yeah Hamster cheated. I can kill Angela with our rally but he has to reinforce her	7
pake relokasi	7
Change your name and I will promote your alliance rank directly with a full person cutoff.	7
Canâ€™t. They need to have either Sh or base next to it and they donâ€™t have enough fund	7
k think ch12 ill open that riset	7
NÃ³ sá»£ bá»‹ up mÃ  toÃ n chÆ¡i Ä‘Ã¡nh trá»™m	7
i know its good cus my m8s bought most if it kol	7
Got it a level 8?	7
Oh,is ghosting!	7
Kalki dont waste time im having buff you cant scout me	7
ong xai tÆ°á»›ng vip up nh sao	7
let complete him 7days offline	7
náº¿u hack Ä‘Æ°á»£c tháº­t thÃ¬ trÆ°á»›c khi xÃ³a anh em lÃ m quáº£ tá»›i báº¿n chá»©	7
mÃ¡y bay cháº£ cáº§n dÃ² Ä‘Æ°á»ng Ä‘Ã¢u , Ã´ cá»© má»Ÿ cÃ¡i á»‘ng nhÃ²m lÃ  háº¿t map	7
hoáº·c chÃºng ta táº¡o nhiá»u acc clo	7
thats good cheat	7
cÃ³ k ta. chÆ°a tá»«ng cá»›p	7
Ghosting	7
poppy reinforce	7
teleport attack and teleport back	7
SÃ¡ng tháº±ng amila nÃ³ hack kiá»ƒu j	7
All same trik, and all the scammers pm me first before all of youğŸ˜¥	7
All it takes is one teleport in middle of hive. Fkn zero everyone	7
phÃ¡ game	7
we got mafiagod on KE, that no punishment	7
T up nhÃ  thá» 800k 2-3 hÃ´m ná»¯a ae rÃ¬nh phang tháº±ng top 2	7
Wish I knew how to rob gold	7
Ä‘iá»ƒm liÃªn minh Ä‘á»ƒ xÃ¢y dá»±ng Äƒn nhanh máº¥y cÃ¡i cáº§u vÃ  sÃ²ng báº¡c	7
Do you seen poppy n ghosting now? They like throwing a gun and hiding they hand	7
satu akun saja susah membangunnya, mereka memiliki 10 akun demi tambahan point dan sumber daya	7
You can send a team to pretend to attack others, and then directly drag the team to attack him when you get to his side	7
Aku rasa jawaban untuk KimKurnKuu Q2 adalah B: VIP 6	7
really? but even though did not change still can send out.	7
NhÆ° kiá»ƒu soi cáº£ trong kho. A soi e xem cÃ³ bn thuá»‘c	7
trick please enter all your account and press help for all your accouts as i need to finish t5 please	7
Change your name and I will promote your alliance rank directly with a full person cutoff.	7
Yup, vadim poppy ghosting	7
teleport chevien	7
less than 3 minutes to direct control. boss, you should stay in your current position. let the manager take it	7
Totally not losing to PeckerWood on purpose to give free points totally not.	7
NÃ³ do thÃ¡m thÃ´i	7
thanks ghosting	7
i hope you stop, ghosting. try to ask that to bleachmidwinter first. Jack is a small player and you can easily catch him, aren\'t you ashamed of that?	7
Autorally works even you are offline	7
sá»­ dá»¥ng tÃ i khoáº£n lá»›n	7
tá»¥i l nÃ y mod cháº¯c luÃ´n, Ä‘Ã©o ai cÃ³ lá»±c chÆ¡i tá»« hqa fdeens giá» Ä‘Ã©o nghá»‰	7
for that power	7
i destroyed all gst with duke	7
si trick sudah memulainya	7
aku akan menggunakan otomatis reli bro,	7
Aku rasa jawaban untuk Player12513800004 Q1 adalah C: 10	7
coi nhÆ° tui tÃ ng hÃ¬nh nhağŸ˜¸ğŸ˜¥	7
you will need about 10 teleport to not be detected	7
jdi enak akun utama pkus ke misi, akun tuyul pokus buat cri rss	7
it hackz salty	7
he use city dev	7
collect from 2 account and use in 1	7
dari jembatan sudah banyak, apa lagi dari tambang emas cukup lumyan buat up VIP k 8	7
I used the terriorty rss i didnt know i wasnt supposed to collect	7
team 1 poppy and ghosting .. team 2 all member  on secondary area who want to participate..	7
Hello fantastic	7
if i run 2 instances of android i can run both accounts at once	7
anda menggunakan trik	7
yes If I attack he will tele	7
Ty PeckerWood also yw, I am throwing arena matches just so you can get free points	7
Ä‘Ã¡nh cáº¥p 2 luÃ´n	7
ghosting will never know about this heh	7
trong KE cÃ³ cÆ°á»›p rss cá»§a ngk Ä‘Æ°á»£c ko báº¡n	7
I just attack, once I scout them.  If I think I can beat them	7
Sir your computer has virus you must trust me because i am indian LMAO	7
lol yeah nooooo i use those on others good try tho	7
he did the attack and is claiming he didn\'t even though the report shows he is the attacker	7
i can 2 of 3 daz	7
i need u to attack my troops...so that i can complete chapter	7
Or XiT	7
ok listen dont use the rewards for anythi g but the leveling capo	7
Change your name and I will promote your alliance rank directly with a full person cutoff.	7
u have skill next attack on enemy all troops go hospital	7
ghosting	7
and after that ima shullups and leave the answers to someone els ğŸ˜¥ğŸ˜¥	7
No1 have many mod account. 750.000 Lv4 soldier in 1 day? I can buy Rolls-Royce 2022 with this	7
Aku rasa jawaban untuk Player17563300005 Q1 adalah A: HP Pasukan Idiot +5%	7
hes already teleport somewhere else	7
aku sudah menghabiskan sumber daya dan item pemercepat, pada event uang muka bersama, dan event kebangkitan kota haha	7
Do you zero by ghosting?	7
I found a cheat	7
mr fantastic always have empty army in his city..	7
1hit theyr moveable	7
arse is cheater not me. hahaha	7
yeah think gst are new 420	7
but it will be possible if we use unlimited money modğŸ˜™	7
Attacks multiple times in a short period of time, but the team still hasn\'t died. You must have played a cheat	7
giá» mÃ¬nh hay cá»© giáº£ vá» thua	7
Anyone have any cheat codes for this game? ğŸ˜™	7
sneaking  in and after runing out and change name	7
Chá»‰ sá»£ nÃ³ xÃ i tiá»n chÃ¹a mÃ  nÃ³ cÃ²n phÃ¡ game má»›i má»‡t	7
guilty on the speed up lol	7
I cant raid on this account. Lolz	7
but might wait for the boss to calm down first lol	7
clearly using hit kill hack	7
I use reset strategy 3 time	7
did the same shit last night, uses gold too	7
he will unshield	7
I am make mach my personal farm	7
its just to decrease power of rally inn capitol	7
ghosting	7
tempat persembunyiaan vie telah di rekrut sama no1 amelia 1	7
I only attacked poppy to make her score higher.ğŸ˜¥	7
Trust me do lvl 1, ill join	7
I have a timer set for this ill be ready	7
you and ghosting zeroed few players just to test troops be honest	7
everyone thinks you need to win for rewards but you can just lose 20 games in a row and cash in rewards	7
@NMinsane our cheat are same as yours uses for unlimited GAS....lolğŸ˜¥	7
you can buy the lvl in your warehouse shop	7
Chá» má»™t hai ngÃ y máº¥y bÃ¡c lÃªn gg thá»­ tÃ¬m kiá»ƒu gÃ¬ cÅ©ng ra má»™t Ä‘á»‘ng báº£n cheat vÃ ng, tÄƒng tá»‘c	7
CÆ°á»›p full tÃ i nguyÃªn rá»“i	7
its smartness not cheating	7
saya merampas di titik sumberdaya dan dia tidak melihat pasukan saya berjalan dan merampas di titik yang sama secara otomatis saya menyarang karena ja	7
Bá»n No1 lÃ  nhá»¯ng tháº±ng phÃ¡ game	7
i douybt it tonystink	7
Ghosting idiota	7
Ä‘Ã o song nhÃ  an toÃ n vÃ o Ä‘Æ°á»£c rá»“i ae	7
You can get a lot of free points from him in the last minute, is weak but uses his other accounts to boost him up to top 3	7
after attck me,auto use his shield	7
and used all of them to get first place just before server refresh	7
i have my other 2 accounts set up for 22 auto rallies	7
ghosting	7
where can i robber a speed up?	7
another cheats NMinsane...lolğŸ˜¥	7
NÃ³ dÃ¹ng x2 káº¿t quáº£ do thÃ¡m rá»“i	7
cÃ³ do thÃ¡m Ä‘Æ°á»£c ko nhá»‰	7
nhá» lm khÃ¡c phÃ¡ Ä‘c k nhá»‰ :))	7
* invites someone from another alliance to get gov then person goes back to original alliance. shares packs out with that alliance only	7
I can use vip15, but the vip coupons in the gift package are wasted.	7
do thÃ¡m	7
MÃ¬nh quÃªn máº¥t . Kháº£ nÄƒng pháº£i chuyá»ƒn sang cXc má»›i Ä‘áº­p Ä‘c	7
now that some ghosting shit ğŸ˜¥ğŸ˜¥ğŸ˜¥	7
Just in game Ghosting, dont tell me anything about rules, i know better than you	7
He wasnt suppose to but looks like he did ğŸ˜³	7
lol yeh they try alot on sos lol	7
Andai aj akun tuyul gua bisa masuk ke sini, mungkin 1mnggu mght gua naik derastisğŸ˜	7
i finished 1 research gave me instantly 1 mil power...	7
apply to dmg and it will just let you in. lol	7
someone can literally buy the event on a single day and not play the rest of the week and still win	7
u need teleport kill and teleport back	7
Someone message me when diamond factory runs out of diamonds, if I see phone notification, I will build a new one	7
t chá»¥p máº¥y tháº±ng rá»“i gá»­i mail láº¡i rá»“i cháº¯c nÃ³ kiá»ƒm tra náº¡p xem Ä‘Ãºng k. k biáº¿t Äƒn thua k	7
1 phÃ¡t lÃ  toang luÃ´n	7
:))) hack tháº­t sá»± 1 ngÃ y 15m sá»©c máº¡nh vÃ  lÃªn cáº¥p 39 :))	7
she cheated to get itğŸ˜™	7
he use shield	7
I failed to attack STM people. I saw a lot of people come to help me, but I have moved the house back	7
dan akun framing gua	7
aku hanya ingin sistem otomatis serang pemberontak, tapi tidak bisa, kita harus to up bro	7
táº¡o acc clone Ã  police =))	7
Need to bring this casino down? I\'d be happy to participate.	7
usually the worst players have auto rally set up	7
lá»«a Ä‘á»ƒ Ä‘Ã¡nh t Ä‘áº¥y	7
Bá»‹p tháº­t	7
He probably just random teleport when he saw I teleported by your side	7
you can set amount of attacks, they will auto combat	7
As you wish,i will broke the rules too	7
And copy the game	7
what bug are you using cleo. hehehe	7
Got few left to recived all awards	7
giá» chá»‰ cÃ³ ddoww hack vá»	7
