Or was it the other game lol	11
Booooooo join BSM lol	11
Where do u suggest to move too	11
LOL	11
I ported lol	11
move where?	11
jadi berpikir untuk masuk stm atau gst	11
Then get more LOL	11
this other game i play agitates me because i can\'t rank up as fast like the rest of the team since i don\'t dump tons of money into it	11
Mau pindah gua	11
maybe I\'ll go on state of Survival. show them of a rank 1 alliance player running away. they probably start playing and become rank 1	11
bones check out Top War	11
i play another game thats mostly like this its called doomsday	11
Dont forget to join Thomas lol	11
tiáº¿p tá»¥c vÃ o trung tÃ¢m nÃ o	11
Join	11
Moving away is a wise choice	11
BÃªn vie váº«n phÃ¡t triá»ƒn hÆ¡n nhiá»u	11
Thanks trying to relocate lol	11
kÃ©o vá» háº¿t rá»“i	11
another game do you play	11
only problem is the backup that comes with lol	11
hey Ruby tried out DoNations	11
i want to play King Mafia too someday, when its come out in my country ğŸ˜‘	11
going to rein jin	11
Váº­y Ä‘Æ°a Ä‘áº¿n háº§m trÃº áº©n phVadim áº£i khÃ´ng @va	11
what other games you lot played ? mafia city was my first game, was in city 36, there was 2 big powerful Chinese players, Murder1 and JoJo	11
Easier to talk here to lol	11
Lol	11
ae viá»‡t nam vá» háº¿t liÃªn minh vnt Ä‘i	11
LOL	11
why not lol	11
Aww well lets change that! Go server 7! Lets get hyped! Whoop whoop! ğŸ˜¥	11
itu di perjalanan sangat jauh ayo pindah lokasi anda	11
saya akan segera pindah,saya sedang berburuğŸ˜‘	11
join gst i am sure you will progress a lot	11
we need that bridge to lol	11
World of asterra	11
Play starcraft 2, now that\'s stressful!	11
Go to server 5 as i told bubs, you guys can start whole new alliance there and grow.	11
Joinbrally guys	11
xáº¥y qua Ä‘Ã³ lun nha	11
pindah saja bro, ke tempat yang banyak anggota stm b	11
When I\'m not on here I\'m on the grand mafia or myths of moonrise lol	11
So he can play other games	11
ğŸ˜³ but resist league of legends...and Ahri...I don\'t even play her and own most of her skins	11
sekarang ML dulu push rank gaes	11
SAN bro, if you want fun game ğŸ˜¥	11
@Zakirov50shades ĞŸÑ€Ğ¸ÑĞ¾ĞµĞ´Ğ¸Ğ½ÑĞ¹Ñ‚ĞµÑÑŒ Ğº Ğ¼Ğ¾Ñ€ÑĞºĞ¾Ğ¹ Ğ²Ğ¾Ğ¹Ğ½Ğµ Ğ±Ñ€Ğ¾	11
No one ok back to my other game . Thanks	11
Cause I sure would love to convince the two one order leaders to join.	11
horass buat kalian semuanya	11
Ma cho quÃ¢n vÃ o nhÃ  kia cho full	11
Welocme to join GNE and move your city to here broğŸ˜‘	11
im done....i will join downtown. see ya there....lolğŸ˜¥	11
just leave your alliance and join our clan, it\'s open	11
Ya think the other game is done. This one is alot more active	11
lÃ mquest xong chui qua Ä‘Ã¢y á»Ÿ Police, coi cÃ³ gÃ¬ ngon	11
pindah bro kesini	11
VÃ o thÃªm bÃªn t nÃ y	11
move here guysss	11
normal just whats eveyone to leave BSM and join No1	11
NÃ³ mÃ  ko liÃªn minh thÃ¬ mÃ¬nh kiáº¿m sÃ²ng bÃ i thÃ´i	11
where are we moving	11
CÃ¡c báº¡n qua lord mobile :)) bÃªn Ä‘Ã³ trung quá»‘c ráº¥t giÃ u cÃ³ :))	11
Báº¡n nÃªn chuyá»ƒn sang cÃ¡c liÃªn minh máº¡nh hÆ¡n	11
Just saw lol	11
Má»i sang vie Ã©o sang	11
Quit your alliance and iâ€™ll invite you	11
i will be back jumping on the other game, if by chance you are on it, look for SDN ATLAS FALLS Mystic Dragon lady, that\'s my sister..	11
iya sih dulu laku rise of the king ind9 bnyk	11
Vou sair para o top war atÃ© amanhÃ£	11
will do..but looking at other servers now..you gave me an idea lol	11
Nghe Ä‘Ã¢u clan vna rally  yáº¿u máº¥y Ã´ng siÃªng qua Ä‘Ã¢y háº¿t rá»“i	11
dont want to join blood?	11
join reli sebentar ayo bro	11
lol, i dont know...i just send invitation and free to join	11
definately diablo for a while lol	11
aku mau push ranked di Mobile Legends dulu bro	11
Báº¡n hÃ£y chuyá»ƒn thÃ nh phá»‘ cá»§a mÃ¬nh vá» khu vá»±c liÃªn minh	11
more drugs in Mexico so why dafukk you move lol	11
I think everyone in your STM should join GST	11
move here guys	11
someone mentioned earlier we are all moving there....?	11
liÃªn minh tuyá»ƒn ngÆ°á»i chÆ¡i lÃ¢u dÃ i	11
rise of kingdoms	11
it\'s just that it\'s more convenient to play roblox, lol	11
nah come to Black Ops	11
VÃ o rl Ä‘i thangpham	11
Há» cÃ²n 1-2 ngÆ°á»i chÆ¡i thÃ´i máº¥y ngÆ°á»i chuyá»ƒn qua no1 rá»“i báº¡n	11
ç•™åœ¨äº¡çµéƒ¨è½ä¸å¥½ï¼ŒåŠ å…¥è¿™é‡Œ	11
We have a spot open you dont have to be invited	11
cáº§n vÃ´ lm vn	11
think they on the other game	11
either merge with us or move lol	11
The leader of VIE send me a mail, he invites me to be L5 of VIE,and then change VIEâ€™s name to No1, do you think I should agree?	11
already in that one lol	11
liÃªn minh bÆ°á»›m chÃºa nha	11
omg raver is really losing it....mod for the server. and he wants us to join them! ğŸ˜¥ğŸ˜¥ğŸ˜¥ğŸ˜¥ğŸ˜¥	11
Definitely lol	11
avakins life	11
hmm so just keep playing lol	11
nÃ³ kÃ©o cáº£ há» nÃ³ sang rá»“i	11
cÃ¡c bÃ¡c cÃ³ sang cÃ n há»™i kia ko	11
Next lol	11
xoÃ¡ game sang kia chÆ¡i Ä‘i báº¡n, bye :))	11
vÃ o STM Ä‘i báº¡n	11
and they are all on the other game lol...time to bubble lol	11
mau pindah gak bro?	11
nah you stay over there BSM is just fine without you	11
hayu main ML bantuin naik mytik donk hahaha	11
vÃ o liÃªn minh cÃ³ chiáº¿n tranh Ä‘áº¥y	11
Move to hive	11
yall can look at the pretty fires over at pot/420	11
Dissolve your team and join us	11
someone got me on another dang game lol	11
come and join Black Ops	11
Play another strategy game. My opponent has a strength of 2 billion	11
Yes definately port out of here	11
Join NZL they are good	11
pindah kesini bubby	11
Still not leaving lol i aint scared ill just rebuild	11
ChÆ¡i game khÃ¡c	11
oh jadi begitu game ini terlalu sepi apakan anda ada game lain selain ini	11
Ko bay Ä‘áº¿n nha cho tiáº¿t kiá»‡m tÃ­ hÃ ndichj chuyá»ƒn :))	11
Nah come join STM, we better	11
vÃ i ae cÅ©ng muá»‘n sang sv má»›i	11
Lol seems cool though	11
ya ill move there before reset	11
Yo podo nang kene. Liane do haters kabeh ğŸ˜¥	11
as i said, again, always have room for you all in VIE, it easier to do the big events, and lots of gold too	11
Just join	11
Why not join BSM, we are about to be no.1 and here is still your alliance	11
Also pass lol	11
Kingofwar bay sang Ä‘Ã¢y cho dá»… chÆ¡i nÃ¨	11
vá» kÃªnh liÃªn minh Ä‘i Ã´ng	11
First you have to quit STM	11
vÃ o zalo gáº¡ kÃ¨o lÃ m cÃ¡i full rl cho phÃª :))	11
tieuhien919 joined NO1 lol no longer VIE lol crazy couldve easily replaced leader what a waste	11
Qua liÃªn minh nÃ¨	11
ClN táº¡o nhÃ³m zalo thui :))	11
Join server 4 its the best	11
T sang bÃªn nÃ y k cho quÃ¢ Ä‘i d	11
Everyone relocate towerds Thunder no lose ends	11
how to play lol	11
Lol	11
ai vn vÃ´ liÃªn minh VNS cÃ¡c Ã´g nhÃ©	11
silahkan pindah kota kamu di dekat kami bro	11
We should try to get waka member to join lol	11
vs láº¡i tele vá» khu liÃªn minh Ä‘i	11
come here come all, we want you  at black ops and so does dic alliance	11
lol already have it planned	11
lol ya	11
join vie....cross bridge...then join us again	11
hÃ£y tham gia vnt báº¡n sáº½ khÃ´ng há»‘i háº¡n	11
need to do T war on other game, going to start it	11
Lol i already began on another game	11
he wants more action and felt bsm was better for that.  they want all the actives here to join	11
I be back have to check other game	11
but you would grow faster if you didn\'t waist time on that silly game lol	11
kamu pindah kesini	11
But we need to get more members to move	11
quit and join here	11
TÃ´i Ä‘ang nghÄ© tá»›i liÃªn minh siÃªu cÆ°á»ng quá»‘c	11
MÃ¬nh ko. Biáº¿t rá»i thÃ nh tá»›i khu liÃªn minh	11
why we dont play sea war?	11
guys play joint advance we have very low points like aleance	11
ExactlyğŸ˜©	11
Thats where your looking to move to	11
join STM guys	11
pindah kesini ganja, karena aku akan ikut reli terus dengan kamu bro	11
chÆ¡i bÃªn kingdom qua	11
fellow countrymen.. cheers mate.. come join STM	11
join VNS	11
brb levying lol	11
Let\'s go lol	11
or join STM GUYS ANE GALS	11
ill show u my power on another game i play just like  this on line chat in private	11
Let me see if i canjoin your alliance-the other game seems faster	11
ok bro	11
check out my gta crew youll live the vids guys	11
yes, I\'m offline first. want to play another game. The problem is there are too many games on my cellphone and I\'m confused about what to play...?	11
off Ä‘i chá»£ Ä‘Ã£	11
if you don\'t trust me just create a character in #5	11
how about clash of clans?	11
im tryin to get members from another game to join me here as well	11
bay vá» gáº§n liÃªn minh Ä‘á»ƒ táº­p há»£p cho nhanh	11
But i mean go wild lol i be bored sometimes too lol but i go on another game lol	11
pantau trus bg jgn kasih kendoorr hehehhe	11
Whoever dont want join KE can move to safe house ya tomorowp	11
LOL indogs	11
Play league of legends that stressful and txic	11
jika anda bosan bergabunglah di obrolan dunia ğŸ˜¥ğŸ˜¥	11
Prolly. Rn its 5 but 4 is the most active along with 3	11
ruby said they were asking us to join them.  if they can\'t get more to join them, we\'re on a bit of a roll	11
go play the gem game on here and think of me yeah	11
Ok rá»“i, chÃºt ná»¯a nhá»¯ng ai sang bÃªn vna Ä‘Ã¢y	11
Playing games is waste of time technically speaking haha	11
CÃ²n ae á»Ÿ láº¡i nhÃ  cÅ©, thui ká»‡ rÃ¡ng tÃ­, t Ä‘ang xÃ¢y ngÃ£ qua sÃ²ng phÃ­a dÆ°á»›i	11
How do yall like this game so far.. I play last fortess if yall have herd of it	11
Maybe they try take over lol	11
mangkanya saya pindah2	11
LiÃªn minh nÃ o vui vui cho mÃ¬nh tham gia vá»›i	11
Come on over to the Darkside guys	11
Sau vá»¥ nÃ y tÃ´i sáº½ kiáº¿m nhá»¯ng ngÆ°á»i tá»« cÃ¡c clan khÃ¡c Ä‘á»ƒ vá» clan ta	11
Ae Æ¡i t thá»­ sang bÃªn kia xem phÃ¡t triá»ƒn nhanh nhÃ©	11
lol already on my way ğŸ˜ 	11
Hahahahahaha! Buy yourself some LOL	11
i think you all should come join the awesomeness	11
WOW...man I almost want to jump ship and join SAN now	11
NÃ³i rá»“i ae cá»© qua 2 clan vna vie chÆ¡i thÃ¬ tá»‘t hÆ¡n	11
disband your alliance join STM	11
Cá»© chÆ¡i 2 táº£i kaka	11
nah join Black Ops or our bro Dic	11
oh well. let him go to TNM.	11
Chuyá»ƒn qua Ä‘Ã¢y	11
Táº£i cÃ¡i 1111 vá» thá»­ xem	11
im tryin to bring some of my members here	11
and play some other game	11
Hnay bá»n báº¡n rÃ©o cf liÃªn qÃ¢n cáº£ ngÃ y giá» mÃ­ vá» hahaa	11
Reverse recruitment	11
pindah kesini bro	11
Qua liÃªn minh khÃ¡c Ã½	11
ok off i go lol	11
Ä‘á»ƒ Äƒn xong cÃ¡i sÃ²ng báº¡c Ä‘Ã£, Ä‘i qua Ä‘Ã³ rÃ¹i ai xÃ¢y bÃªn nÃ y	11
Cháº¡y sang Ä‘áº¥t bÃªn nÃ y háº¿t Ã h	11
damn im getting hit like twice in private an city to join other hives	11
i know bsm will take all that want to come	11
aku mau main Mobile Legends dulu gaes	11
O lol welcome to mafia	11
LiÃªn minh kÃ¬a	11
pindah kesini broğŸ˜‘	11
chuyá»ƒn cÄƒn cá»© liÃªn minh Ä‘i chá»— khÃ¡c nha ae	11
join ikut sini lah guys semua	11
Play GodfatherğŸ˜‘	11
and move to hive	11
kenapa anda pindah kenapa tidak ikut ke san	11
vÃ o liÃªn minh t Ä‘i	11
join ke STM aja bro atau ke GST rame	11
guys wan to shift ?	11
TÃ´i nghÄ© sáº½ cÃ³ há»£p mÃ¡y chá»§ khÃ¡c láº¡i vá»›i nhau	11
it will be lol	11
Or we could just go to all of them ğŸ˜¥	11
Chá»© sang game rise of kingdom bÃ¡c pháº£i tÃ¬m hiá»ƒu tÆ°á»›ng	11
Im in lol	11
CÃ¹ng láº¯m lÃ  Ä‘Ã¡nh sÃ²ng bÃ i bÃªn cáº¡nh thÃ´i	11
move here guys	11
lol dont join them bro	11
SaM, please leave the alliance and go join SaM. She will make u leader. Once ur the leader hit me up. Their waiting. Please	11
Lol already did	11
or just join Black Ops	11
Not doing lol	11
less than 40 mins till that other game starts up lol	11
mobile legend	11
Slowly everyone from BRF is leaving to go with NO1	11
mai 11h Ä‘Ã¡nh sÃ²ng báº¡c nhe	11
Good morning world come to BSM not No1 lol	11
Hay chuyá»ƒn háº¿t sang Ä‘eer nÃ³ thÃªm mod vÃ o lm	11
But boss over here is promoted our alliance and wants you to join lol	11
well u should, bloody more addictive then this game.......naughty bonesğŸ˜¸ğŸ˜¥ğŸ˜¥ğŸ˜¥	11
Fuck server 4, I\'m going to server 7 ğŸ™€	11
I was gonna say lol we should all make a gang on there too lol	11
yep, they cant fight	11
another?	11
chÆ¡i lÃ¢u qua bÃªn em Ä‘i	11
Lol	11
you should download kow and check it out	11
oh btw we play another game called myths of moonrise if you wanna join us their too	11
you wanna move to sixth server? ğŸ˜™ğŸ˜™ğŸ˜™ğŸ˜™ğŸ˜™ğŸ˜™	11
go see orhter server people have 1 tb paworğŸ˜¥	11
always lol	11
what about lol	11
But yes i was planning on it lol its Mafia	11
Nhanh kiáº¿m tn ae Æ¡iii	11
ChÃ­nh vÃ¬ Ä‘ang cÃ³ event lÃªn liÃªn minh bsm vá»›i no1 cÃ£i nhau Ä‘áº¥y báº¡n ğŸ˜¥ğŸ˜¥ğŸ˜¥	11
move qua day dk	11
Qua VIE hoáº·c VNA	11
Guild indo 30slot apply	11
Maybe this is what we need to convince arty and Mackallen to join lol	11
Kiáº¿m sÃ²ng bÃ i nÃ o Ä‘áº­p ná»¯a Ä‘i	11
oleh karna itu ayo kita kejar sama2 pindah ke sini deket aku	11
Tommy sao báº¡n khÃ´ng chuyá»ƒn vá» khu vá»±c liÃªn minh cho gáº§n . Vá»›i khai thÃ¡c tÃ i nguyÃªn cho Ä‘Æ°á»£c nhiá»u	11
kamu pindah ke sini	11
vÃ´ lm nÃ o v	11
how i join lol	11
I would spend in SOS , usually stayed at the 10-20 BP rank in Stateâ€¦â€¦. But i dont think ill do that until i can find a game that can last.	11
join me pls	11
VÃ´ liÃªn minh tui Ä‘i pro	11
giá» thá»§ lÄ©nh sang GST	11
Time to go jump on another game quick brb	11
Mai sang bÃªn kia chÆ¡i	11
VÃ o Ä‘i cronus	11
Accept my request to join lol	11
leave kayo tapus invite ko kayo	11
everyone pls move there	11
No, i\'m no say for this game, no have a version of this game on PC, but others... i play more in PC...	11
of course	11
LiÃªn minh Ä‘ang Ã­t ng mÃ  Ä‘ang chiÃªu má»™ thÃªm tv Ä‘Ã¢y . Äang Ä‘á»ƒ xem bÃªn tnm cÃ³ Ä‘á»™ng thÃ¡i j ko Ä‘á»ƒ cÃ²n chiáº¿m lá»‘t Ä‘áº¥t bÃªn Ä‘Ã³ .	11
Better cancel it coco join in ghost	11
ko thÃ¬ má»Ÿ rá»™ng liÃªn minh ra ngoÃ i nÃ y, gÃ³c nÃ y chá»‰ cÃ³ máº¥y liÃªn minh nhá» thÃ´i	11
langsung main game perang ini boss	11
yeah dead game better	11
ayo mainkan wahana perang lautan ğŸ˜‘	11
come and join us in Bop- Black Ops	11
Guys join sea battle. You guys wanna see it right?!	11
me to lol	11
Ai cho vÃ o liÃªn minh vá»›i	11
but if you need her I can get hold of her on \"another game\" lol	11
coz I\'m an active lol	11
mungkin setelah ini banyak yang akan pindah ke vie hahahaha	11
she moved lol	11
tapi malah pindah	11
come and join black ops	11
Rá»“i thoÃ¡t lm	11
Lol	11
If i really want to encourage someone to join san it would be for akira or gallo	11
So your saying we join NO1?	11
I play mafia world bloody war im really strong on that game. its kind of the same on that	11
nah pindah sini	11
NhÆ°Æ¡ng ae Ä‘Ã³ hahaaa	11
anywhere else lol	11
Ae cho qÃ¢n thá»§ sÃ²ng báº¡c ah	11
We haven\'t rules with XiT	11
and theres that lol	11
Come join islandwae guys	11
ae online Ä‘á»§ rÃ¹i thÃ¬ bem Ä‘i chá»©	11
i been watching lol	11
it was lÃ²l	11
Finally move back lol	11
Anka right i dont want to waste anymore time here	11
Qua VIE háº¿t 1 thá»ƒ Ä‘i	11
Itâ€™s dead alliance. Come to SAN or TDO	11
Ai sang láº¥y trc Ä‘i xem tn	11
gas lah masuk sao	11
share musuh lah, satu kali pindah lagi nih gaes	11
Bay lÃªn Ä‘Ã¢y á»Ÿ kiá»ƒu gÃ¬ mai cháº£ sang kia kiáº¿m Äƒn	11
discord then lol	11
Everyone move to royal park	11
Táº£i thÃªm trÃ² khÃ¡c vá» cÃ y, gáº¥p Ä‘Ã´i nÄƒng suáº¥t ğŸ˜¥	11
Everybody move over here. We\'ll grow here	11
like gne alpha i say drop that crap alliance and come with us	11
always lol	11
cepat lah, aku mau main turnamen di Mobile Legends bro	11
gts has room for us all and stm is basically begging	11
no.. godfather games	11
Chuyá»ƒn qua xÃ¢y nhÃ  nÃ o ae Æ¡i	11
allways lol	11
Join stm better	11
Everyone move here	11
Indo para o outro servidor pessoal	11
i play blaze of battle	11
join stm	11
Its basically turning into grand mafia	11
Indo para outro servidor atÃ© amanhÃ£	11
4 lolğŸ˜™	11
sampai dia pindah haha	11
Yea	11
Lol	11
t chÆ¡i liÃªn minh	11
xin vÃ´ liÃªn minh vá»›i	11
Mafia gameğŸ™‘	11
Go to Rise of Kingdom game and look at my city there I have 130m strength and I\'m the boss there lol ğŸ˜ 	11
khususnya Pada Game Mobile Legends bro, karena sudah ada permainannya di SEAGAMES kali ini ya bro	11
ok well ill join over there	11
i am leaving to grow faster and joining SAN ğŸ˜³	11
Ghost online already	11
Yup Lol	11
wish they would leave him and come here, he would follow then	11
ChÆ¡i Danw	11
Alpha lol	11
Lets redirect from our southern most casino straigh.east to that bridge to their island.	11
no diffrent game	11
Shadow really left lol	11
bbl have to check other games	11
JoinSAN  grow and then come to GNE	11
Lol	11
Lol same here i feel like it useless	11
im spending plenty of time here lol and still enjoying my s5 family yall should come join us over there too	11
T out clan nha sang thá»­ nghiá»‡m game	11
ae vÃ o liÃªn minh lÃ¢u dÃ i Ä‘Ã¢y	11
umm maybe lol now to get my girl in lol	11
yeah so we are trying get everyone in.there are more active here.	11
Black bá» rl Ä‘i bÃ¡c Æ¡i	11
i rather play mafia bloody war than this crap	11
Join stm guys lets go	11
Viá»‡t Nam! Cho kÃ© liÃªn minh vá»›i	11
go to the other place	11
ayo pindah kemana_	11
Xtanzo vÃ o liÃªn minh tÃ´i	11
im from the other game	11
if not ..f2p will join other servers and will only being setback to us	11
I thought I\'d give it a try while playing Kiss Of War	11
join sini merapat	11
ThÃ´i váº­y Ä‘á»ƒ t má»i cáº£ clan chÃºng nÃ³ sang Ä‘Ã¢y :))	11
nah itu ayo kesana	11
It would actully be benifitional if you joined KOP	11
hey can i invite u to another game.. i have a whole community there	11
are you going to the other game bones	11
Yes , like u said just a game ! but losing so much members to GST something is wrong and someone should to us why this happening	11
Ã  kÃªu team bá»± con bay qua Ä‘Ã³ xÃ¢y nhÃ  k	11
im attacking lol	11
suruh dia pindah bro, haha	11
vÃ´ liÃªn minh vn Ä‘i Ã´g verase	11
vÃ o Ä‘á»•i giÃ³ up nhÃ  rá»“i out	11
Join dlc	11
Yeah	11
Náº¿u máº¥y Ã´ng ko gáº¥p, thÃ¬ bay theo tui nÃ¨, dá»“n vÃ o má»Ÿ sáº£nh luÃ´n	11
fam tiá»n thÃ¬ vá» liÃªn minh fam	11
Fk em lol	11
Eh. Game seems like to many others. Mafia Orgins is better	11
INV	11
Thats good	11
VÃ o rl bÃ¡c hey kÃ¬a	11
For exemple join GST or DIE, or another guild, didnt really check tbh	11
Bay qua Ä‘Ã³ rl cho an toÃ n	11
Lol. This sever will probably be dead soon	11
hopefully i will be to lol	11
hÃ£y xem tin tá»©c trÃªnh kÃªnh tháº¿ giá»›i, tÃ´i sáº½ trá»Ÿ láº¡iğŸ˜¦ğŸ˜¦ğŸ˜¦ğŸ˜¦	11
TÃ´i chuyá»ƒn qua GNE Ä‘Ã¢y	11
ChÆ¡i tÃ  tÃ  thÃ´i	11
TÃ½ ae bay lÃªn Ä‘Ã¢y luÃ´n	11
Join another alliance	11
Qua Ä‘Ã¢y chÆ¡i fo	11
Join STM ASAP DONT MISS THE PARTY	11
tuh join IDN	11
Chuyá»ƒn qua chÃ´ cÃ¡i Ä‘áº§m nÆ°á»›c	11
Rather join one honestly new around here ğŸ‘€	11
If you don\'t see what happened there... switch to farmville.	11
Mei Ä‘áº¿n gáº§n mn Ä‘i	11
á»Ÿ mÃ´ lol	11
Lol	11
How about Valorant?	11
i reckon i was having more fun lol	11
ya mending main server bru bang	11
lÃ m 1 tgian cho liÃªn minh láº¥y láº¡i top	11
they want everyone active to come over to be honest	11
Dá»i liÃªn minh vá» gáº§n cÃ¢y cáº§u ko ae	11
you need to move to the hub, no one can reach your rally	11
lol	11
ai cho vÃ´ lm vá»›i Ä‘i	11
drpd war, omken, gabung sini	11
Bye guys, I\'m off, wanna play valorant, anyone wanna come? :v	11
you all should check out grand mafia i have a alliance there to	11
move here pls	11
anka mending pidah kesini saja	11
nope black ops all the way	11
Tá»« há»“i chÆ¡i game nÃ y chÃ¡n liÃªn qÃ¢n  luÃ´n kakaaa	11
yang online pindah ke sini ke tempat aku	11
hive is here... please port over	11
ai vÃ o liÃªn minh ko	11
they moving closer again?	11
cÃ¡c báº¡n cÃ³ thá»ƒ qua no1 láº¥y quÃ  tÃ²a nhÃ  quá»‘c há»™i rá»“i quay vá» vá»›i chÃºng tÃ´i	11
yes in back on lol	11
join perang kepulauan nanti saudara penguin	11
GhÃ©p Ä‘Ã´i cuá»™c chiáº¿n háº£i Ä‘áº£o . LiÃªn minh nÃ y láº¡ láº¯m . NhÃ¬n khÃ´ng pháº£i STM cÃ¡c báº¡n Ã h	11
I keep sending invitations, until everyone actually leaves the game forever ğŸ˜©	11
GhÃ©t lol lÆ°u bá»‹ giáº£ nhÃ¢n giáº£ nghÄ©a ngu nhÆ° bÃ²	11
bisa berpindah ya	11
i like to watch lol	11
Báº£o rá»“i qua liÃªn mÃ¬nh nÃ y	11
world of war craft	11
Lol definitely	11
NÃªn vá» 2 liÃªn minh top cá»§a viá»‡t	11
ae nhá»› vÃ o liÃªn minh lÃ£nh lÆ°Æ¡ng	11
join stm	11
Tolong yang ingin ikut reli,mendekatlah kepangkalan	11
Bru download game iniu , keknya udh ketinggalan jauh ya?	11
To you want to grow in other clan of GNE	11
join another alli	11
Ya mine to lol	11
VN add zalo nhau Ä‘i b	11
okay all move there	11
Qua Ä‘Ã¢y LiÃªn minh vn nÃ y	11
VÃ o liÃªn minh chÆ¡i	11
Do you guys know a game called West Game? These games are legit the same	11
liÃªn minh khÃ¡c Ä‘i farm tn thÃ´i	11
if any of you were thinking of jumping to bsm...please think again.	11
join another	11
VÃ o liÃªn minh. HÃ¬nh cÃ¡i phong bÃ¬ cáº¡nh tá»•ng sá»‘ ng áº¥y	11
i have a whole community on another game.. and im tryin to bring some of them here	11
Yes me too	11
lol oh shit another game yall are horrible guys	11
turn it off i do lol	11
so we move to bff is better	11
Ashy join lol	11
Lol blah blah blah that all i see	11
ikut gabung sluur, mohon bimbingannya hehee	11
Rá»“i Ã´ng anh dáº¡y chÆ¡i LoL	11
Anyone play any other games from these devâ€™s i also play rok on and off	11
was thinking on casino 2	11
so why not move?	11
terimakasih atas informasinya saya akan berusaha pindah ke sana, karena saya tidak nyaman berada di sekitaran sini	11
alo anh em Æ¡i cÃ³ nÃªn nháº­p vÃ o liÃªn minh khÃ¡c khÃ´ng	11
pengalihan ya bos hahaha	11
Bá» rl Ã´ng bau bau di	11
marcus you shpuld check out myths of moonrise idk if youll like the theme but its seems funner sp far than this	11
when are we quitting the other game? i haven\'t been logging on there at all	11
JOIN STM NOW	11
Chá»© giá» ae vn nghá»‰ nhiá»u qÃ¡, qa Ä‘Ã¢y chÆ¡i Ä‘á»£i  chiáº¿n liÃªn sv	11
will see if we can get more over from Mafia King	11
ChÆ¡i gÃªm khÃ¡c	11
LOL	11
Well we are lol but true	11
tdo bubar kayanya pindah ke san	11
mo rl di	11
move here guys	11
Quickly go join her bro so we can switch episodes	11
kita juga pindah atau tidak_?	11
please everyone move here we develop an alliance hereğŸ˜‘	11
kita ikutin yang lain saja yuk pindah	11
kk, but name the other games.	11
ai vÃ´ bang vn thÃ¬ vÃ´ liÃªn minh mÃ¬nh nhÃ© r kb zalo	11
dapatkan teman baru di gst bro, banyak pemain indo disini bro, mereka juga pemain aktiv hehe	11
gabung dengan aliansi lainnya bro	11
Welcome the partners of DIE to join GSTğŸ˜†	11
I went around lol	11
Plus in other games you can\'t share resources. only we can enjoy it	11
Drags you in to GST Alliance lol	11
STM we recruiting too. you guys move to us man lol ğŸ˜¥ğŸ˜¥ğŸ˜¥ğŸ˜¥	11
á»Ÿ cÃ¡c trÃ² chÆ¡i khÃ¡c	11
Lol	11
pindah kesini lagi bro, semua	11
ada slot 1 tuh join aja	11
VÃ´ liÃªn minh	11
gonna stay that lol	11
I play to other games and with them I logon then log off just to say I was there	11
ayo pindah kota anda kesini,	11
Move here	11
So brothers and sisters, if you have any VNS friends currently in GST, tell them to join STM instead	11
dang lol	11
mungkin bisa pindah ke sini, ke lokasi yang aku bagikan gaess	11
ayo pindah temanku	11
Everyone should move to our new Gem plant before KE	11
we can keep other game going, have now 4 ongoing lol	11
join STM guys	11
Palingan ML	11
other game sorry ğŸ˜¥	11
i see gst want to take that bridge to have access in more land	11
ternyata masih sepi disini, aku pindah server dulu ğŸ˜™ğŸ˜™ğŸ˜™	11
Ai cho vao lien minh voi	11
Lets go to STM GUYS LOVE YOU SEE YOU OTHER SIDEğŸ˜†	11
They want you to play their new game ğŸ˜¥	11
Im trying to get the alliance over there too!	11
join ashy	11
khÃ©o bay sang Soa	11
join ok kalkai	11
I wouldve liked if everyone would move to the group like i asked numerous times	11
get on tickle	11
BÃ¡c kia chÆ¡i sang	11
Bro, you need to move to our hive	11
plz do lol	11
just tell them its a dying game	11
Max, a L5 from BSM sent me a msg saying come join us because BSM is better and they treat you like trashğŸ˜‚ Like how wouls they know? Just making up ran	11
Nah join semua	11
MABAR MOBILE LEGENDS GAes wkwkakkswk	11
stupid game...anyone want to find another game to playğŸ˜™	11
war of Destiny	11
go to other one	11
ae nÃ o vn sang liÃªn minh mÃ¬nh nhÃ©	11
Or the sims server 6 lol	11
Ae vietnam va tp hcm Ä‘nang ha noi táº¥t cáº£ ace vao Ä‘Ã¢y hoan ngÃªnh vá» nhÃ 	11
or join them	11
rl sÃ²ng Ä‘i bÃ¡c hey	11
should join GST	11
Cháº¡y qua lÃ  Ä‘Æ°á»£c	11
Moving there	11
MÅ©i tÃªn. Nhiá»u hÆ¡n. Thoat thuáº­n Ä‘Ã¬nh chiáº¿n	11
VÃ´ liÃªn minh	11
Join STM	11
ayo pindah semua, kesini haha	11
looking for players to join Black Ops, apply here now	11
League of Legends in the snow	11
vÃ´ rl Ä‘i ae	11
Hope you can have fun in other leaguesğŸ˜‘	11
ChÆ¡i tháº±ng boger nhÃ©	11
run Yakuza lol	11
yep...sick of that game to be honest	11
mobile legends	11
LoL	11
about another game we on	11
we are starting not to have many choices. then maybe vns will come after us	11
same here but there is a game called myths of moonrise to where i  am over 6m power	11
yeah you kinda should..so see you over there then lol..nation 31 if your intrested...not saying you should..but just kinda letting you know where we a	11
and im still playing cach up lol	11
Ya its a bit overdue. Shocked no1 never made a move. Watch BRF though they pushin hard	11
NÃ³ máº¯ng mÃ¬nh láº¡i báº£o thik a chÆ¡i game hay chÆ¡i cÃ¡i khÃ¡c	11
you should join oddles of noddles they are boss team bro	11
call of dragons its start already boss... same rise of kingdom developer	11
Aeha noi vn comeeeeeeeee	11
Lol	11
On second thought, I\'m leaving 007 and moving to another alliance with real people in it	11
or LOJ theyre fair gamel	11
Omg i going to keep saying come join mach	11
viet nam tham gia liÃªn minh mÃ¬nh nhÃ© ko quan trá»ng lá»±c chiáº¿n . zÃ´ nháº¯n r4 vá»›i mik nhÃ©	11
Hi LOL	11
play to many other games	11
u could come to s4?	11
And i thaught BRF was crazy im coming with you	11
GNE bro, if you want a fun game	11
7 servers in a year. Yeesh. Finding another game lol	11
You could come join No1ğŸ˜—	11
come join STM ğŸ˜‘	11
Why nor join STM?	11
Vá» liÃªn minh háº¿t Ä‘i	11
liÃªn minh vn Ä‘Ã¢y Ã´g	11
Welcome to join WOL	11
The same. I also play a lot of other games	11
SOA is inviting me to join their alliance	11
Lol, he wants every one to join no1	11
can i get everyone to move to me	11
most of the active clan are there allready..and some really great people from that game	11
Waste of your brain cells	11
That\'s definitely not a good game. If that game is good enough, you won\'t be playing other games anymoreğŸ˜¥	11
The same to \"lol\"	11
time to play another game i guesz	11
Halo	11
Sao ko kÃ©o 2 Ä‘áº¡o quÃ¢n mÃ  Ä‘i	11
For games that pay a lot of money, maybe Free Fire and Mobile Legend. because of the Famous game	11
bay qua khu khÃ¡c Ä‘Ã o	11
Your clan is no acitve so do you want to join GNE	11
kemungkinan kamu ganti nama, lalu bergabung dengan gst	11
plus my crew ain\'t here with me they to busy spending in grand mafia	11
Lol	11
Sang bÃªn VNA Äƒn cáº§u trÆ°á»›c	11
Have yall played city of crime it literally the same thing as this game	11
or maybe you join prawn crackers white asiain only tho	11
epik 2 bosen bree lama maen ml pengen starategi	11
theres always Server 6....Fancy you stay here.	11
Levy resources, but for speedups not much	11
gáº¯n minh co lien minh khac nha	11
join us too lol	11
League of Legends	11
and mostly of the player quit lol	11
Lol	11
You want to find a fun place like family? Wellcome GSTğŸ˜¦ğŸ˜¦	11
Lol 5 time	11
Sorry, I didn\'t play much here yesterday. because I\'m busy chasing the Black Friday discount event on the Nitro Nation game	11
then all player might drop back again.. lol	11
Cro vÃ o rl kÃ¬a	11
move to hive	11
Come to GNE both of you	11
chat liÃªn minh	11
Báº£o lm tá»‘i hÃ£y Ä‘Ã¡nh sÃ²ng bÃ i	11
This other game been having my attention lol	11
ÄÃ¡nh sÃ²ng bÃ i Ä‘áº¿ quá»‘c	11
Where should I move?	11
ayo pindah lokasi mh ke sini	11
that game is died basically	11
want to jump in salty?	11
Ä‘i sáº¡o trong Ä‘áº¥t liÃªn minh cÅ©ng cÃ³ vÃ i tháº±ng Ä‘Ã³ cáº§n gÃ¬ qua Soa	11
lol yup play a little get sleep you should move to s5 lol just saying	11
so sometimes I\'m not on here I play the grand mafia a lot	11
hayuk?_?	11
you wanna lol	11
Reminding everyone we will shut down DMG soon.  If you want to come to STM contact Ashy or Magician to make a spot	11
LoL	11
Lol and	11
You are in lol	11
ThÃ´i cÃ³ khi chÆ¡i vÃµ lÃ¢m má»›i	11
ChÆ¡i Harley Ä‘i Hamster	11
Lol	11
EstÃ¡ longe Yakuza desculpa	11
or harleys if yall wanna ima tele back over soon i got the main base built its still close but everyone here can hold it down	11
or ev3n more fun join STM	11
Is Mafia King really much better than this game? My colleague asking me to play MK once available on iOS	11
chá»‹u rá»“i	11
Join this server!! Just joints l45 days before!! If I joined this server earlier then!! I think I would be more powerfull	11
ayo main reli atau main apa yah bro	11
mari bergabung tiger max sudah tidak aktip	11
Diablo 4	11
sang liÃªn minh vn nÃ y Ã´g Æ¡i	11
pindah sini cok	11
instead join them	11
moving here guys ğŸ˜™ğŸ˜™	11
Lol. Same im done with this game.	11
iya tunggu	11
Risk the game 5.0 lol	11
Do you want to come to GST?ğŸ˜‘	11
the worlf that is lol	11
Why are all the alliances here sending out an invitation to join	11
chÆ¡i gáº·p toÃ n máº¥y tháº±ng nháº£m l tháº§n kinh tá»± nghÄ© minh thÃ¢m thÃºy uyÃªn bÃ¡c, thÃ´i váº­y, chÆ¡i Ä‘c chÆ¡i Ä‘Ã©o chÆ¡i Ä‘c sang kia xem ngta chÆ¡i	11
Cho vÃ o liÃªn minh vá»›i	11
always lol	11
Yes sir.  Move are come too lol	11
Well if everyone else is lol	11
come join STM bro	11
Lol	11
lets moving guys	11
Woi yang online berbegas pindah	11
ChÃ¡n chÆ¡i r	11
same of 2 other games	11
I be hopping around lol	11
lol liÃªn minh cháº¿t? chá»‰ huy Ä‘á»ƒ lÃ m gÃ¬?	11
invitela g kita hehehe	11
Rá»“i kÃ©o xuá»‘ng gÃ³c 6,7h lÃ  sang sv khÃ¡c	11
ng minat gua jadi L L L L laaah Lol	11
ChÆ¡i game nÃ´ng tráº¡i rá»“i	11
and let\'s face it, we won\'t get 30 from the other game	11
why not lol	11
Æ  má»i cÃ¡c báº¡n sang, gá»­i mail tá»«ng tháº±ng, ko rep ko sang cÃ²n cáº¯n nhÃ  LM tÃ´i thÃ¬ tÃ´i cÃ³ quyá»n á»‹ch báº¡n chá»© ğŸ˜„ğŸ˜„	11
lol so wrong dang games all of them	11
bought lol ğŸ˜	11
They should move their sauce over to BSM or just here like yikes	11
They really gonna start lol	11
YQQ move to STM ğŸ˜‘	11
i have moved	11
Don\'t be afraid, you can all go to the SAN for protection	11
State of Survival, i manage a guild there and we are #1	11
Estou indo para os outros jogos depois volto	11
aku sudah pindah bro, aku bisa menyerang anggota gst atau musuh lainnya nih	11
Played it 8 years till it was shut down some 6 years back , then played few other mafia games looking for something like my first came across mafia ci	11
u can try lol	11
R4 promo then demo LOL	11
Join Sea Battle.	11
go play Tetris	11
Lol	11
Dont join Diepin rly, not enough troops	11
BÃªn lm kia cÅ©ng nÃ³i sÃ¡t nháº­p r k nghe	11
a bit more advanced than here tho as its a popular game	11
pindah kesitu gjan	11
co may nguoi choi VNG qua day het rui	11
LiÃªn minh báº¯t Ä‘áº§u vÃ£n ngÆ°á»i rá»“i Ä‘áº¥y	11
ken tlol	11
