LÃ¢u mÃ  trá»« khi báº¡n náº¡p tiá»n vÃ o thÃ¬ nhanh láº¯m	10
CÃ¡i nÃ y náº¡p vÃ o thÃ¬ nhanh láº¯m . Chá»© cáº§y chay thÃ¬ lÃ¢u Ä‘Ã³	10
it should be, but now i have top up a lot	10
terus bisa top up di game ahha	10
kÃ­ch náº¡p Ä‘Ã³	10
Nhiá»‡m vá»¥ náº¡p Ä‘Ã³ bÃ¡c Ä‘á»«ng lÃ m	10
Náº¡p 1tr vÃ o má»›i chÆ¡i dc	10
lÃªn vip náº¡p con tÆ°á»›ng Ä‘á»§ 6 sao	10
å……é’±	10
brb. need to charge	10
ğŸ˜˜Recharge 100,000 dollars?	10
Did you buy thr 100 dollar recharge pack?	10
Äang xin tiá»n vk náº¡o mua gÃ³i vip	10
top up buat akun saya saja bro haha	10
náº¡p kiá»ƒu gÃ¬ váº­y	10
VFAZA8AHJ4DUG	10
bÃ¡n tháº­n láº¥y tiá»n náº¡p vÃ o chs vá»›i nÃ³ :))	10
giá» mÃºn lÃªn 3 -4 mil lá»±c chiáº¿n cháº¯c cÅ©ng náº¡p chá»¥c cá»§.	10
gá»­i 1 láº§n Ä‘c 850k ko cho gá»­i ná»¯a ko biáº¿t khi nÃ o cho gá»­i thÃªm	10
Bao tiá»n náº¡p cho láº¡i	10
KhÃ´ng náº¡p Ä‘á»‘ Äƒn Ä‘Æ°á»£c tá»¥i nÃ³	10
hey bh náº¡p thÃªm tiá»n kÃ©o ae guill	10
náº¡p 600 ná»¯a lÃªn 5*	10
náº¡p má»—i ngÆ°á»i 5 triá»‡u vÃ o	10
Náº¡p tiá»n vÃ o thÃ¬ máº¥y bÃ¡c khÃ´ng chÆ¡i rá»“i	10
Äá»•i nik sang Ä‘t náº¡p cÃ¡i gÃ³i	10
If charged, it can reach vip15 within an hourğŸ™„	10
I have bought two gift packs, but my accelerator is still not enough...	10
CÃ²n khÃ´ng náº¡p tiá»n thÃ¬ cháº­m láº¯m . Máº¥t 1 tuáº§n Ä‘á»ƒ tÄƒng 1 capo lÃªn 80	10
náº¡p momo áº¥y :v	10
Náº¡p lÃ m gÃ¬ ngu gÃ¬ mÃ  náº¡p cÃ¡i game nÃ y !	10
if you spend money, then you can reach 1m within 1 hourğŸ˜™ğŸ˜™	10
refill guys	10
I exchanged money or amo for diamond at the pawnshop.	10
ÄÃ£ lÃªn vip rá»“i cocn Ä‘á»ƒ cÃ³ tÆ°á»›ng láº¡i pháº£i náº¡p tiá»n má»›i cÃ³	10
ah Ã½ mÃ¬nh lÃ  náº¡p tá»›i bao nhueu	10
but, if you have much money, you can top up for fast a way.. ğŸ˜©	10
náº¡p báº±ng momo hoáº·c zalo Ä‘á»u Ä‘Æ°á»£c mÃ 	10
Náº¡p  mua gÃ³i Ä‘c nhju láº¯m	10
Klw mau menang power, solusi nya emang harus top up	10
lots complaints went to devs in the end and they changed prices to same as the UK. but Chinese players knew a way to get them cheap still	10
can buy later with enough top up	10
Oohh!  And spending money and everything to reach 1.5m in 2days to get conqueror skin	10
TÄƒng capo cho nhanh chá»‰ cÃ³ náº¡p tiá»n vÃ o thÃ´i báº¡n	10
sulit po ba mag top up dito	10
recharge	10
láº¡i kick náº¡p áº£	10
CÃ¡ch náº¡p tiá»n s v b	10
Done Vip 15 - 7 ğŸ˜©	10
Kik náº¡p tháº¿ thÃ¬ ai theo	10
something to do with VPN and proxy. end up using the Chinese currency as the packs was cheaper	10
náº¡p tiá»n vÃ o	10
I can see why i ended up caving in and dropping money on rok this grind be tedious asf lmao	10
náº¡p 200K lÃ m vá»‘n thÃ´i, update lÃªn VIP4, cÃ²n nhiÃªu vÃ ng bá» cty tÃ i chÃ­nh sinh lÃ£i rÃ¹i :)	10
T ko náº¡p tháº» nÃªn lÃªn cháº­m thÃ´i	10
gift code	10
Náº¡p mÃ  ko nhanh	10
bá»n nc ngoÃ i náº¡p ráº»	10
Game nÃ y khÃ´ng biáº¿t náº¡p báº±ng ji nhi	10
Ngta tÃ­nh náº¡p 20k thÃ´i	10
wanna charge casper? lol	10
Yes, I will purchase more gift packs to deal with Vadim and Poppy.	10
hqua náº¡p sÆ¡ sÆ¡ bay 800k liá»n	10
vÄ©nh viá»…n pháº£i náº¡p	10
náº¡p vÃ´ gÃ¬ Ã´ng?	10
CHARGEEEEE	10
Äá»«ng ai náº¡p nhÃ©. ÄÃ o rss lÃªn nhÃ  lÃªn quÃ¢n Ä‘c bn thÃ¬ Ä‘c. Admin chÆ¡i chÃ³ vl	10
Äá»«ng náº¡p ná»¯a	10
CÃ¡ch náº¡p cÆ¡	10
bá»¯a h tui náº¡p 500K rÃ¹i Ä‘Ã³, láº¯t nháº¯t	10
ok im cashing out all my suitcases. even speed up .ğŸ˜‰	10
you can if you top up	10
NÃ³ náº¡p vc	10
e sá»£ rá»“i	10
I bought a lot of gift packs. I used the accelerator in the gift pack	10
in mafia city, Chinese players was able to get packs that cost Â£100 very cheap in the money they paid for packs. they max up very quick	10
I don\'t have resources to cure my soldiers now. I\'ll fight back when I recharge	10
top up cody	10
Except u buy cash for top up	10
Máº¥t quÃ¡ nhiá»u thá»i gian Ä‘á»ƒ má»Ÿ t5 . Game nÃ y chá»‰ náº¡p tiá»n vÃ o lÃ  nhanh cÃ³ nháº¥t	10
Náº¡p tiá»n mua tháº» buff thÃ´i cÅ©ng Ä‘á»§ cháº¿t	10
nothing a credit card cant fix ğŸ˜™ğŸ˜™	10
Náº¡p nhju khÃ´ mÃ¡u láº¡i phÃ­	10
Vip 9 I\'m coming ğŸ˜–ğŸ˜–	10
todo another one	10
really? oh shit, it forced me to top upğŸ™˜	10
I dont mind spending but i promised myself I won\'t go crazy here ğŸ˜—ğŸ˜—	10
biar ng ketahuan Tuan Top Up, anak sultan ngeri	10
BÃ¡c náº¡p tháº»	10
K náº¡p ná»¯a Ã´ng ak	10
Náº¡p táº§m 500$ vÃ o Ä‘Æ¡m háº¿t cÃ¡c clan	10
náº¡p vÃ o mua sá»• Ã­	10
ban muá»‘n  nhanh  len thi náº¡p	10
tiá»n nÃ³ cÃ³ giÃ¡ hÆ¡n mÃ¬h nÃªn nÃ³ náº¡p tháº¥y ráº»	10
M k náº¡p tiá»n	10
náº¡p mÃ  k Ä‘uá»•i ná»•i	10
náº¡p tháº¿ bnheiu cho Ä‘á»§ :)) vÃ ng game nÃ y chÃ¡t vÃ£i	10
Giá» cá»© náº¡p  mua háº¿t gÃ³i vip up em áº¥y	10
charge thnkyou	10
Láº¡i náº¡p vÃ o mÃ  xuáº¥t qÃ¢n thÃ´i	10
cháº¯c nÃ³ cho náº¡p xong má»›i quay	10
Thats a guess	10
discor chÃºng nÃ³ khÃ´ng cÃ´ng khai cÃ¡c khoáº£n náº¡p	10
tomorrow is pay day so going drop a few pound on the game and bank the gold	10
BÃ¡c náº¡p mua cÃ¡i trÆ°á»Ÿng thÃ nh chÆ°a	10
e lÃ£o náº¡p ko n	10
Game nÃ y toÃ n náº¡p láº­u	10
Náº¡p qua Ä‘Ã¢u	10
Tháº¿ má»›i gá»i lÃ  kÃ­ch náº¡p	10
Mod kÃ­ch náº¡p	10
cÅ©ng kÃ­ch náº¡p Ä‘áº¥y, chÆ°a biáº¿t bh xuáº¥t hiá»‡n	10
berjaya karnah top up canda sultan	10
bota dinheiro nesse pix ai 81994813854	10
NÃ³ kÃ­ch náº¡p má»›i tháº¿	10
Khá»• cÃ¡i muá»‘n náº¡p tiá»n thÃ¬ pháº£i Ä‘á»•i nik chÃ­nhnsang Ä‘t android má»›i náº¡p Ä‘c	10
Ko náº¡p tháº» nÃªn pháº£i tÃ­ch chá»©	10
tÃ­nh náº¡p Ä‘áº§u láº¥y con kia vÃ ng vÃ ng vÃ´ gÃ¡nh Ä‘á»™i hÃ¬nh mÃ  sá»	10
CÃ³ ai náº¡p tiá»n chÆ°a	10
CÃ¡ch náº¡p tiá»n s ae	10
I never buy gold directly now, are buying gift packs, itâ€˜s much more cost-effective	10
VÃ o kÃ­ch náº¡p sever nÃ y	10
no only 75%	10
náº¡p tiá»n cÅ©ng Ä‘Æ°á»£c nhiá»u	10
Náº¡p gÃ¬ láº¯m	10
Náº¡p nhiá»u chá»© náº¡p gÃ³i Ä‘áº§u k si nhÃª Ä‘Ã¢u	10
tháº±ng nÃ o náº¡p cÅ©ng sáº½ cÃ³	10
2 tháº±ng nÃ³ kÃ­ch náº¡p ghÃª quÃ¡	10
Done vip 7ğŸ™‚ğŸ™‚ğŸ™‚	10
Bá»n nÃ y náº¡p kinh tháº­t	10
I cannot raid. Need to buy package only can raid	10
náº¡p 500do lÃ  vip nháº¥t sever eooif	10
Náº¡p kiá»ƒu gá»‰	10
MÃ  ko náº¡p thÃ¬ ko lÃªn nhanh Ä‘Æ°á»£c	10
to increase my Vip level , 18000 gold will help lol	10
slogan this game.. \"ALL WILL BE EASY WITH TOP UP\"ğŸ˜©	10
thÃ´i náº¡p váº­y thÃ´i k náº¡p ná»¯a cÃ y chay	10
top up apa harus up vila bos	10
this account never top up.. only account Eza top up little..	10
cÃ ng náº¡p cÃ ng muá»‘n náº¡p Ã´ng á»£	10
Wiat a minute, iâ€™ll buy some gift packs	10
only solution for rss is charge moeny	10
Ä‘áº§u thÃ¡ng ae tÃ­nh náº¡p táº¥t tay má»—i ngÆ°á»i 5 cá»§ Ä‘á»ƒ chÆ¡i bá»n no1 Ä‘áº¥y	10
If you don\'t recharge ï¼„6, you\'ll be forced to use a very ugly avatar	10
kalau kamu mendopositokan,otomatis emas akan terkuras,dalam jangka 6hari	10
MÃ  cÃ¡i cÃ¡ nhÃ¢n + 150% Ä‘a sá»‘ lÃ  náº¡p thÃ´i	10
vip 7, Ä‘á»§ lÃªn 8 rá»“i	10
You can recharge any gift package	10
K náº¡p 1 xu chÆ¡i nhÆ° nÃ y	10
æˆ‘å¾—å»åƒé¥­äº†ä¼™è®¡ä»¬ï¼Œæˆ‘çš„åŠ é€Ÿé“å…·ç”¨å…‰äº†ğŸ˜™	10
Im trying to upgrade now ..  $$$	10
ok i just bought vip 8 than	10
á»ª Ä‘á»‹nh náº¡p 19$ ná»¯a nhÆ°ng tÃ­nh ra váº«n thiáº¿u máº£nh Ä‘á»ƒ lÃªn 4* nÃªn cu ng ká»‡ :))	10
It does take a lot of time, unless you charge moneyğŸ˜—	10
11	10
\"HÃ£y Náº¡p Láº§n Äáº§u Äi\"	10
hey Rani do you use giftcode	10
Náº¡p game kiá»ƒu j áº¥y mn Æ¡i	10
BÃ¡c náº¡p Ä‘áº§u nÃªn lc cao ah :))	10
cháº¯c náº¡p khoáº£ng 1-2k dola	10
Fedrix, báº¡n cÃ³ náº¡p tiá»n khÃ´ng	10
Náº¡p cÃ³ 500k :))	10
Jika Anda ingin memuat ulang paket hadiah Anda, Anda dapat melihat di sini	10
Go tell their game designer that if they don\'t let you win, you won\'t be charging	10
recharge	10
i spent a bit. not much. depending on VIP level, you can top gas up certain amount times so i do raid on the highest rioters i can do	10
Náº¡p nháº¹ nhÃ ng thui chá»© ai chÆ¡i khÃ´ mÃ¡u	10
If you want to get senior soldiers in a short time, you need to spend a lot of money. Are you going to recharge a lot of money?	10
Báº¡n náº¡p tiá»n nhiá»u nÃªn máº¡nh hÆ¡n tÃ´i , Ä‘Ã¡nh Ä‘i	10
cty cho 200k lá»….t náº¡p lun	10
Upgrade nowğŸ˜€ğŸ˜€ğŸ˜€	10
Náº¡p Ä‘i a. 100k 35h	10
bill náº¡p lÃ  cÃ³ mÃ 	10
As long as you recharge, the black fog will always get stronger, her strengthening materials are very good to get, that is to charge money	10
náº¡p Ä‘áº§u 20k chá»© máº¥y	10
Náº¡p vÃ ng mua Ä‘á»“	10
náº¡p qua sdt Ä‘Ã³	10
å•Šï¼Œä½ å……äº†å·®ä¸å¤š1åƒç¾å…ƒæ˜¯å§ï¼	10
They just to me for your account safety   You need to contact them	10
If you want to recharge your gift pack, you can take a look here	10
RechargeğŸ˜¥	10
CÃ³ wed náº¡p khÃ´ng	10
To defend and make myself strong, i have to spendğŸ˜©	10
náº¿u náº¡p thÃ¬ lÃªn nhanh láº¯m b	10
T náº¡p cÃ³ mÃ¬nh gÃ³i Ä‘áº¥y 109k vá»›i náº¡p Ä‘áº§u 22k	10
okay, btw I have top up the weekly prizes, because my RSS doesn\'t cover all my needs	10
The fastest way is to recharge	10
kamu semakin berkembang. apa kamu melakukan top up?	10
Náº¡p tÃ½ tráº£i nghiá»‡m cho biáº¿t. MÃ  tÃ¬nh hÃ¬nh ae chá» sv má»›i vá»›i chÃ¡n nhiá»u	10
top up kah?	10
Tháº±ng báº¡n mÃ¬nh má»›i chÆ¡i chá»‹u náº¡p, cho nÃ³ zÃ´ vs	10
náº¡p tiá»n vÃ´....náº¡p tháº­t nhiá»u tiá»n vÃ´.....náº¡p tháº­t nhiá»u tháº­t nhiá»u tiá»n vÃ´.....	10
Náº¡p 500 r	10
i will see how this game goes might put a few k into it	10
csn i grt that for my gas like 50% faster recharge	10
How about I give you $50 to buy a 30-day shield? ğŸ˜‘	10
i spent 100 bucks trying to get and it only gave 125k power	10
kamu top up ya _?	10
Ko náº¡p tiá»n lÃªn lÃ¢u vc	10
its for topup	10
NÃ³ náº¡p tiá»n ghÃª quÃ¡ :))	10
Game nÃ y kÃ­ch náº¡p cÃ²n Ã­t	10
you can spend a little money to upgrade your account faster, I think its not a good as your gas	10
dÆ° dáº£ tÃ­ náº¡p vÃ o cÃ¡i quá»¹ phÃ¡t triá»ƒn Ä‘Ã³, 445K, cÃ³ vÃ ng lÃ m vá»‘n tha há»“ mua sáº¯m	10
@FRANK did you purchased any pack?	10
vip 7 use gold	10
náº¡p tÃ­ :)	10
Really?	10
udh top up donk lo	10
æ€ä¹ˆï¼Œæˆ‘çš„é€šçŸ¥å†™æ˜¯ä½ çš„åŒç›Ÿå·²å……é’±	10
nay nap nhieu lam ne	10
Náº¡p 20k lÃ  cÃ³	10
Ella shaw to get her 6 starred altogether will cost about 200$	10
Viá»‡t k náº¡p láº¥y Ä‘Ã¢u ra :))	10
váº«n náº¡p Ä‘c tiá»n mÃ 	10
ai náº¡p ghÃª váº­y	10
hindi  mag.recharge KA	10
Äá»‹nh náº¡p Ä‘á»ƒ lÃªn con st4 sao mÃ  cháº¯c k Ä‘á»§ máº£nh	10
vip 15 ... probably only $150 ...are you serious?...help me Mr Musk ....lmao	10
I used gold to get to vip 7, as it give good rewards	10
Äáº¿n náº¡p Ä‘áº§u cÃ²n cháº£ buá»“n náº¡p ná»¯a	10
Hk sá»£ top kÃ­ch náº¡p	10
JIO is great in this matter .. doing â€œ MaGiCâ€	10
Vá»«a náº¡p 2 chá»¥c	10
cÄƒn báº£n lÃªn skill cÅ©ng lÃ¢u náº¿u k náº¡p :))	10
I plan to buy a batch of gift packs now	10
