dia mengucapkan selamat tinggal pada gst, dan dia diabaikan oleh kita haha	4
VÃ¬ bÃªn áº¥y Mach ko quáº£n lÃ­	4
I speak in general, whether the island war or otherwise, it is better that the treatment of the forces is free	4
hi,ashy,Is the American abortion policy really implemented?	4
won\'t happen...spain has alaw that famouse ppl don\'t face jail time	4
Sounds like Barak Obamaâ€™s campaign haha	4
What used to be our air quality is clean. Now it is polluted due to the large amount of sewage and garbage dumped into the river	4
ai máº¡nh láº­p khá»‘i	4
i voted for brexit, i now regret it as countries like Poland and Romania are supporting Ukraine	4
Red lives matter	4
pemimpin yang lemah	4
tapi itu keputusan L5 dan pemimpin saya hanya memberi pendapatğŸ˜‘ğŸ˜‘	4
Má»Ÿ nhÃ  quá»‘c há»™i thÃ¬ dáº¹p tá»¥i nÃ³	4
And... have a big power too, no than to EUA, but big...	4
vote xem ai xÃ¢y dá»±ng cÃ²n ná»‘t 2 Ä‘Æ°á»ng cuá»‘i lÃ  má»Ÿ full báº£n Ä‘á»“	4
LÃ m sau Ä‘á»ƒ chÃºng ta cÃ³ thá»ƒ giÃ nh láº¡i nhá»¯ng gÃ¬ thuá»™c vá» chÃºng ta	4
mau nyerang bangsa sendiri bro_?	4
Láº¥y táº¥t cáº£ casino vÃ  cháº·n SOA	4
Hi vá»ng tháº±ng pháº£n bá»™i JIO khÃ´ng bÃªn kia :)):	4
GNE gets to dictate our responses. You want peace, reach out and be civilized out of KE. At least have a real conversation with me or SAN.	4
ya da aku teh pengen d ajakin kaya s zenoğŸ™‰	4
apakah kita diam saja?	4
ung rookie relocation	4
Tháº¿ lÃ  quá»‘c há»™i 100% trong tÃºi	4
perang kepualauan akan dimulai guys	4
i see here on this no prejudice intended the vietnan ppl taking over or trying on my other it the arab nation	4
I think we can prepare for the occupation of these places	4
dan kita tidak harus patuh pada gst kan bro	4
it\'s the same everywhere, every country is going downhill. knock on effect of lock downs. only a matter of time before global financial doom. I\'ve alr	4
sau mÃ  chiáº¿m sÃ²ng bá»n khÃ¡c cÅ©ng ko Ä‘c j nhá»‰, dc buff thÃ´i	4
Tháº¿ ko báº±ng chiáº¿m má» háº£	4
HÃ£y cá»‘ gáº¯ng nghá»‹ hoÃ  Ä‘áº¿n lÃºc cÃ³ quá»‘c há»™i	4
GST is taking everything away from us or what?	4
BÃªn GNE hamster ráº¥t quan tÃ¢m Ä‘áº¿n thÃ nh viÃªn khÃ¡c tá»‘t hÆ¡n SAN	4
and that would be SNP in Scotland, but they want independence, labour say they wont work with SNP. so they would turn to lib dems	4
NÃ³ thik tháº¿ Ä‘á»ƒ ká»‡ tá»¥i nÃ³ tháº¿	4
Game cá»‘ tÃ¬nh	4
not do anything about capitol	4
quyá»n lá»±c quá»‘c há»™i	4
I understand that. But it is probably true that this policy does not apply very well in China. China has only recently redeveloped in the last few dec	4
lol...trump recovery first	4
Noice I will say the game is a bit biased why are the hitmen the only women. Just saying but the bikers should be too at least	4
jangan Biarkan tanah VIE ada SOAğŸ˜¥ğŸ˜¥ğŸ˜¥	4
Why did Britain elect an Indian Prime minister.	4
I hope GNE doesnt give you any position	4
katanya juga nanti pihak ROK mau buat kusus Kingdom Indonesia	4
BÃªn Ä‘Ã³ cÃ¡ch lÃ£nh Ä‘áº¡o vÃ  quan tÃ¢m Ä‘áº¿n thÃ nh viÃªn nhÆ° hamster	4
disini indonesia, memiliki kasus korupsi nomer satu di dunia bro	4
Viá»‡t Nam nhÆ° cá»©t	4
ç‚ºä»€éº¼æ²’æœ‰èªªä¸­åœ‹é»‘é¾æ±Ÿå‘¢ï¼Ÿå°±æ˜¯å› ç‚ºè‡ºç£ä¸æ˜¯ä½ å€‘çš„	4
kÃªu bá»n nÃ³ vÃ o Ä‘i cháº¿t chá»¯a lÃ­nh tá»‘n nhiá»u tÃ i nguyÃªn láº¯m	4
Tá»¥i nÃ³ bá»‹ chá»§ nghÄ©a tá»¥i nÃ³ vá»› váº©n rá»“i	4
ä¸–ç•Œçš„å¤§éƒ¨åˆ†	4
apakah kita akan berpartisipasi dalam perang pulau,kita belum mendaftarnya menunggu persetujuan	4
again trump	4
tÃ´i nghÄ© Ä‘á»ƒ quÃ¢n trong nhÃ  quá»‘c há»™i cÅ©ng cÃ³ Ä‘á»ƒ thá»§ Ä‘Æ°á»£c mÃ  nhá»‰?	4
Enquanto gst existir sempre haverÃ¡ guerra e quebra de regras	4
how come i thought 3rd world hates us	4
Why we are guving Capitol building to GNE forcefully!! If they are not active and interested!!	4
GST discribe us as weak.	4
Is it true you guys have that 1 kid law still?	4
Cá»© tá»« tá»« tÃ¬m hiá»ƒu Ä‘Ã£.	4
Donâ€™t believe everything your party told you	4
quyá»n kh Ä‘á»§ kkkk	4
gne taking back capitol	4
China has only recently redeveloped in the last few decades, and there are still a significant number of its people who are unable to make their own j	4
Cho bá»›t vÃ´ Ä‘á»‹ch	4
Btg ai dÃ¡m Ä‘á»‘t tháº¿	4
How about that war in ukraine	4
é‚£æˆ‘å•ä½ ï¼Œä½ æ•¢åœ¨è·¯é‚Šèªªå…±ç”¢é»¨æ··è›‹å—ï¼Ÿ	4
Quando estou trabalhando dias pares tambÃ©m nÃ£o gosto dos dias que tem 6 kk	4
Two party system in thecus is not working-	4
ÄÃ£ thoáº£ thuáº­n thay phiÃªn nhau chiáº¿m quá»‘c há»™i	4
tidak masalah order itu lebih baik daripada membusuk di Minggiran area	4
So you would rather bring them here	4
Yes, they are doing it inside some of our churches, here, barking like dogs! It is because they are so high on drugs, that they have gone crazy insane	4
Your supreme leader would have a cow if we did that to you.	4
tÃ´i sáº½ lÃ  chá»§ tá»‹ch	4
ç­‰è‘—è¢«å…¬å®‰è«‹å–èŒ¶å§ï¼	4
Boris Johnson should strap some bombs round himself, then Putin will be gone	4
This will put us at war with them	4
ya benar kira harus hati hati,	4
5000 yrs culture destroyed by idiot party	4
You took what was needed for the war and falsely accused GST of provoking the war	4
Essas casas de seguranÃ§a STM podemos perde-las ?	4
ná»™ khÃ­ lÃ  khÃ­ ná»™	4
I think GST should let me join for a minute so i can pick up server rewards though	4
rÃºt quÃ¢n Ä‘á»™i ra Ä‘á»“n canh gÃ¡c	4
TÃ´i nghÄ© cÃ¢u tráº£ lá»i cho Trump Q 1 lÃ  A:200	4
As far as I can see, RRR is at war with GST. We have a chance to pull him in.	4
how do we get our prisons to work ie prisoners?	4
å°æ¹¾å°±æ˜¯ä¸­å›½çš„é¢†åœŸ	4
æ–°åŠ å¡ä¹Ÿå±äºæˆ‘ä»¬å¤§é™†çš„	4
up wale ladai bahot karte hai ??	4
What! America are not bastards! I have two loving parents and many siblings!	4
kelak mereka jadi musuh kita	4
mga pinoy nga	4
u think it\'s a joke? ever heard of Akhand Bharat? u guys don\'t even know ur history properly and u believe that Dragons are ur god ğŸ˜¥	4
dunia terbalik ya bro, karena kita sudah di akhir zaman, sebentar lagi akan berakhir kehidupan di dunia ini, KIAMAT SUDAH DEKAT GUYS	4
If gst goes down they will get way more casinos that way so once we get these up here we are building to are we going in that direction	4
GST are our enemies	4
The ruling party only cares about immediate votes, not the longer term. My favourite British TV series is (yes, Prime Minister).	4
So even if NO1 wins in  the war of capitol , I will not use  the power of president to appointment  the VIE allies to be pariahs or idiots.	4
14 jam lagi gedung DPR akan di buka,kami harap untuk merebutnya kembali	4
joe biden is over here in Ireland just now	4
itu pilihan mu sendiri bro,saya tidak bisa memutuskan	4
Báº¡n muá»‘n chiáº¿m SÃ²ng báº¡c háº£ Hamster	4
æˆ‘ä¼šæ˜¯è¿‡ä¼šä¸»å¸­	4
with hope Putin is there, then the war in Ukraine comes to a stop	4
but totally worth it ti stick it to vie	4
What are your thoughts on handing Congress over to them or keeping it?	4
They stopped attacking the Capitol?	4
If you only look at the football field to judge a country, your head is like a ball full of C02 gas in it	4
We can\'t occupy Congress for eight hours, so why can one party get a higher reward?	4
Is there Iranian this server?!	4
yes like comiisarğŸ˜™	4
Äáº¥t nÆ°á»›c chÃºng tÃ´i cÅ©ng cÃ³ nhiá»u ruá»™ng lÃºa nÆ°á»›c . VÃ  Ä‘ang trong Ä‘Ã  phÃ¡t triá»ƒn cÃ´ng nghiá»‡p	4
NhÃ  nÃ o bá»‡nh viá»‡n cÃ¹i lÃ  toang	4
GST que se cuide quando ele estiver aqui kk	4
Joe biden: thats not nice to say about me	4
Bá» Ä‘i Äá»©c	4
åœ¨ä¸­å›½å¤§é™†å°±æ˜¯æ¯”åœ¨å°æ¹¾çœèˆ’æœ	4
Ká»‡ nÃ³ Ä‘i	4
NÃ o coa quá»‘c há»™i chÃºng ta dá»… thá»§ hÆ¡n	4
Remember, u also said he wouldnt come to the negotiating table and actually agree to anything. LolğŸ˜¥	4
sepertinya kita harus merampas tanah 3 sebelum capitol dibuka	4
i will polite to developed country,instead of colonized country such as vietnam	4
the Conservative government here in UK is in meltdown. we need general election. Labour and Liberal Democrats will gain more seats	4
america	4
Wilson,ä¸­å›½ä¸æ˜¯ç‹—ç“·ã€‚	4
Há»Ÿ ra lÃ  máº¥y bÃ¡c Ã½ láº¡i táº­p há»£p Ä‘Ã¡nh nhÃ 	4
Jakarta memang akan tenggelam menjadi lautan Bogor jadi pantai	4
indonesia banyak lonâ€¦ğŸ˜§	4
Deixa eles pensarem isso a vontade Ã© vocÃªs nÃ£o sÃ£o	4
ae viá»‡n trá»£ quÃ¢n Ä‘á»™i chho VÃ´ tháº§n	4
so, do you know how power recommended to attack capitol?	4
Many countries around the world are arguing about Israel and Palestine	4
SAN khÃ´ng cÃ³ tá»¥i tÃ´i thÃ¬ Ä‘Ã£ bá»‹ GNE xoÃ¡ sá»• vÃ¬ SAN lÃ£nh Ä‘áº¡o ráº¥t tá»‡	4
Cancle Yakuza	4
I mean, surround the Congress	4
they after gst now	4
under boris Johnson, they lost 5 seats in by-elections, Liberal Democrats took them	4
ada yang gangguin anak2 VIE kita kasih pahamğŸ˜¥	4
Congress will give it to you the day after tomorrow as we agreed.	4
VN Ä‘á»•i CÆ¡ Ä‘i	4
Are we not supposed to be garrisoning Capitol building	4
shit would rather have mexico. too damn cold in Canada	4
Äá»©c xÃ­t phÃ¡t vÃ o quÃ¢n Ä‘á»™i kia ná»¯a Ä‘i	4
Tqt vá» cÄƒn cá»© Ã´ng	4
but he is puppet in NWO	4
todo has been carving up vie	4
Yes. Take as much of there territory as we can	4
inflstion is too world is surrounded by many greed countries. too much war.	4
church is for rallies	4
i know your country,it\'s an objective conclusion	4
not that our McDonald\'s is anything to brag about but other countries are.gross	4
chÃºng ta chá»‰ cÃ³ thá»ƒ im láº·ng vÃ  im láº·ng	4
You mean rioters? But he is the best healer in the game as well	4
liat hari hari ke depan nasbi No1 kalo masih ada diA, gua jamin sama kaya SOA	4
mereka membatalkan mengambil tanah kami	4
ä½ å±…ç„¶èªªç¿’å¤§å¤§æ˜¯é¾œå…’å­ï¼	4
LÃºc Ä‘áº§u náº¿u muá»‘n phÃ¡ hiá»‡p Æ°á»›c tÃ´i Ä‘Ã£ khÃ´ng nhÆ°á»ng quá»‘c há»™i	4
lots of it...is....bush...	4
ä¸­åäººæ°‘å…±å’Œå›½ä¸‡å²ã€‚	4
wilson,æˆ‘ä¹Ÿè®¨åŒè¶Šå—.	4
cuma polisi berpangkat cukup tinggi bro	4
Yg indo wajib ganti nama dan bendera, kalau tdk besok akan lakukan sortir member	4
Cháº¯c nÃ³ muá»‘n trÃ¡nh mÃ¬nh, thá»‹t no1 trÆ°á»›c vÃ¬ bÃªn Ä‘Ã³ Ä‘áº¥t thÆ¡m quÃ¡, máº¥y Ã´ng vna Äƒn cháº­m quÃ¡ thÃ¨m ghÃª	4
Ã”ng Ä‘Ã³ nÆ°á»›c ngoÃ i Ã¡	4
Don\'t let SOA occupy that casino	4
Ğ¯ Ğ½Ğµ Ğ½Ğ°Ñ†Ñ–ÑĞºĞ°Ñ, Ğ° Ñ‡Ğ°Ğ¼Ñƒ Ñ‘Ğ½ Ğ½Ğ°Ğ¿Ğ°Ñ? Ğ¯ Ğ¿Ñ€Ğ¾ÑÑ‚Ğ° Ğ¿Ñ€Ğ°ÑˆÑƒ Ñ‚Ğ»ÑƒĞ¼Ğ°Ñ‡ÑĞ½Ğ½ÑÑ	4
Order Ä‘Ã²i nhÃ  nÃ y Ä‘i,káº»o GNE lÃ©n láº¥y cáº§u vÃ  táº¥n cÃ´ng anh em	4
dan negara tolol kalau sampai mereka melarang barang import dari indonesia bro	4
you would have more luck meet in Australia	4
BBC, they put sanctions on you to limit your power.	4
ingin mengambil gedung DPR	4
Háº£y lÃ  nhá»­ng ngÆ°á»i Ä‘Ã n Ã´ng xem nÃ o!	4
Ko pháº£i lÃ  há» báº£o vá»‡ mÃ  lÃ  há» Ä‘ang chiáº¿m Ä‘áº¥t vs cáº§u mÃ 	4
trump 2024	4
Náº¿u quá»‘c há»™i má»Ÿ mÃ  nÃ³ xÃ¢y hÆ¡n 8 tiáº¿ng má»›i Ä‘áº¿n lÃ  ngon	4
ä»¥å‰ä¸­å›½æœ‰çš‡ä¸Šï¼Œç°åœ¨ä¸­å›½æ²¡æœ‰çš‡ä¸Šäº†ã€‚	4
hao binh mÃ  Äƒn k háº¿t. nhÃ  bay máº¥t	4
second one its good agains rioters	4
no but can understand why they didn\'t want us there	4
IrÃ£o ouvir o que nÃ£o gostariam	4
Your words clearly reveal the defamation of GST	4
we don\'t need leadership...... we have a boss this is mafia	4
polisi korup konoha the best bro wkwkkwwk	4
its sad to see nurses and doctors and others in health care having to use food banks to help them get by	4
as we all knownï¼Œvietnam is poor	4
waktunya pulang sane kita kembalikan siaran dunia kepada BOMB	4
Oke... i m so sorry,,, and i dont judge other country... i respect to ur country.. sorry	4
Are you Biden?ğŸ˜¥	4
still you can\'t defeat our country in moba	4
he gonna stay in front of capital building for 7 hours ğŸ˜¥	4
åœ‹æ——æ˜¯ä¸æ˜¯èƒ½äº‚é¸çš„	4
Since I came here, I gave them a chance for peace, but they refused. Then I gave them another chance, and they refused	4
BANYAK korupsi dan lain lain wkkwkwkw	4
Tháº¿ cho qÃ¢n chÃ­nh Ä‘i luÃ´n	4
VÃ o quá»‘c há»™i check liÃªn minh tá»«ng sv lÃ  ra bÃ¡c	4
Xem bá»n bsm trung láº­p thÃ¬ thÃ´i	4
dont make problem.. people make opinion if you are from GST	4
Now people all over the people calling americans as \'gender confused peeps\'!	4
china watches from space learning our tactics and strength we are all fcked	4
knapa jadi manager.. biar kan saya jd rakyat	4
They also seem to distatste of NO1 and he will try not to encroach further in our teritory	4
Quan trá»ng lÃ  ai tháº¯ng ai thua. VÃ  Soa Ä‘Ã£ thua trong viá»‡c giá»¯ nhÃ  an toÃ n vÃ  sÃ²ng bÃ i	4
dan penyumbang pajak terbanyak di indonesia itu seorang perokok bro	4
I like barrack obama ğŸ˜‘	4
putin far away	4
Biden lÃ  ngÆ°á»u trung mÃ  hamster :))	4
police are nazi?	4
the bank England has said Scotland wont share the pound	4
we will see what will happen to gst	4
Maybe Vladimir Putin is not our best choice, but at least he is better than Yeltsin	4
semua capo di bedakan,gereja kamu luar bisa menampung banyaknya pasukan otomatis reli pasukan saya keluar	4
an unacceptable loss for the UK	4
è¶Šå—äººæ˜¯èµ°ç‹—ã€‚	4
Hopefully showing a bit of force will give us some brownie points with others	4
they attack capitol what is occupied	4
kapan gedung kapital di serang ?	4
gst and stm fighting for the capital building	4
GNE, please take the capital	4
You should not attack DMG\'s Capitol building, it violates our treaty	4
Oil but biden shut most down	4
å…±äº§å…šå¾ˆå¥½ï¼Œä¸ºä»€ä¹ˆè¦éª‚ä»–ä»¬ï¼Ÿ	4
No Vietnam is relatively rich	4
Aku rasa jawaban untuk Ganjigank Q1 adalah A: Santa Perawan Maria	4
i would hope VIE would ask us to move if they have plans for what we hold	4
Sao láº¡i sang bÃªn no1 cÃ  khá»‹a nÃ³ rá»“i	4
cause some people know he would end up starting a war	4
pinto talked to mav. told him he would have to go through him and hoh to get to me. that i protected hoh when they came to s3 to start with.	4
So, Orange Chicken, is that from China, or fake Chinese food made in America?	4
#save the children	4
Quá»‘c há»™i 8 tiáº¿ng má»›i khoÃ¡ nÃªn cháº¯c bÃ o nÃ³ lÃ¢u dÃ i	4
é‚£å‚¢ä¼™æ˜¯å°ç²‰ç´…	4
justru itu, hanya untuk menggertak	4
karena ini game perang ğŸ˜‘	4
Ká»‡ bá»n nÃ³ thÃ´i	4
depends if they can get deposed or not..hoping 2nd and 3rd can get to gether and go at 420..but with 420 giving city hall to hoh don\'t see that happen	4
men always threatened by women in power..that was the problem with 420..with the two of us	4
Sao k Ä‘Ã¡nh cÄƒn cá»© to Ä‘i nam thiáº¿n	4
Why did BBC only have 150k troops?	4
rioters?	4
careful that is sensitive issue in China...	4
Every time we destroy it! They say, \"Oh that\'s not India! This is India!\" It\'s been going on since Alexander the Great.	4
If you exceed hospital capacity, you\'ll die. It just won\'t show up on the report	4
Quá»‘c há»™i láº¡i ra chÆ¡i chá»©	4
can see Iran and the taliban join Russia too	4
i dont think its favour of gst or stm war outside ke	4
karena ada perang kepulauan guys	4
STM VINJUN must back to capitol area	4
The Capitol is protecting itself without protection	4
xem nÃ³ cÃ³ rÃºt Ä‘áº¡o chÃ­nh vá» k	4
NÆ°á»›c nghÃ¨o bá»n mÃ y bá»‹ bá»™ mÃ¡y lÃ£nh Ä‘áº¡o thá»‘i nÃ¡t háº¿t rá»“i Ä‘Ã³	4
This will be a game of the haves and have nots. Need some goverment hand out here lol	4
Vn thá»‘ng trá»‹ rá»“i :))	4
You reminded me of Hitler when he took a picture of him next to the Eiffel Tower lol	4
saya ingin melihat berita nya vie akan teriak di publik	4
i swear im going to end up german lol	4
Ban San tháº­t sá»± khÃ´ng Ä‘oÃ n káº¿t hÆ¡n bang GNe	4
Because Order help them,Order have the bodyguard	4
Polit k vÃ o luÃ´n	4
yup, and north Korea too. can see south Korea join the west with UK and others	4
dia akan digantikan presiden lainnya, pada tahun 2024, 14 februari besok akan ada pemilihan presiden baru bro	4
ğŸ˜™ğŸ˜¥ğŸ˜™ğŸ˜¥ I think he may be! He is an embarrassment to our country	4
if he follows then there be a big general election in the UK. full labour government or coalition government - labour and Liberal Democrats	4
Bjo  Ä‘i thu thuáº¿ quÃ¡n bar karaoke	4
CÃ³ Ä‘á»“ng minh nÃªn nay máº¡nh miá»‡ng záº­y?ğŸ˜	4
Äáº¥y nÆ°á»›c tÃ´i khÃ´ng phÃ¢n biáº¿t da mÃ u , nhÆ°ng nhá»¯ng Ä‘áº¥t nÆ°á»›c giÃ u cÃ³ sáº½ phÃ¢n biá»‡t da mÃ u vÃ  vÃ¹ng miá»n	4
Change my mind. Then its australians and then its british and americans.	4
The news says the Labour party has called its biggest strike in 40 years. Does that affect you?	4
NZL is more powerful	4
trump is hete?	4
oh ya kenapa bendera mu merah putih	4
i believe GST very soon downfall	4
I am not racist but I do not like Indian PM	4
I would think so despite so deal because we are taken there territory and casinos at free will they not going down that easy without a plan	4
ÄÃ¡nh cáº¥p báº¡o loáº¡n cao nÃ³ rá»›t nhiá»u	4
Karena aliansi sepi belum bisa memastikan apakah aliansi ini indo atau bukan	4
GST is rampant	4
ä»–ä»¬æš‚æ—¶æ— æ³•æ¥è¿‘é‚£åº§æ¡¥ï¼Œå› ä¸ºæˆ‘ä»¬æœ‰å®‰å…¨å±‹åœ¨é˜»æ‹¦ä»–ä»¬	4
tidak mungkin di kotaku mwninggalkan 2 capo	4
So... now join to RÃºssia? UK use drug\'s? haha	4
Ra Ä‘Ã³ nguy hiá»ƒm bá»n nÃ³ Ä‘Ã´ng láº¯m	4
its time to take capital back	4
BÃ¡c la háº§u Ä‘á»ƒ lÃ­nh á»Ÿ nhÃ 	4
serangan pemberontak gk bisa d bantu	4
di indonesia, pemakai narkoba disebut NARKOBOY, kalau ketahuan polisi pakai narkoba, kita bisa jadi DUTA ANTI NARKOBA DI INDONESIA GUYS	4
Rall Ä‘Ãª ngon vÃ£i	4
Yeah, let them test their own medicine	4
TÆ°á»›ng chÃ­nh bÃ¡c * cao lÃ  á»•n	4
India definitely would join Russia cause of cheaper gas deals	4
his reasoning is that America created Covid ğŸ˜¥ğŸ˜¥	4
i hate china	4
and she dont even make spain her home	4
cho tÃ´i xin tá»a Ä‘á»™ cÃ³ thá»ƒ táº­p káº¿t biá»ƒu tÃ¬nh trong 5 phÃºt.. tÃ´i muá»‘n tham gia vá»›i cÃ¡c báº¡n.	4
SDA itu sumber daya, pil uang dan alkohol menjadi satuğŸ˜‘	4
Their party brain washed them. They can only believe all the shit ccp tood them to believe	4
i believe if Putin continues, WW3 will happen	4
police rally Ä‘i	4
NÃ³ do thÃ¡m	4
or we all ca  vote	4
our allies are mft and WwB do not hit any members	4
TÃ´i nghÄ© cÃ¢u tráº£ lá»i cho Trump Q 1 lÃ  A:200	4
Ká»‡ máº¹ nÃ³ Ä‘i	4
I support russia hail joseph stalin and putin	4
Ai viet nam	4
è¶Šå—ï¼Œä¸­åäººæ°‘å…±å’Œå›½ä¸‡å²ã€‚	4
á»Ÿ nhÃ  phÃ²ng mÃ¡y. ae nghiÃªn cá»©u phÃ¡t triÃªn hay chiáº¿n tranh váº­y?	4
ä½ å®Œäº†ã€‚ä½ è¾±è¯äº†ï¼	4
Send em back to where they came from ğŸ˜”	4
Itu putra ketuanya masuk, blg dia mau jabatan	4
Rebeldes e Desordeiros sÃ£o diferentes?	4
2 nhÃ  Ä‘Ã³ vá» kinh táº¿ nÃ³ cháº£ giÃºp gÃ¬ cho GNE,nhÆ°ng chiáº¿n tranh thÃ¬ ráº¥t há»¯u Ã­ch,nÃ³ Ä‘e dá»a chÃºng ta.NÃ³ giá»‘ng nhÆ° 1 tháº±ng vÃ¡c con dao Ä‘á»©ng trÆ°á»›c nhÃ  mÃ¬nh	4
I believe it was putinâ€¦ and then i posted it in global	4
kgb nukes like bidens sperm ie dust	4
The occupation can bring us an immediate boost after	4
Whitw woman in general, no. Not talking about actual white girls	4
Ä‘á»ƒ bá»n No.1 Äƒn cáº§u nÃ y nÃ³ vÃ o phÃ¡ tá»‰nh dÆ°á»›i cá»§a mÃ¬nh	4
You do realize that they are going to make it a huge deal to taking there properties	4
iran	4
So VIE wants to start a war already?	4
cá»© gáº§n quá»‘c há»™i bá»n nÃ³ láº¡i thÃªm tháº±ng máº¡nh	4
Giáº£m xuá»‘ng thÃ¬ huá»· há»£p quÃ¢n :))	4
Anyone know why bbc let 250k troops on the bridge ?	4
hmm UN isnt a country is it?	4
tapi indonesia kalah terus sama philipina bro wkskkkwwk	4
Long live Taiwan	4
Quá»‘c há»™i chiáº¿m liÃªn tá»¥c 8h :)))	4
its government fault as well because cant do shit to your own kids as you will get done for that	4
Semua karna koster ama anggota pks.. persetan	4
biarkan mereka ribut d luar sanah,yang penting kita tenang	4
yeah idk enough about china to know what to do there. i just think its sad chineze people dont know about tank man	4
I would be all for helping GNE take a turn at the capital building. Interesting how you see someone that would help you	4
I mean politically	4
they want to but have nobody big enough to help us fight if they do	4
jakarta siap-siap terkena dampak mas	4
Perang Pulau Sekarang Persaingannya Sangat ketat teman	4
oops sorry your scientist only know to create new problems like 100 of variants of virus	4
Bá» cÄƒn cá»© nÃ y	4
Looks like the BBC is like Pablo Escobar burning his money to keep you warm lol	4
exactly they are protecting them	4
Before I came here, where was your strength? Girl take the capital and you guys just babble lol	4
Cá»§a bá»n nÃ³ Ä‘á»©ng yÃªn Ã½	4
ooooo this is a revolution	4
abortion is up to the individual.states now.  the supreme court changed the policy that said abortion was allowed in all states	4
So we don\'t enter the capitol to defend?	4
nhÃ  thá» dÃ¹ng Ä‘á»ƒ join lÃ­nh Ä‘á»“ng minh dáº¯t Ä‘i bem. a dáº¯t thÃ¬ nÃ¢ng cÃ²n join thÃ¬ k cáº§n	4
my counrty are now voting on assisted suicide	4
brasil is loser	4
Giá» mÃ¬nh lo chá»— nhÃ  quá»‘c há»™i trÆ°á»›c bÃ¡c áº¡	4
VIE really needs to put leashes on their muts, becuase if they so this may very well continue	4
Cho chá»«a tá»™i lÃ¡o	4
apakah kita akan berperang??	4
ä¸€èµ·å…±åŒå¯Œè£•	4
é‚£ä½ ä¾†è‡ºç£ç‚ºä»€éº¼è¦ç”¨ä¸­åœ‹è­·ç…§ï¼Ÿç‚ºä»€éº¼è¦èµ°åœ‹éš›è·¯ç·šï¼Ÿ	4
looks like MA will resign	4
BIARKAN MEREKA HIDUP DAN BERKEMBANG BIAKğŸ˜¥ğŸ˜¥ğŸ˜¥ğŸ˜¥	4
Náº¿u Ä‘Ã³ lÃ  cuá»™c chiáº¿n tranh cháº¥p tÃ i nguyÃªn tÃ´i sáº½ khÃ´ng Ã½ kiáº¿n	4
hongkong sudah bersatu dengan china bro	4
sudah jangan barbar dengan gst wkkwkwk	4
cuman sumberdaya doang kan ng lebih dari kasinoğŸ˜‘	4
I cannot blame you for saying that. 40 years ago, we had a good nation, but now I donâ€™t know if we can recover, and ever be the same again	4
Yes, it is so disgusting that they are doing this! Only the state of Florida and Texas is stopping this from happening	4
I need to get me a postion in the Capital. I should be speaker	4
You are slandering our country	4
ğŸ˜¥náº¿u khÃ´ng cÃ³ lÃ£nh thá»• thÃ¬ liÃªn minh cháº¿t	4
trump Æ¡i	4
IDN ama IND mending merger aja udah,. wilayahnya g jalan gitu	4
Temos 1 Rsd	4
Scotland is dinosaur country prehistoric	4
dan bisa pikirkan, kerugian kita, karena gst menyerang tempat persembunyian kita bro	4
and the government definitley would have censored it.	4
bahagian gelar kongres	4
æˆ‘è‡ªç”±	4
ä½ è§‰å¾—å°æ¹¾çœé‚£ä¹ˆå¥½é‚£ä½ æ€ä¹ˆè¿˜å»äº†ç¾å›½	4
H nÃ¡t láº¯m r toÃ n bá»n dÃ¢n tá»™c	4
the mercenary attack on the Capitol report is too dramatic	4
Ã€ xÃ¢y thÃªm lÃ£nh thá»• Ä‘i	4
ğŸ˜±ğŸ˜± I want biden to invade Canada and take their oil, ğŸ˜™ğŸ˜™ğŸ˜™ğŸ˜™	4
Chá»§ yáº¿u lÃ  bá»n nÃ³ Äƒn xong nhÃ  quá»‘c há»™i 1 thá»i gian	4
GST is coming fast n hard	4
KhÃ´ng dá»¡ sáº£nh	4
my bet is 420 make up city hall rules that suits them same as allways	4
phÃ¡t Ä‘á»™ng 1 tiáº¿g.... ai mÃ  Ä‘i	4
berikan CHEEK pemburuhan yang besar	4
å°æ¹¾æœ¬æ¥å°±æ˜¯å±äºä¸­å›½	4
GST getting worse	4
trump apakah anda membenci saya juga seperti gosh , cleo , vengence , mjr ?	4
å…±äº§å…šä¸‡å²,è¶Šå—äººåœ¨è®²åºŸè¯.	4
NÃ£o podemos ser atacados Trikkst3r?	4
è®©æˆ‘ä»¬æ‹¿å›æˆ‘ä»¬çš„æ¡¥	4
nÃ³ sáº½ sá»›m phÃ¡t triá»ƒn ngang báº±ng cÃ¡c nÆ°á»›c khÃ¡c . nÆ°á»›c cá»§a báº¡n cÃ³ pháº£i chá»‘ng má»¹ ,phÃ¡p,nháº­t báº£n ,anh quá»‘c ?	4
khÃ´ng ai tá»• chá»©c. chiáº¿n tranh kakak	4
Bao xong nhÃ  quá»‘c há»™i rá»“i Ä‘Ã¡nh tá»« Ä‘Ã³ ra	4
I don\'t know. If Congress keeps going, then we still have a lot of time to discuss this issue.	4
I thought Hong Kong is China	4
is there gonna be a civil war...	4
Váº­y Order hÃ£y tháº£o luáº­n,pháº£i thu há»“i 2 nhÃ  Ä‘Ã³,vá»‘n dÄ© 2 nhÃ  Ä‘Ã³ khÃ´ng cÃ³ Ã­ch gÃ¬ cho GNE ngoÃ i viá»‡c chiáº¿m cáº§u cá»§a chÃºng ta	4
Oan oan tÆ°Æ¡ng bÃ¡o Ä‘áº¿n bao giá» má»›i dá»©t. Báº§n tÄƒng khuyÃªn cÃ¡c thÃ­ chá»§ nÃªn phÃ³ng háº¡ Ä‘áº§u Ä‘ao,láº­p Ä‘á»‹a thÃ nh pháº­t. cÃ¹ng nhau chÄƒn nuÃ´i nÃ´ng tráº¡i vui váº»	4
Uk cá»© liÃªn quan thÃ¬ lÃ m máº¥y cÃ¡i 1 lÃºc	4
åœ¨è¿™è”ç›Ÿçš„äººéƒ½æ˜¯ä¸­å›½äººå—ï¼Ÿ	4
I grew up in China since I was young. I have no impression of SingaporeğŸ™‘	4
Sáº½ báº¥t lá»£i náº¿u SAN xÃ¢y dá»±ng cÄƒn cá»© gáº§n chÃºng ta	4
rebut semua kasino dulu	4
I see China definitely join russia, same type of person...	4
çœ‹èª°å…ˆè¢«å–èŒ¶	4
These are not my words, these are the words of \"Thunder\". Your leader is the one who is dragging you into war	4
Tá»¥i nÃ³ chá»‰ chÄƒm Äƒn má» thÃ´i	4
Hamster doesn\'t like to hear anything about Xi Jinping ğŸ˜„ğŸ˜¥	4
Just done with it my older children dont want me to . Its just a money pit . I believe the global events are controlled by tye GMs	4
pho is also military heavy	4
China lÃ  con dog	4
VN sÃ¡ng dáº­y tháº¥y bá»‹ mod pk chÃ¡y nhÃ 	4
Ni gue mau ngratain kota Chrismolisanti	4
apakah ada rencana untuk meruntuhkan no.1 sedikit demi sedikit?	4
viá»‡t nam vá» 1 G Ä‘eee	4
jika ketua AMLIA dan SUPERMAFIA bersatu melakukan serangan balik mungkin bangunan ini akan jadi tanah	4
quá»‘c há»™i k láº¡i bá»n nÃ³ Ä‘Ã¢u	4
not if gst going to zero them lol	4
they going to end up causing war between them and hoh. mark my words.	4
Cáº§m sá»• Ä‘á» Ä‘i Ä‘Ã¡nh luÃ´n	4
CÃ¡c báº¡n muá»‘n chiáº¿n tranh, chÃºng tÃ´i chiá»u theo Ã½ cÃ¡c báº¡n luÃ´n	4
attack GST ?	4
at least i didnt say something like Meghan traitor all about thst bass	4
h up cÃ´ng nghá»‡ lÃ£nh thá»• thÃ´i	4
menurut mu mengganti Asuka atau terus mengembangkannya?	4
Bá»n nÃ³ á»Ÿ gáº§n nhÃ  quá»‘c há»™i Ä‘á»ƒ thá»§ nhÃ 	4
No, mercenaries in Congress are horrible.	4
Kau muslim kah?	4
Why donâ€™t you ask your boss? He demanded to hand over iambatman	4
Yes!! â€¦thanks to Prigozhin brother.. we should work like this only!!	4
kalau kekuatan tempur mengurang, itu tidak berpengaruh dengan pasukanku kan_?	4
kami tidak seperti anda menyerang di lahan tani	4
They have 88 terf comtrol maybe a peace tready with TNM	4
awas sane cleo sedang marah	4
Hes unfit to be one	4
Yes but some people here obviously cannot learn, and get confused with gender, ender, drugs, and loyalty to our country. Which some are rioting in theğŸ˜³ğŸ™ˆğŸ™‰	4
Máº¥y boss viá»‡t nhiá»u tháº¿	4
sáº¯p quá»‘c há»™i r	4
Uhh im not into poloticts	4
Äáº§ng nÃ o cÅ©ng pháº£i hÃºp háº¿t máº¥y quáº­n máº¥y tá»‰nh kia :)))	4
CÃ²n má»—i nhÃ  quá»‘c há»™i lÃ  xong rá»“i	4
NÃ³ cá»‘ tÃ¬nh xÃ¢y cháº¡m sÃ²ng mÃ¬nh Ä‘á»ƒ cÆ°á»›p má»›i lÃ¡o	4
hong láº½ bá» tr	4
ThÃ´ng cáº§u rá»“i cÃ³ nÃªn dá»n máº¹ luÃ´n bá»n nÃ³ Ä‘i khÃ´ng	4
Quá»‘c há»™i mÃ¬nh xÃ¢y dÃ y lÃªn lÃ  ok	4
Máº¥y á»•ng tÆ° duy báº£o thá»§ quÃ¡	4
VÃ¬ Tá»• Quá»‘c XÃ£ Há»™i Chá»§ NghÄ©a	4
All this happened because of your leader	4
ooh ayo mendekat	4
kamu agama apa bro	4
mai háº¯n Ä‘á»‹nh chiáº¿m láº¡i cáº§u cháº¯c	4
when are gst gonna learn ...ke time only	4
but then they get to argue on who leads the new merged alliance..then their not happy split away and start all over again lol	4
nÃªn Ä‘Ã¢u xuáº¥t quÃ¢n ná»•i	4
Iâ€™ll start a rally	4
War may not be an option, but places like Crimea were part of Russia before the Soviet era, just as independence for Scotland and Wales would be an un	4
ya saya juga gak mau kehilangan kasino-kasino itu	4
maklum mang krek rlis di indo mah	4
cÃ¡c em Ä‘ang cÃ³ Ã½ Ä‘á»‹nh muá»‘n táº¡o pháº£n chá»© gÃ¬	4
I agree, but win is the only stm leader who wants to discuss it.	4
FREEDOM	4
GST is increasingly encroaching and occupying our territory, when they realized that our forces are weakening	4
and as for state mayor, lost all respect for him	4
to much internet and liberty thats what i call it	4
DeverÃ­amos tomar do gst que sÃ£o inimigos mas aÃ­ iria ser uma guerra sem fim kk	4
T tÆ°á»Ÿng qua ngÃ y nÃ³ rs láº¡i	4
we never want war gst always provoke for war like its doing now	4
Also, what do yall think about some type of agreement with XIT?	4
politics on a game usually goes bad.	4
Viá»‡t nam chá»‰ Ä‘Ã¡nh du kickğŸ˜€	4
GST is the right way	4
I said it to daddy whos trying to make a mega tribe with the chinese on this game.	4
Because they occupied the Capitol	4
cunny how so many ppl want in to uk usa but we all want out lol	4
and they use martial law	4
RRR cannot win against the GST	4
no. just an uneasy ceasefire	4
mungkin mereka sedang mencari modal sehingga menangkap ayam ayam ituğŸ˜‘	4
blame trump bro	4
i dont want promotion anyway to much politics	4
Tháº¿ chiáº¿m Ä‘c quá»‘c há»™i thÃ¬ bÃ¡c hey sáº½ Ä‘áº·t má»i quyá»n cho má»—i ng ah	4
Seb spoke out loads about climate change and the stuff they use for F1 cars, and getting energy from different sources	4
Ãi czwn cá»© lm xÃ¢y Ä‘á»ƒ lÃ m j tháº¿ cÃ¡c bÃ¡c	4
We in our country do not have nature	4
we need to catch the misfits in power 1mil behind	4
Subtract union assets and congressional rewards. He won\'t achieve anything	4
Yes, I know. Under our previous president, it was not like this, though.	4
Giá» nÃªn chá» quá»‘c há»™i chiáº¿m láº¡i hay huá»· hiá»‡p Æ°á»›c hamster	4
yeah but thats hard wen its all around you.this happens all day all night.kids arent safe at school even	4
berarti kita menyerahkan tanah atas untuk mereka?	4
But honestly, if India joins Russia, I believe Sunak will follow	4
no we need everyone  inside  the green line.	4
I will be a good president!	4
I don\'t really want to talk to people who insult my own country, they can\'t even walk upright	4
But GST loss more	4
Cho quÃ¢n bÃªn nhÃ  an toÃ n kia sang Ä‘Ã¢y tÃ­ Ä‘i MÃ¢y	4
kita berharap Super dan Amelia bertindak soal ini	4
å› ä¸ºXiTæŠ•é äº†SAN	4
NgÃ y hnay k thÃªm Ä‘c quÃ¢n nÃ o hy sinh 20k	4
Dáº¡o nÃ y Ä‘Ã³i qÃ¡ pháº£i giá»Ÿ thÃ³i cÃ´n Ä‘á»“ cÆ°á»›p bÃ³c	4
BAU BAU,æˆ‘è®¨åŒè¶Šå—çš„ï¼Œä¸­å›½æ˜¯ä¸­å›½ çš„ï¼Œè¶Šå—æ˜¯è¶Šå—çš„ã€‚	4
Báº£o toÃ n lÃ£nh thá»• sau má»Ÿ cáº§u 2 Äƒn máº£nh kia 1 mÃ¬nh thÃ¬ ngon	4
Why do you think the United States is more free than China?	4
i know your icu has a bunch in it now	4
meskipun habis untuk pemberontak 12k	4
sounds like democrats in action, always trying to control others. its bs someone else decides how my game is played	4
åªæœƒç”¨æ‹³é ­çš„æ–‡æ˜ğŸ˜—ğŸ˜—ğŸ˜—	4
Äá»ƒ hiáº¿p chÃºng ta Ã 	4
jika terus begitu mereka akan rugi kedepannya	4
American gas may be more democratic	4
Pois Ã© eu falar isso ela Ã© milionÃ¡ria talvez eu nÃ£o	4
I realised that they are even worse than us. lol. for example, look at gender conflicts.	4
Conservatives has lost my trust from when boris was PM during the pandemic	4
rumah man kita d kuasai lagi sama BSM,apa yang mesti kita lakukan,apa membiarkannya begitu saja..?	4
Dá»¡ bá»›t nhF bá»n no1 nao cho nÃ³ xÃ¢y	4
and other emergency services having to use food banks	4
Oiyah PSBB g bole rame2	4
veitnam even can\'t watch world cup on live broadcast	4
No believe in this... why? this is not a one of country to put sancions on RÃºssia?	4
Thay phiÃªn nhau chiáº¿m quá»‘c há»™i	4
Se eu fosse lÃ­der da dmg expulsaria esse ganja	4
yeah, I need to make sure I am aware of the politics. Thanks for sharing that	4
jaane se pehle armistic on kar lo apna	4
BÃ¡c Ä‘á»©c phÃ¡t xÃ­t	4
They always send â€œvolunteersâ€ to violate the rules they made, is what their people told me	4
you can but middle and low class can\'t move around.	4
æˆ‘ä»¬ä¸éœ€è¦SANçš„å–œæ¬¢	4
Yes, the Capitol is our ultimate goal	4
When will Congress end?	4
NhÆ°ng náº¿u há» gÃ¢y chiÃªn trÆ°á»›c chÃºng ta	4
dan mengakui sebagai mafia di dunia tanpa dalam berpatisipasi casino	4
look up jesus in. India kush vally. missing 12 years	4
seems like america is its own country politically	4
they are forcing kids to promote their pride flag	4
I see the game has gone woke! No more drugs, like as if they aren\'t already a problem coming over the southern border of the U.S.	4
us English are about the only country that like you. dony worry most of the world hates us too ğŸ˜¥ğŸ˜¥ğŸ˜¥ğŸ˜¥ğŸ˜¥	4
Háº¯n Ä‘ang giá»Ÿ trÃ² quáº¥y rá»‘i Ä‘á»ƒ táº¡o lá»£i tháº¿ trÆ°á»›c tráº­n quá»‘c há»™i	4
æˆ‘è®¨åŒè¶Šå—,ä¸­åäººæ°‘å…±å’Œå›½ä¸‡å².	4
mungkin kita mengambil beberapa kasino d sanah,selebihnya tida,karna BSM semakin maju	4
That would officially declare wars with GNE	4
æˆ‘çˆ¹æ˜¯ç¿’å¤§å¤§ã€‚æ²’æœ‰ä½ é€™å€‹æ•—é¡	4
ternyata oh ternyata yuhudeat berulah lagi	4
ĞŸÑƒÑÑ‚ÑŒ Ğ¸Ğ´ÑƒÑ‚, ĞµÑĞ»Ğ¸ Ğ¿Ğ¾ÑĞ¼ĞµÑÑ‚	4
you look at the amount of energy produced by nuclear power, wind power etc, the war hasn\'t made that more expensive, yet the raise the price as though	4
Is this the world of free shooting by making laws and shielding prisoners?	4
It\'s STM\'s turn to take over Congress this week	4
Indonesia inii.. lgi demo aja kang cangcimen lewat selow aja	4
and yeah don\'t forget that an Indian taught u guys Karate and Kunfu ğŸ˜‘	4
wilayah di serang!!	4
æˆ‘æ˜¯å›½ä¼šä¸»å¸­	4
tÃ´i nghÄ© ráº±ng. nghiÃªn cá»©u lá»±c chiáº¿n lÃ  sá»©c máº¡nh cá»§a quÃ¢n Ä‘á»™i chÃºng ta	4
why can\'t I take part in the rally, there is a sign saying cancel the construction of the church	4
CÃ¡c lÃ£nh Ä‘áº¡o cáº¥p cao cá»§a chÃºng ta nÃªn ra tay cá»©ng ráº¯n,láº¥y láº¡i nhÃ  an toÃ n ná»«y,Ä‘á» phÃ²ng GNE giá»Ÿ trÃ² Ã¢m tháº§m cá»­ 1 Ä‘áº¡o quÃ¢n láº¥y cáº§u 3 vÃ  táº¥n cÃ´ng anh em	4
aman, tapi sebaiknya pasukan kamu jangan farming dulu, saat event kill dimulai	4
we need to cut VIE of first	4
Táº¡m nghá»‰ ngÆ¡i xÃ¢y bao háº¿t cÃ¡i quá»‘c há»™i Ä‘Ã£	4
Why are your members coming to attack the Capitol?	4
Hear me out Vietnam is undefeated	4
russia is finding out why the USA doesnt have universal health care	4
chÃºng ta sáº½ chiáº¿m quá»‘c há»™i chá»©?	4
è‡ºç£å°±æ˜¯è‡ºç£ã€‚æˆ‘å€‘æœ‰æˆ‘å€‘è‡ªå·±çš„è‡ªç”±ï¼Œæ„›å»å“ªå°±å»å“ª	4
Congress opens for grabs in 2 days	4
thanks we will heat gst for sure on this	4
saya tidak percaya anda hahahaha	4
Cháº¯c bÃ¡c Äƒn ngÆ°á»i cá»§a nÃ³ nhiá»u quÃ¡	4
æˆ‘å¯ä»¥åœ¨ç¾åœ‹èªªæ‹œç™»æ··è›‹ä¹Ÿä¸æœƒæœ‰äº‹	4
Don\'t give me that 18th century humanism bunk.	4
ada yang bulat tapi bukan tekad, ada yang tegak tapi bukan keadilan??	4
1juta tentara sudah lebih dari cukup ğŸ˜·	4
Ko cÃ³ NSND HM, nhÃ  hÃ¡t áº¥y khÃ´ng cÃ²n tiáº¿ng cÆ°á»i ná»¯a	4
ğŸ˜¦tháº¿ mÃ  chÃºng nÃ³ báº£o hÃ²a bÃ¬nh	4
ä½ æ˜¯åäººå—	4
Who attacked the capitol?	4
if general election happened, it either be full labour government, or coalition government labour and Liberal Democrats	4
polisi korup mau dihukum mati tali tidak jadi mati,	4
we are not at peace was just hoping if we stayed quite SOA and VIE will keep killing each other	4
capitol still empty	4
Máº¥y hÃ´m ná»¯a bÃªn viá»‡t nam vÃ´ Ä‘á»‹ch kia Äƒn hÃ nh trc	4
ä½ å€‘æœ€å¥½æ˜¯æ°¸é ç¿’å¤§å¤§ è¬æ­²ï¼Œæ°¸é çš„åšéŸ­èœ	4
the uk suxx like a dyson lol two much tax nobody givvsafuxx about anything and lets not get started on politicians ğŸ˜¥	4
the officals brush this shit under the rug	4
VÃ  NgÆ°á»i Viá»‡t khÃ´ng thÃ­ch ngÆ°á»i Trung Quá»‘c	4
and another fairytales of no1 are dictators	4
memang begitu, indonesia sama saja dengan desa Konoha	4
GST is somewhat rampant	4
thats their problem with GST	4
Do you criticize the developers freedom of opinion?	4
you took that from us in the first place.	4
trump; isn there have gas?	4
Who\'s leading the charge for 420?	4
NÃ³ tÃ­nh háº¿t r. H bá»c nhÃ  quá»‘c há»™i xong Ä‘Ã¡nh ngc ra k cho nÃ³ chiáº¿m cáº§u 3 ná»¯a	4
Whoever thinks he is president is funny	4
Poppy, that is a trick question. If he cursed Xi, he will be in trouble ğŸ˜¥	4
Do you hate this country?	4
gá»™p láº¡i chÃºng ta sáº½ máº¡nh hÆ¡n..tÃ´i tháº¥y vns cÅ©ng Ä‘ang chá»‘ng Ä‘á»‘i vá»›i Gst	4
Biden is getting old and needs Trump	4
Looks like daddy joined China.	4
Each of our religions is the best religion in the world	4
Guys, who attacked the capitol?	4
Biden Protects Other Countries\' OilğŸ˜¶	4
apakah kita diam saja wilayah kita sedang di ambil ?	4
So your leaders don\'t solve the problem, but they keep asking us to solve it.	4
jika bisa dia sedang melawan sistem	4
guardihose tidak ada dalam perjanjian	4
dia pantas mendapatkan Casino, karna di BSM ada ke hidupan	4
aliansi lu sebelum nya, ketua lu itu kick anggota aliansi ini	4
yeah, you Scots did your best to propagate the human race	4
ğŸ˜³ According to America, we funded it though. Just like we funded the communists through Nixon and JP Morgan.	4
Ai ngá» qÃ¢n nÃ³ 250k Ä‘Ã´ng qÃ¡ :))	4
like the bravest individual who ever lived, tank man is Chinese and i doubt anyone in China even knows who he is	4
Äá»ƒ t xuá»‘ng xá»­	4
é©¬æ¥è¥¿äºšäººç»™æˆ‘é—­å˜´å§ï¼	4
#ASMARA KACAU by indo	4
Germany buys gas from us and sells it to Europe	4
menurutku reli untuk perang membuat kita pasti menang bos	4
Doing ratz way just like China. I got nothing to say ğŸ˜¥ğŸ˜¥ğŸ˜¥ğŸ˜¥	4
No,I like Trump.	4
há» khÃ´ng cháº¯c muá»‘n chiáº¿n tranh	4
KhÃ´ng lam minh chá»§ bÃªn mÃ y thi tÃ´i qua passions . Ae viet nam ha noi Ä‘Ã´ng ko bÃ¡c	4
alah memutar bakikan fakta brodi	4
rise up for GST	4
Ashy estÃ¡ certo YACUZA	4
ya mereka mereka sedang membicarakan itu	4
The greedy billionaire wants to increase his money	4
VIE tham gia Ä‘Æ°á»£c khÃ´ng ğŸ™ƒ	4
aku setuju dengan trump	4
Yea its just a fake peace dont pay atteion to it	4
Besides it is really something good to say you had Pakistan? Sounds like a self-inflicted wound.	4
yeah I think China\'s crazy but it\'s just because the whole United States and China thing	4
ae viá»‡t nam vÃ  Ä‘Ã¡nh biáº¿n Ä‘á»™ng tranh tÃ i Äi	4
hoáº·c lÃ  vÃ o khu quá»‘c há»™i xÃ¢y bao láº¡i k cho nÃ³ vÃ o	4
Mai a xem chÃ­nh trá»‹ tháº¿ nÃ o	4
But from your reactions, it seems that everyone doesn\'t want to reach an agreement with them	4
Im attacking libertard	4
Mas vocÃª nÃ£o acha que poderÃ­amos construir mais pontes?	4
Thank you. This law looks really stupid.	4
amlia never told as animal. her PEOPLE.....not ANIMAL	4
TÃ´i nghÄ© cÃ¢u tráº£ lá»i cho Player23222800006 Q 1 lÃ  B:Hoa Sen Cháº¿t ChÃ³c	4
Doy una explicacion, solo me interesa subir puestos en el poder	4
Like government regulations, namely \"written regulations\"	4
ofcourse if I became president.	4
ThÃºc máº¥y Ã´ng VNA Ä‘Ã¡nh bÃªn cÃ¡nh pháº£i nÃ³ Ä‘i chá»© mn	4
tau ga. da ciri khas ga hurung ga bandung ai kamuğŸ˜¥	4
maybe taking all members before they ask leader to leave his dead alliance lol	4
i certainly do not support Manure	4
Which American president do you like?	4
no immigration orders or anything like that i could find	4
ng gua yakin VIE, orang orang nya baik dan mengahargain kagak kaya indonesia tidak pernah menghargain karya nya sendiri	4
abolish GST let\'s muster all our strength till the last blood	4
it\'s a mixture of people struggling for money and the police being useless due to political reasons. I\'d rather not get into it.	4
I don\'t think they want to be friendly after all. India wants to fight.	4
ppokk	4
é‚£ä½ æœ‰çœ‹åˆ°ç¸½çµ±åºœæœ‰æ›ä½ å€‘çš„åœ‹æ——å—	4
He is mainlander	4
Yes Trump Trump Trump	4
æˆ‘è®¤ä¸ºkaneæé—®çš„Q5ç­”æ¡ˆæ˜¯D:ã€ŠåçŠ¯ç½ªç»„ç»‡ä¾µèš€åˆæ³•ç»„ç»‡æ³•ã€‹	4
and this champion must be france	4
Ğ¯ Ğ½Ğ°Ğ´ĞµÑÑÑŒ ĞŸÑƒÑ‚Ğ¸Ğ½ ÑĞ±Ñ€Ğ¾ÑĞ¸Ñ‚ ÑĞ´ĞµÑ€Ğ½Ñ‹Ğµ Ğ±Ğ¾Ğ¼Ğ±Ñ‹ Ğ½Ğ° Ğ²Ğ°ÑˆÑƒ ÑÑ‚Ñ€Ğ°Ğ½Ñƒ, Ñ‡Ñ‚Ğ¾Ğ±Ñ‹ Ğ²Ñ‹ Ğ²ÑĞµ Ğ¿Ñ€ĞµĞ²Ñ€Ğ°Ñ‚Ğ¸Ğ»Ğ¸ÑÑŒ Ğ² Ğ¿ĞµĞ¿ĞµĞ»	4
The all reason is gst	4
UK should join Russia too	4
next time we will not share the Capitol with GST	4
RÃºssia have more atomic bomb\'s to EUA, this is the shit...	4
Ã”ng sá»£ mÃ y quÃ¡ Æ¡i	4
GST has nothing to do with your problem.. that\'s STM\'s problem with former members.. don\'t link GST to that..ğŸ˜¤ğŸ˜¤	4
CÆ°á»i á»‰a bá»n Trung Quá»‘c rÃ¡c	4
It doesn\'t matter. You can have a rest. I won\'t let hamsters occupy the Capitol for four hours.	4
Ã tÃ´i lÃ  dá»± Ä‘á»‹nh khÃ´ng cÃ³ hiá»‡p Ä‘á»‹nh Ä‘Ã³ thÃ¬ tÃ´i Ä‘Ã£ phÃ¡ khÃ´ng Ä‘á»ƒ há» cÃ³ quá»‘c há»™i	4
cuá»™c chiáº¿n chiáº¿m toÃ  nhÃ  quá»‘c há»™i sáº¯p diá»…n ra rá»“i	4
æˆ‘ä¹Ÿå¾ˆé«˜å…´æœ‰ä½ ä»¬è¿™ç¾¤å…„å¼Ÿï¼ğŸ˜‘	4
vÃ  nhÆ° t Ä‘Ã£ nÃ³i	4
Are you sure becase Csellas prevoked Asellehls	4
con moáº¹ nÃ³ Ä‘á»•i cá» VN Ä‘Ãª	4
boris lost 5 by-elections, the Liberal Democrats took them. just imagine how many voters will swing from the blues to reds or yellows	4
Apa akan terjadi perang ?	4
oh they think they are strong enough to break out a war just because they won island battle.	4
WHY?the conutry is too tiny	4
quá»‘c há»™i cá»§a brf	4
The recent sent of the patriot defense system, is dangerous	4
Go invade Canada, they have alot.	4
apakah nanti bos duke akan membersihkan capitol dari sampah-sampah _?	4
bukan aku saya saja aku rasa semua orang membencinya	4
GST dont interfere	4
strange it happened after we talked about being allies, said would of been happy to, but we were not going to merge	4
Ã ae lÃ  muá»‘n dáº¹p bá»n bsm háº£	4
çœŸç†åªåœ¨å¤§ç‚®å°„ç¨‹ä¹‹å†…	4
We all know but they blame America creating the virus	4
bawa badut itu pulang SAN, kalian lebih membutuhkan & pantas memakai badut itu.. aku tidak suka badut itu ditempatku	4
itu ada emas di sampingmu	4
vietnam is a country that can\'t even enter the World Cup	4
gua sich ke arah penakluk bang gua up	4
cuz they have freedom to speak about their thought unlike ur diplomatic country ğŸ˜‘	4
má»i ngÆ°á»i cÃ³ chiáº¿m toÃ  nhÃ  quá»‘c há»™i khÃ´ng	4
Because of the war between Russia and Ukraine?	4
I really hope that the congressional asylum can last for one day.ğŸ™	4
wish they would hit vns	4
riot day is the important day bro. try to hit riots as much as you can in that dayğŸ˜‘	4
senin hari paling malas untuk bekerja wkwkwkwk	4
His base was in our land	4
KhÃ´ng cáº§n cá»‘,tá»›i ngÃ y Ä‘Ã³,chÃºng ta chá»‰ cáº§n cáº£n trá»Ÿ nhá»¯ng káº» máº¡nh sau Hamster lÃ  á»•n	4
Scotland will never get independence. with whats going on round world today and years to come. they will struggle	4
My country also had a lot of wet rice fields before. but because of the many rich people. the rice fields were taken over into housing complexes	4
I started a congressional rally.	4
Xi Jinping only knows to lick ass of Pakistan by standing against Taiwan and india and when India kicks pakistani\'s ass Xi Jinping backs off like a swğŸ˜—ğŸ˜™ğŸ˜¥	4
di saat NO1 bertarung melawan VIE , BSM hanya melihat dan tertawa ğŸ˜¥	4
VÃ¢ng , tÃ´i cÅ©ng muá»‘n hoÃ  bÃ¬nh nhÆ°ng tÃ´i nghÄ© sáº½ khÃ´ng trÃ¡nh khá»i	4
oh  vietnam	4
Ae Viá»‡t Nam! Láº¡c vÃ o sá»© ngÆ°á»iğŸ˜‘	4
wait for some year China will merge in India	4
mÃ¡y bay trinh sÃ¡t a bayt chÆ°a vá», Ä‘m	4
the way Putin is going, i can see countries in NATO coming together, other countries coming together and support Ukraine	4
kenapa dengan turkey bro_?	4
But no one can prove who chose the expropriation location first	4
HÃ£y chiáº¿m láº¥y quá»‘c há»™i	4
Yes, i like, but... no the war, i like the country and others things, but no approve nothing now	4
Thg tÃ u kia lÃ m máº¥t vui	4
war for independence	4
Äá»“n cáº£nh sÃ¡t vá»›i nÃ  chÃ­nh hao tÃ i nguyÃªn tháº­t	4
chÃ o láº¡i mÃ  nÃ³i tháº­t trung quá»‘c nhiá»u ng chÆ¡i vÃ£i	4
The main problem is that our president, and other leaders in charge, are not doing anything to stop this!	4
buzzfeed! I haven\'t been there in years. Too liberal.	4
æˆ‘æ²¡è¯´ä½ ä¸€å®šè¦æ˜¯ä¸­å›½äººï¼Œä½†æ˜¯ä½ ä¸ºä»€ä¹ˆè§‰å¾—ç¾å›½æ›´è‡ªç”±ï¼Ÿ	4
há» lÃªn top 1 vÃ¬ há» chiáº¿m Quá»‘c há»™i	4
Klw nyerang kota orng gak apa.. yg gak ada ikatan aliansi manapun.. jd aman hahaha	4
he did and the rest of the germans	4
are we gonna give congress to GST soon?	4
æˆ‘ä¸ä¼šç»™è¶Šå—äººä¸­å›½åœ°å€ã€‚	4
We will take over the capitol on Sunday	4
VocÃª estÃ¡ certo MrFantastic ele nÃ£o respeita a religiÃ£o de ninguÃ©m	4
No1 ingin melakukan penyerangan di tanah kita	4
in my church anyway there is definitely a war against truth	4
Viá»‡t namğŸ˜‘	4
LuÃ´n nhanh	4
coming back to Seb, he was on question time political program in UK. they was talking about war Russia doing and Germany cancelled gas pipe	4
food is much better than politics	4
tui nghi tÃ u	4
jadi sekarang kita sekutu sama TNM	4
æˆ‘çŸ¥é“ï¼Œä½†æ˜¯æˆ˜äº‰éœ€è¦æ—¶æœºã€‚è¿™æ¬¡çš„å®‰å…¨å±‹è¢­å‡»æ˜¯å› ä¸ºä»–ä»¬è®©ç»™äº†æˆ‘ä»¬ä¸€åº§æ¡¥	4
Im not getting into politics	4
I hope STM not make trouble when we will take capitol..	4
tÃ¬nh hÃ¬nh nÃ y coi náº¿u cáº¡nh tranh cáº§u 2 vá»›i nÃ³ k láº¡i thÃ¬ ae ai cÃ²n online nháº­p vá» VIE háº¿t	4
mending ke soa aman damai sejahterağŸ˜‘ğŸ˜‘	4
Äuá»•i vá» mÃ  máº¥y Ã´ng cáº¡nh quá»‘c há»™i nÃ³ Ä‘áº­p cho cÅ©ng khá»•	4
táº¥t cáº£ dá»‹ch chuyá»ƒn tá»›i tÃ²a nhÃ  quá»‘c há»™i	4
what i say is Vietnam	4
Ä‚n Ä‘áº¿ quá»‘c má»›i láº¯m vÃ ng	4
I am so embarrassed at what our country has allowed to happen with people like this! ğŸ™€	4
ok, so if you want to be bullies thats fine. be like russia if you want.	4
Belarus as well	4
LiÃªn minh bá»‘ giÃ  nÃ³ sÃ¡c nháº­p tá»‘p 1 rá»“i	4
Rotate the Capitol.	4
I\'m really disappointed about your country. they even made a pride city for them. disgusting	4
Akira said earlier that she is seeking ally with GEN but i guess they are not in the mood of talk	4
TrÆ°á»ng huá»· Ä‘i	4
I see the game has gone woke! No more drugs, like as if they aren\'t already a problem coming over the southern border of the U.S.	4
kalo VNA bakal jadi bagian keluarga VIEğŸ˜	4
Long live Taiwan	4
obrolan dunia ternodai oleh pembahasan kondom	4
mereka ingin menjadi penguasa di server iniğŸ˜©	4
ae k nÃªn mang chÃ­nh trá»‹ vÃ´ Ä‘Ã¢y game vv thÃ´i	4
ma chÃ­nh nÃ³ Ä‘Ã£ dá»¥ Ä‘á»—	4
O que esse idiota faz na nossa Ã¡rea segura?	4
×”×× ×”×‘×¨×™×ª ×”×–×• ×¦×¨×™×›×” ×›×•×— ×œ×—×™××”? ×× ×¦×¨×™×š ×× ×™ ×™×›×•×œ ×œ×”×‘×™× ××ª ×”×—×©×‘×•×Ÿ ×©×œ×™ ×œ×‘×¨×™×ª ×”×–×•?	4
cant stand either of them, but would love to see trump attack Putin	4
fck china haha	4
We have launched the three-child policy	4
Long live Taiwan	4
CÃ³ nÃªn dáº¹p háº¿t nhÃ  gÃ³c nÃ y ko nhá»‰	4
ä¸­å›½ä¸æ˜¯ç‹—.	4
and what little freedom we have	4
kamu pernah masuk GST?	4
Primeiro tomamos a ponte depois construimos casas	4
strange how germany can\'t play this game but can play crimson	4
This is the ccp education product. You guys seem itğŸ˜™	4
haha really?? even ur dad can\'t destroy India	4
Islam ngumpul	4
á»¦a 420 thÃ nh viá»‡t nam há»“i nÃ o	4
the irony is, they hate the english vote but if they let the english vote on scottish independence we\'d probably vote to get rid of them and not liste	4
polisi korupsi disini sudah dijatuhi hukuman mati, tapi malah tidak jadi dihukum mati atau dibatalkan hukuman tersebut bro	4
General election too in UK, you get to vote for 2 parties. my first choice would be Labour, 2nd choice Liberal Democrats	4
Each alliance must give its right to the casino	4
Yes, they fear us and want to ally with us	4
ç°åœ¨ä¸­å›½å‘å±•ä¸å’Œå¹³äº†ã€‚è¶Šå—äººä½ ä»¬è¦æˆ˜äº‰å—ï¼Ÿ	4
so people from VNS and other alliances join us if they dont like STM either. cause that\'s how i see STM, greedy and want to get capital	4
chÆ°a nÃ³i trÆ°á»›c, muá»‘n vÃ´ Ä‘Ã³ pháº£i chiáº¿m cáº§u, mÃ  cÃ³ khi trong Ä‘Ã³ tá»¥i top 1 Ä‘ang Ä‘Ã³ng, nÃ³ láº¡i muá»‘n Ä‘Ã¡nh ngÆ°á»£c ra ngoÃ i	4
AMERICA BANGSAT	4
He has to get thru Congress and Supreme Court	4
Do not attack the capitol. It belongs to GST	4
yeah... because you make a war in us..its normal that he will attack any of you....your not submit to the boss here....	4
one bullet can stop putin	4
No1. Attacked BBC	4
Some are forbidden by the state to buy and sell.	4
jika acara pembunuhan di lakukan lalu siapa yang akan mendapatkan hadia ?	4
CÃ²n Ä‘áº¿ quá»‘c thÃ¬ lÃ¡t láº¥y lun	4
No, in asean, that is Seagame	4
make slaves? in fact you made the BBC your slave	4
indonesia itu aslinya negara konoha ya bro	4
Otherwise it will be gst downfall	4
They donâ€™t want a â€œcommon personâ€œ like me to be in leadership of this nation. I would straighten everything out! ğŸ˜±ğŸ˜™	4
I question you because you are accusing my country of not being free!	4
ÄÃ³ lÃ  má»™t Ã­ kiáº¿n hay,láº­p má»™t khu vá»±c táº¡i quá»‘c há»™i Ä‘á»ƒ gá»­i quÃ¢n Ä‘Ã¡nh trá»±c tiáº¿p	4
What about the electric cars	4
it is not; its depend on the legality pals and $	4
haha ever visited india?? i guess not cuz u guys only know to run away when we get ready for war	4
marches on the right	4
Win has solved a lot of things in Congress, so gst has no new problems in returning Congress to you.	4
NhÆ°ng nÃ³ lÃ m tÃ´i khÃ¡ lÃ  tháº¥y cÃ³ lá»—i vá»›i há»ğŸ˜¦ğŸ˜¦	4
antara gereja ato serikat kalo ga salah	4
ğŸ˜ai sáº½ thá»‘ng trá»‹ há»	4
partly that, and partly energy companies being piss takers	4
ĞœÑ‹ Ğ¿Ñ€Ğ¾Ğ²Ğ¾Ğ´Ğ¸Ğ¼ Ğ¼Ğ¸Ñ‚Ğ¸Ğ½Ğ³Ğ¸ Ğ² Ğ¿ÑÑ‚Ğ½Ğ¸Ñ†Ñƒ Ğ±Ñ€Ğ¾, ĞµÑÑ‚ÑŒ Ğ·Ğ°Ğ´Ğ°Ğ½Ğ¸Ğµ	4
No matter what happens to the Capitol, I have an idea. How about canceling the killing of the strongest godfather this time?	4
kalian juga menyerang capitol lagi	4
why gst interfering when is die problem	4
ndang villa 7 lu, bangun gereja ben iso nyerang bareng ngebarne misi	4
the people united will never be defeated	4
thats not good you should take trump and he would sort it	4
å°‘æ•°æœä»å¤šæ•°	4
Bao xong nhÃ  quá»‘c há»™i thÃ¬ dáº¹p tá»¥i nÃ³	4
It is just game, guys. Don\'t bring politics into the game. Be polite	4
Hail Trump	4
ya more like sucking the working people dry	4
KhÃ´ng nghiÃªn cá»©u cÃ´ng nghá»‡ liÃªn minh	4
I believe this is not a personality to Putin... if you see the others things... i no believe this stop...	4
Yes, you know. still one country, but their stupidity is beyond reason	4
ä¹ è¿‘å¹³	4
TÃ´i nghÄ© khi SAN nhÆ°á»ng láº¡i quá»‘c há»™i	4
Khi nÃ o Ä‘Ã¡nh sá»± kiÃªn Ä‘á»‹ch xÄƒm pháº¡m	4
After it is over, Capitol still belongs to us	4
I used to want to develop the eastern region, but Poppy blocked me	4
If STM does not give up connecting to the security zone of GST, then I will also connect to the security zone of STM	4
å¥½å•Šï¼é‚£å°±ç¹¼çºŒæ„›é»¨æ„›åœ‹å§ï¼ğŸ˜™	4
Pháº£n trinh sÃ¡t Ä‘áº¥y Ã 	4
selama jembatan tidak di ambil alih kita tetap aman di dalam wilayah	4
a e vn tan rÃ£ tá»« lÃ¢u rá»“i	4
Giá» cháº¿t qÃ¢n lÃ  dá»Ÿ Ä‘Ã³ ae Ä‘ang cáº¡n tn	4
Uk ae Ä‘á»u táº§m tháº¿	4
All people East of Anatolia and West of China believe they started everything in the world.	4
apakah ada kemungkinan bertempur dengan SOA? saya membenci mereka	4
You believe the war go stop? i no... the putin... stop now, with sancions, it\'s not worth for him	4
Dá»¡ Ä‘áº¿n Æ°a cáº§u xong phang háº¿t máº¥y Ä‘á»©a nhá» bá»›t Ä‘i	4
oh jadi biker hanya untuk bertani kah?	4
Yes!! He had great power!! We can still use to maintain our total power	4
But we have to prevent a GST backlash, they won\'t let up	4
But these days seem to be the year of China, and they may be on vacation.lol	4
i say down with system	4
bbc will defend	4
Looks like gst is an alliance of china	4
tÃ´i cáº§n quyá»n lá»±c quá»‘c há»™i	4
just dont tell my preist about it most catholic not ready	4
i can say that if i wanted to travel to the capital area and participate,  i would not like that rule.	4
chá»‰ huy thá»© tÃ´i cáº§n lÃ  quyÃªn lá»±c quá»‘c há»™i	4
LÃ¡o lÃ  dáº¹p luÃ´n	4
Simce they think im trikk i would rather leave then get burned by them	4
Don\'t say much, just hit each other in the game. Those who slander other countries are aggressors, even if the aggressors are weak.	4
BÃ¡c la háº§u vs nooble	4
Káº» vÃ´ danh Ä‘ang phÃ¡ hoáº¡i viá»‡c chiáº¿m Ä‘Ã³ng Quá»‘c Há»™i	4
you have any star up capos Salty	4
joe biden	4
LÃ½ do táº¡i sao nhá»¯ng ngÆ°á»i indo khÃ´ng thá»ƒ chung clan vá»›i nhau vÃ¬ há» cáº£m tháº¥y khÃ´ng thoáº£i mÃ¡i vÃ  bá»‹ Ä‘á»‘i xá»­ khÃ´ng tá»‘t	4
they feel stronger than us.. so they can do whatever they want..	4
kayaknya mreka netizen yg ska perang di sosmed	4
Háº¡n cháº¿ chiáº¿n tranh khÃ´ng cáº§n thiáº¿t lÃ  má»™t trong sá»‘ Ä‘Ã³ğŸ˜†	4
Eu penso a resposta de Q1 questionado por Ishaq786 Ã© B:Desencorajar os esforÃ§os policiais	4
TÃ´i cho Ã´ng coi tÃ¬nh bÃ¡o. Vá» cÃ¡i gÃ¬	4
Forced relocation	4
I hate china	4
Má»i ngÆ°á»i chiáº¿m quá»‘c há»™i quÃ¡ sá»›m	4
that what i m afraid of. xit should have responsible and be take over that bridge	4
You believe the Putin is over?	4
sebab jarang indo bisa berdiri biasanya tragis	4
biggest corruption in history is what the devil did to the bible	4
Ukraine got nothing on here fck sake	4
tÃ´i nghÄ© ráº±ng tÃ´i sáº½ tá»« bá» lÃ¡ cá» viá»‡t nam vÃ¬ lÅ© hÃ¨n	4
No1 wants bsm to join so they could rule this server	4
BÃ¡c ki xÃ¢y  bá»‡nh viá»‡n to ah	4
di tahun muslim itu 1444 hijriyah, dan di ajaran agama islam, menyebutkan bahwa kehidupan kita tidak akan sampai 1500 hijriyah, itu tanda akhir zaman	4
Which some are rioting in the  streets because they no longer love our country  ğŸ˜³ğŸ™ˆğŸ™‰	4
KhÃ´ng cho bá»n Bsm vÃ o vÃ²ng trong	4
quá»‘c há»™i hÆ¡i cÄƒng	4
Capitol sudah di tangkap, pix banyak plyer yang sudah gulung tikar atau pensiğŸ˜¥	4
Eu deveria queima-lo tambÃ©m	4
kita balas dengan alasan saja, seperti mereka beradu obrolan masalah dengan alasan egois mereka bro	4
Prevent the GST from taking over again	4
BÃªn nÃ o Äƒn dÆ°á»£c nhÃ  quÃ´ca há»™i lÃ  tháº±ng mod sever Ä‘Ã³ off ngay Ã h	4
Win helped us solve some problems, so gst did not cause new problems in Congress.	4
its not good to involve politics in sports	4
Quan trá»ng khi báº¡n nÃ³i thÃ¬ há» sáº½ khÃ´ng tuÃ¢n theo	4
Ae VN cÃ²n ngoÃ i kia vÃ o VIE hoáº·c VNA mÃ¬nh cÃ¹ng lÃ m thá»±c dÃ¢n thui nÃ o ğŸ˜‰ğŸ˜‰	4
I had a misconcept that americans are way more better people in personal development, but,	4
Only those who have conspiracy theories know whether this is a conspiracy or not!	4
no1 sudah terlalu sombong	4
They won\'t make it easy for us to take Congress.	4
Move your city to Union territory	4
Sai r báº¡n Æ¡i. NÃ³i Ä‘áº¡o lÃ­ thÃ¬ dÆ°Æ¡ng tÃ­nh vá»›i Mai ThÃºy	4
or Albania with Serbia	4
Believe me. There are a lot ppl like them in China. Hamster is one of the examples	4
VÃ¬ lÃ­ tÆ°á»Ÿng cá»§a BÃ¡c Há»“ VÄ© Äáº¡i	4
nghiÃªn cá»©u chiáº¿n tranh sáº½ tÄƒng hoáº·c tÄƒng vip	4
NgÃ y 3/9 thÃ´ng cáº§u rá»“i	4
So there coming to our cities whether we like it or not?	4
Exacly so untill max says otherwise go ahead and scrap the paece treaty	4
vá» gáº§n cÄƒn cá»© Ä‘i bÃ 	4
kalo bercanda usahain jangan bawa agama bro:)	4
dumb brexit	4
Poppy has said many times that dmg and GST are allies. And also punished players who attacked dmg	4
Persia kick yo ass, China kick yo ass, England kick yo ass, Netherlands kick yo ass. India go to war with rice, that\'s the only war they win.	4
Esse hipÃ³crita do warlord estÃ¡ falando mal de nÃ³s	4
jokowi ngamuk entr	4
Sssttt... VIETNAM is a Poor Country in Southeast Asia	4
Because China does not allow dual nationality	4
There\'s no need to defend the capitol. Believe me, the longer it takes, the better for us.	4
tÃ´i nghÄ© Ä‘áº¥t nÆ°á»›c báº¡n vÄƒn minh nhÆ°ng bÃ¢y giá» tÃ´i tháº¥y tháº­t kÃ©m vÄƒn minh	4
the Philippines is more poor	4
chÃºng tÃ´i chá»‰ má»›i giáº£i phÃ³ng nÄƒm 1975	4
M giá»i thÃ¬ vÃ¡c qÃ¢n ra solo nhÆ° ng Ä‘Ã n Ã´ng Ä‘i	4
Eles querem uma pequena desculpa para nos atacarem	4
Scotland has wall keep romans out	4
TerÃ­amos muitos inimigos por causa da ponte	4
wan to join force STM .... To destroy GST .... That poppy too arrogant	4
we spoke about the F1 other day. Seb that has left F1, he was the first F1 driver refused to race in Russia due to the war.	4
And no probably had a forced city relocation	4
Biden will lose the next election.	4
Biden is nothing compared to this so called zombieğŸ˜—	4
Politics has a big role better than attack	4
no more war games	4
some of no1 arent bad people. but that doesnt include casper vladimir putin	4
TÃ´i nghÄ© cÃ¢u tráº£ lá»i cho Player14444600004 Q 1 lÃ  C:Virgin Mary	4
The GST is on a par with the STM	4
æ˜¯ä¸­å›½äººå°±ä¸è¦æŒ‚ç€ç¾å›½çš„å›½æ——ï¼	4
Äá»‘t quÃ¢n nÃ³ Ä‘Ã£. rá»“i cho xe Äƒn sau	4
Äáº¿ quá»‘c cho nÃ³ láº¯m tiá»n	4
Up nhÃ  chÃ­nh phÃ¡t	4
Is Europe really running out of gas.	4
massa kita kalah dari gst _??	4
orang pasundan	4
in my opinion all parties in every country is useless. they all lie and blame the other side. I gave up on them almost 20 years ago	4
i dont think prison should be max too	4
kita akan bermusuhan dengan aliansi 3 besar	4
Chung xie chai feng	4
donal trump attacked the putin	4
sanctions on China and others that want to join Russia will come along	4
american influence	4
t nghÄ© Ä‘áº¿n giai Ä‘oáº¡n quá»‘c há»™i má»Ÿ	4
cÃ³ nghÄ©a bÃ¢y giá» trung quá»‘c khÃ´ng lÃ  chÃ³ ná»¯a.nhÆ°ng há»“i trÆ°á»›c lÃ  chÃ³?	4
But no you probably right though. South and North Dokata just bad cause nothing there.	4
NhÃ  quá»‘c há»™i náº¿u chiáº¿m thÃ¬ Ä‘c j mÃ  cÄƒng tháº¿	4
At least I don\'t think our country has created everything in the world	4
perang pulau	4
Deveria queima-lo mas nv baixo e provocaria uma guerra	4
Hey, how do you know the life of women in Indonesia?	4
Taiwan question?	4
massa stm tersingkir di capitol _???	4
Äá»£t bá»‘ giÃ  nÃ y dáº¹p máº¹ bá»n nÃ³ luÃ´n	4
what is they do to our capitol?	4
indonesia tidak punya rasa sopan menghargain tingkat ego nya selangit	4
Cho quÃ¢n nhÃ  dÆ°á»›i lÃªn	4
Chinese covid 19 stay home . Lockdown ğŸ™˜ news	4
How to take over capitol building? I like the mask but it is consuming 5% of construction and science speed	4
Bá»n china nÃ³ khÃ´ng Ä‘Ã¡nh láº¡i lÃ  nÃ³ off háº¿t, sang sv má»›i	4
Yes, they should not have taken the right side of the landâ€¦	4
gst mulai menguasai daerah atas bro	4
Cause im going to go prance around the capitol then ğŸ™	4
Me too, Its gonna be hard for me to root for them. I just want the Eagles to smash them	4
To her people. Let me ask you, if you made a suggestion or had a good idea did she do it?	4
Tell ur Xi Jinping to come india we will treat him like our maid	4
Russia so cool, u should go there	4
â€According to what I see, they want to solve problems with chaos, they do not want to solve them calmly and rationally	4
Honestly, china or not heâ€™s a douche.	4
bukan kasar, memang seperti itu yang kita jalankan sebagai umat muslim	4
Äáº·c biá»‡t ngÆ°á»i trung quá»‘c cÃ¡c báº¡n ráº¥t giÃ u :))	4
Maybe, but the China is 100% for me	4
mereka tidak akan bisa masuk jika kita mempunyai jembatan dari segala sisi	4
ğŸ˜¥lÃ¡ cá» china tao thÃ­ch nÃ³	4
Äáº¿ quá»‘c lá»›n hÆ¡n hoÃ ng gia luÃ´n	4
è‡ºç£å°±æ˜¯è‡ºç£ï¼Œæ²’æœ‰ä»€éº¼ä¸­åœ‹å°ç£	4
nÃ³ nÃ³i máº¥y tháº±ng khá»‘n kiáº¿p hay giáº­n dá»¯ má»›i lÃ  chÃ³, chá»© china kg pháº£i chÃ³	4
Tháº¿ t vá» ngá»¥y thÃ´i chá»© t ghÃ©t thá»¥c	4
If this situation was reversed would you be this forgiving? Considering babyou and yqq?	4
chinese have no courage to fight against us and speak abt my Dharma	4
aman sejahtera berkat partai PDI	4
England also	4
Lucife,æ„¤æ€’çš„æ··è›‹ä¸­å›½ç‹—ï¼Œç°åœ¨ä¸­å›½ä¸æ˜¯ç‹—ã€‚	4
Just like every country makes rules now, lol	4
báº£ng báº¡o loáº¡n lÃ  báº£ng nÃ o bÃ¡c t tháº¥y tÄƒng má»—i tá»‘c Ä‘á»™ báº¡o loáº¡n	4
GST is suck	4
Chá» chÃºng ta laya Ä‘Æ°á»£c quá»‘c há»™i ta sáº½ phÃ¡ hiá»‡p Ä‘á»‹nh	4
apa mereka benar-benar menyembunyikan pria itu bos? apa mungkin memang mereka tidak tahu?	4
nÃ³ muá»‘n vÃ¢y nhÃ  quá»‘c há»™i	4
GST tidak ada yang ikut perang pulau	4
QuÃ¢n cÅ©ng chá»‰ Ä‘á»ƒ Ä‘á»‘t. Giá»¯ xe lÃ m nÃ´ng lÃ  Ä‘c :))	4
Äá»“n canh quá»‘c há»™i Ã¡	4
win and the penguins are actually arrogant, dishonest people, they seem to be in power, even though the duke\'s chairman doesn\'t teach like that	4
Thá»¥t Arsenal Ä‘áº§u báº£ng 3-1 thÃ¬ lÃ  Ä‘á» hay xanh ?	4
ok jadi kita harus menunggu,besar kemungkinan meraka akan mengambil wilayah kami dan merampas kasinonya juga	4
Cause American and British people are lazy when it comes to their own language.	4
yeah seems to u but ur own scientist accept it lol	4
ä½ çš„é“ç†æ˜¯å¤§ç ²æ‰“æˆ‘å€‘å±ˆæœã€‚é€™æ˜¯ä»€éº¼é“ç†ï¼Ÿ	4
æ‹œç™»ä¼¼ä¹æ˜¯ä¸ªå˜æ€ï¼Œä»–æ€»æ˜¯å‡‘å¾ˆè¿‘åœ°å»é—»åˆ«äºº	4
terakhir dijajal oleh jepang	4
Káº» quyá»n lá»±c láº¡i bao che káº» phÃ¡ hoáº¡i	4
Queen khÃ´ng muá»‘n hÃ²a bÃ¬nh	4
Sáº¯p tá»›i cháº¯c sáº½ pháº£i dÃ¹ng nhju	4
Is capitalism broğŸ˜™	4
Jangan membenci negar lain itu, itu tidak baik, anda rakyat biasa tanpa jabatan lu tidak ada apa apanya	4
hanya orang kaya raya uang, untuk bermain di game ini saat sekarang	4
understand, now i know why they want make a war with us covering with gne	4
náº¿u tháº¥y khÃ³ khÄƒn cÃ³ 1 giáº£i phÃ¡p Ä‘á»ƒ háº¡ tÃ²a nhÃ  quá»‘c há»™i Ä‘Ã³ lÃ  hÃ£y há»£p láº¡i chung 1 liÃªn minh	4
I don\'t advise you to occupy Congress.	4
ah your on about the nurses and ambulance team going on strike ? yes its difficult time. they need a pay rise	4
Pabrik narkoba di tingkatin pahala ngkk	4
å°±çŸ¥é“ä»–å€‘è£½é€ çš„ç—…æ¯’æœ‰å¤šå²å®³äº†	4
GST started the war	4
hnao quá»‘c há»™i ae cá»‘ gáº¯ng dáº­y sá»›m Äƒn :))) bno toÃ n dáº­y sau	4
DÃ¹ sao cÅ©ng khoan Ä‘Ã¡nh vÃ¬ á»•ng muá»‘n rá»§ tháº±ng Mahathor bÃªn BSM	4
Then, thatâ€™s act of war and breaking promises	4
is viet nam poorï¼Ÿi\'m from cambodiaï¼	4
Ik abiut VIE being big the beef with no1 but i was curious in that concern on them coming after us	4
Ä‘iá»u Ä‘Ã³ kiáº¿m pháº§n lá»›n nhÃ  an toÃ n vÃ  sÃ²ng báº¡c cá»§a XiT Ä‘Ã£ khÃ´ng hoáº¡t Ä‘á»™ng	4
Sao ko Ä‘á»•i cá» vn	4
but the whole world agrees to it and we also got proof for that which isn\'t understood by these idiots	4
yes they should	4
Äáº¥t nÆ°á»›c vietnam cá»§a tÃ´i khÃ´ng nhÆ° váº­y	4
gst Ã© uma pedra no sapato temos que tirÃ¡-la	4
and yet you purposely blocked our access to the capitol	4
I hope you will never appear near Congress.	4
Ou tomaremos outra da gst?	4
It is true that Britain would not need Russian gas if Scotland were not independent	4
most men from Indonesia are smokers.. it has become like a social culture here..ğŸ˜©	4
haha lol have u know what was the situation of the ppl in world due to china?	4
ä¸­å›½äººä¸å–œæ¬¢æ—¥æœ¬äºº.	4
Rioters basically	4
Viá»‡t nam khÃ¡c trung quá»‘c , cÃ¡c báº¡n Ä‘á»«ng nghÄ© chÃºng tÃ´i giá»‘ng há» , Ä‘á»«ng nháº§m láº«n	4
GST in my country is a TAX to people	4
Because their cities have no power	4
karena saya tidak ingin menjadi babu vtn	4
Biden	4
i like what bieden is doing. offering missiles to Ukraine to blow up other stuff thats coming to Ukraine	4
Whom are you supporting	4
BÃ¡c Lu Ä‘Ã nh vÃ o nhÃ  nÃ³	4
Again not moving i cant figure out whats worse the lack of leadership that NO has or the Amalla and normal at each others throats	4
Ã”ng xÃ¢y phá»“ng tá»« quá»‘c há»™i ra Ä‘á»ƒ Äƒn má» Ä‘c r	4
Pra GST nÃ£o existe regras	4
blij met het verbreken van het vasten voor degenen die divers zijn in de islam op deze server	4
same here when he travelled to the US other day. his other speeches are good. Ukraine has my support	4
Viá»‡t nam nÃªn vá» 2 lien minh Ä‘ang dáº«n Ä‘áº§u nhÃ©	4
1 tuáº§n hoáº·c 1 thÃ¡ng sáº½ thay Ä‘á»•i liÃªn minh chiáº¿m giá»¯ Quá»‘c Há»™iğŸ˜¦ğŸ˜¦ğŸ˜¦	4
kalau mereka menginginkan jembatan itu,kita tukar saja sebagai gantinya,mengambil jembatan 2 milik GNE	4
TambÃ©m acho isso Mr vindo deles gst e dmg nÃ£o acredito	4
Tháº³nge cÃ¡i quá»‘c táº¿	4
vÃ¬ nÃ³ mÃ  báº¡n tháº¥y máº·t tháº­t cá»§a SAN	4
2 khu cá»§a mÃ¬nh bá»‹ vÆ¡ vÃ©t ko cÃ²n gÃ¬,cÃ²n sáº¡ch hÆ¡n bá»n tÆ° báº£n bÃ³c lá»™t ná»¯a	4
It prob will start a war but as long as they occupy that bridge  they have free run	4
Whom are you supporting?	4
å¾é ­åˆ°å°¾éƒ½æ˜¯ä½ è¾±è¯ï¼Œæˆ‘æ²’æœ‰ä¸€å¥å†’çŠ¯ç¿’å¤§å¤§	4
I\'ve never liked Russia	4
Hamster is from China so thatâ€™s how they play things in there	4
setiap mau ganti presiden di indonesia, akan ada banyak bencana juga yah bro	4
LÃ m sao Ä‘á»ƒ ngÆ°á»i viÃªt nam náº¯m trÃ¹m top	4
chá»© m mai má»‘t nÃ³ bem mÃ¬nh chiáº¿m Ã¡	4
Waiting for the capitol attack	4
yoi gw kan cucunya soharto wkwk	4
sampai kapan kita tertindas seperti iniğŸ˜„	4
Ä‘Ã¡nh xong nhÃ  quá»‘c há»™i cháº¯c kh cÃ²n gÃ¬ Ä‘á»ƒ Ä‘Ã¡nh nk Ä‘Ã¢u	4
GST terlalu serakah	4
plus if i correct. if Labour are in lead at election but needs more seats to form a government, they would need to ask 2nd largest	4
and vns just want to wipe us off the map peaches lol	4
I can guarantee that China is the safest country in the world, because you won\'t be inexplicably shot with a gun just because you\'re walking on the ro	4
Kalki for President !!	4
and not federally legal.	4
fear of GST	4
báº¡n cÃ³ thá»ƒ tháº¥y náº¿u chÃºng ta muá»‘n chÃºng ta cÃ³ thá»ƒ láº¥y tÃ²a nhÃ  quá»‘c há»™i	4
ya mereka saling menyalahkan satu sama lain dan membuat aturan sendiri	4
kust ljke when i lived in Germany and zay the jewish graves	4
maksud saya di wilayah kita sudah tidak ada vila aliansi yang hidup	4
Because of no1 ? Like they want to help us ?	4
gst will be a problem soon	4
omg island war winner icon is a nazi symbol	4
feels sorry to for u indognesian moslem	4
gts novamente atacou capitÃ³lio	4
Ä‘Ã¢u má»—i nhÃ  quá»‘c há»™i 3k vs 4 cÃ¡i bÃ© má»—i cÃ¡i 300 bÃ¡c	4
TiÃªu tiá»n chÃ¹a thÃ¬ nÃ³ sá»£ gÃ¬	4
Everyone should vote	4
i have a friend inside no1. he says they view me as their biggest threat :(	4
if there was a WW3. i know I wouldn\'t be able to join cause of health & meds. i can see china, North Korea, India join Russia	4
Zzzzz,ä»¥å‰ä¸­å›½ä¹Ÿå¸®è¶Šå—ï¼Œè¶Šå—æ²¡æœ‰åƒä¸­å›½è®²è°¢è°¢ã€‚	4
China is Duke	4
gst id vote for	4
ÄÃ£ huá»· háº¿t hiá»‡p Ä‘á»‹nh hoÃ  bÃ¬nh ?	4
your base camp area is so crowded like china	4
Giá» cá»© du kÃ­ch kÃ©o co nhÆ° nÃ y Ä‘áº¿n ngÃ y Ä‘Ã¡nh quá»‘c há»™i thÃ´i	4
LÆ°Æ¡ng nÃ©m háº¿t vÃ o CS:GO vá»›i Valorant rá»“i	4
so.some states allow it and others it is illegal.	4
Thanks Trump!	4
Once I be the president of this server,I will leader all you guys to defeat the other server in the future,And I will protect all you guys,my friends!	4
I know Trump is more interesting.	4
thats why China ban this type of game ..gacha thingy	4
it\'s clear their goal is war as we are slowly overtaking them. only way for them to stay on top is war with us and knock out middle and lower tier pla	4
Says the man who spent money to get 4 mil power	4
Äáº¿n lÃºc cÃ²n 2 ngÃ y ná»¯a quá»‘c há»™i thÃ¬ sáº½ tÃ­nh sau, giá» trc máº¯t cá»© máº¡nh Ä‘Ã£ ğŸ˜™	4
K biáº¿t hnay Ä‘Ã m phÃ¡n tháº¿ nÃ o tháº¥y báº£o k Ä‘Ã¡nh nhÃ  ná»¯a	4
When ex-Japanese minister was assasinated, they partied and celebrated	4
i am a good American	4
only broke because of capitol	4
no there wont be a war	4
Call off your rally you will lose big	4
MÃ  há»• ca Ä‘á»•i cá» nÆ°á»›c Viá»‡t Ä‘i	4
I hope he can let the planner study a permanent armistice agreement.ğŸ˜“	4
for Jerusalem	4
ya benar,mengharapkan semuanya berada pada waktunya	4
Máº·c dÃ¹ ai cÅ©ng biáº¿t thá»§ sáº½ dá»… dÃ ng hÆ¡n táº¥n cÃ´ng :))))	4
i voted for brexit. i now regret it. seeing countries like Poland and Romania helping and supporting the people of Ukraine. its good to see	4
H lÃ m pháº£n	4
vietnam cina, kalian super sekalibğŸ˜¨	4
Tháº¿ má»›i kÃªu lÃ  game chiáº¿n tranh	4
GST is so abominable	4
VÃ¬ Tá»• Quá»‘c XÃ£ Há»™i Chá»§ NghÄ©a, VÃ¬ LÃ­ TÆ°á»Ÿng Cá»§a BÃ¡c Há»“ VÄ© Äáº¡i	4
no 1 tháº­t tham lam khÃ´ng pháº£i hÃ²a bÃ¬nh sao táº¥t cáº£ má»i ngÆ°á»i nÃªn vÃ o trung tÃ¢m	4
indonesia itu terkenalnya tentang MASALAH KORUPSI BRO	4
Africa, dubai?	4
stm and vns dont need our bridge bones, they just being bullies because i said no to both for mergying	4
hari ini, the real membersihkan sampah di capitol ya guys ya	4
BÃ£i bá» hÃ²a bÃ¬nh vÃ  tiáº¿n tá»›i chiáº¿n tranh	4
ai Viá»‡t Nam hg	4
dngan langkah anda yg layak atw tidak sepadan bagi kami yg d bawah akan tertimpa epek na bos	4
Join a GST union that ranks higher than STM.	4
Build a chinese allaince	4
Ok, I will support you, even though you don\'t like Russia	4
ÄÃºng hk khÃ¡c gÃ¬ pháº£n quá»‘c Ä‘Ã¢u	4
Martial law	4
MÃ  sao báº¡o loáº¡n 24 khoáº» tháº¿ nhá»‰	4
NÃ³i Ä‘i vÃ´ tháº§n	4
That is why many Boss Bosses have died as a result of their subordinates becoming accomplices. you are wrong in leading the king	4
seems like trump is strongly against this.(gender conflicts)	4
Náº¿u há» chiáº¿m há» sáº½ ko á»Ÿ Ä‘Ã³ lÃ¢u vÃ¬ náº¿u á»Ÿ láº¡i há» sáº½ bá»‹ lÃ­nh Ä‘Ã¡nh thuÃª táº¥n cÃ´ng	4
cá»‘ rÃ o sá»›m cÃ¡i quá»‘c há»™i Ä‘i sau nÃ y Ä‘á»¡ máº¥t cÃ´ng canh	4
NÃ³ lÃ m phÃ¡t tháº¿ ai cÃ²n há»©ng chÆ¡i ná»¯a	4
Má»Ÿ nhÃ  quá»‘c há»™i thÃ¬ may ra Ä‘Ã¡nh nhau	4
Ã´ng kia vn mÃ  Ä‘á»ƒ cá» nháº­t :)) lai Ã 	4
BÃªn No1 nhiá»u chÃº trÃ¢u bÃ² tháº¿ nhá»‰	4
yeah is neve4 good thing people have died becuase	4
jadi ap anda setuju pelaturan ini	4
Yeah, keep that shit though in China, not outside	4
going to need good research to go against gst i think	4
Ã sá»£ máº¥y clan kia Ãºp máº¥y Ã´ng lc 1m thui	4
æˆ‘è®¤ä¸ºPlayer19943300006æé—®çš„Q3ç­”æ¡ˆæ˜¯B:ä¸‰åˆä¼š	4
åˆ¥æ‹¿ä½ ä¸­åœ‹å…±ç”¢é»¨ä¸»ç¾©ç¶æ¶æˆ‘ï¼Œæˆ‘æ˜¯è‡ªç”±ä¸–ç•Œç¾åœ‹äººã€‚	4
há» Ä‘Ã£ giáº£i tÃ¡n!	4
some facilities have also not been carried out to the fullest, we occupy the capitol	4
And maybe shoo shoo vie, cause they seem to love conflict	4
I used to watch VTB news before, but the UK has been experiencing a downturn in the economy since the change of Prime Minister	4
according to my friend the little enstines are terrorists	4
ngebahas janda langsung seger cenah	4
unjuk rasa mulai renggang sepertinya semua perlu istirahat	4
Well, I guess as long as they donâ€™t take any more of our territory, without talking to us, first, everything will be oiay	4
there should be something kike strict legal action against them. see Russia made it illegal to have same sex marriage, and its promotion	4
Ã´ng rl cho lá»£i Ä‘c nhiá»u hÆ¡n nha la háº§u	4
NÃ³ á»Ÿ gáº§n nhÃ  chÃ­nh bá»n soa	4
hÃ¨n nhÃ¡t, lÅ© cho viá»‡t nam hÃ¨n nhÃ¡t tao vá»©t bá» lÃ¡ cá» viá»‡t nam	4
Mai chá»‰ sá»£ nÃ³ láº¡i xÃ¢y cÄƒn cá»© liÃªn minh gáº§n quá»‘c há»™i	4
Do you think Britain\'s decision to leave the EU is beneficial	4
Bomb, Ä‘i Ä‘i. Bibi, Ä‘i Ä‘i	4
implement military service ğŸ˜©	4
congressional council, which is being held by no.1.	4
kita lihat saja apa yang akan dilakukan oleh kung	4
ke isukan merdeka	4
kita tidak boleh memukul BSM, tapi kenapa mereka memutus jalan kita	4
terus disekitar capitol akan menjadi daerah milik gst_?	4
I\'ll switch to other account. he kicked me from his alliance, he needed resources after GST alliance killed his army troops	4
A dead hamster would be the end of this server.   Before San he just did what he wanted to. We took half the map and made agreements. Also made agreem	4
MAGA	4
Yes is a large country	4
Máº¥y bÃ¡c Äƒn má» vÃ ng ghÃª tháº¿	4
giá» muá»‘n ngá»«a háº­u hoáº¡ thÃ¬ pháº£i bao quá»‘c há»™i, xong xÃ¢y lÃªn chiáº¿m máº¹ cáº§u nÃ³ luÃ´n	4
Not at all. They went after our land in an attempt to gain access	4
Ã”ng nÃ o Ä‘áº·t cÄƒn cá»© thÃ¬ Ä‘áº·t chÃ©o chÃ©o ra chiáº¿m nhiá»u Ä‘áº¥t hÆ¡n	4
Singapore is mostly Muslim correct?	4
All I\'m getting is that China should nuke India and pretend it never existed.	4
R.I.P. MY POLISI KORUP, FREDRIN SAMBO KITA	4
we have massive something but only the 1% have the massive houses	4
you are only can judge what GST do.. but you cant see what STM do..	4
å¯æ˜¯è”åˆå›½éƒ½æ‰¿è®¤å°æ¹¾çœå±äºä¸­å›½	4
Náº¿u nhÆ° phÃ¡ huá»· hiá»‡p Ä‘á»‹nh thÃ¬ Ä‘á»£i chÃºng ta chiáº¿m quá»‘c há»™i	4
Tham Äƒn má» 6 lÃ m gÃ¬	4
True, in America it\'s weird not to call our presidents bad names.	4
Äáº¿n lÃºc tá»¥i mod nÃ³ nghá»‰ clan kia cháº¿t thÃ¬ Ä‘m nÃ³ xÃ¡c Ä‘á»‹nh nghá»‰ game	4
æˆ‘ä¸å¤ªèƒ½ä¿è¯æˆ‘çš„å¦»å­ä¼šä¸ä¼šé˜»æ‹¦æˆ‘ï¼Œæ‰€ä»¥è¿™æ¬¡çš„å›½ä¼šå¤§å¦ä¸»åŠ›æ˜¯ä½ ä»¬	4
báº¡n khÃ´ng muá»‘n hÃ²a bÃ¬nh ná»¯a saoğŸ˜™ğŸ˜™ğŸ˜™	4
cÃ³ tháº±ng no1 Äƒn má» kÃ¬a ae	4
Thatâ€™s the problem with ppl in mainland China, they believe whoever speak Chinese is Chinese	4
Maybe Europe doesn\'t need our gas	4
jangan serang BSM nanti obrolan dunia akan hidup dan terdengar teriakan bayi memerlukan susuğŸ˜¥ğŸ˜¥	4
mai lÃ  ngÃ y thanh trá»«ng Ä‘áº¥y :)))	4
I watched Zelenskiy speech, very impressive	4
Give the BBC leadership to a sane and understanding person	4
TÃ²a nhÃ  quá»‘c há»™i Ã¡	4
mÃ y coi chá»«ng trung quá»‘c nÃ³ tÃ¡t vÃªu má» mÃ y vÃ¬ tá»™i pháº£n quá»‘c nhÃ© con chÃ³ trung quá»‘c	4
No, I also work as a civil servant in your own surveillance department. The big powers have never shown your maturity	4
tidak kaget bro kalau tentang kerugian	4
I dont know why you are having a position in the capitol building. I hope when GNE takes it over again then dont add you in the building by giving you	4
Rioters get great reward to anyway	4
tÃ´i thÃ´ng minh hÆ¡n amila, cÃ´ ta khÃ´ng biáº¿t cÃ¡ch táº¡o ra hÃ²a bÃ¬nh	4
dan server ini akan berakhir, haha	4
we will be agains gst please be ready	4
Thunder you remind me of the president of Ukraine Zelensky witty lol	4
She costed me a rise in gas prices	4
saya cinta damai, hanya saja perang cinta saya dwiğŸ˜	4
My current idea is to surround the Congress with a safe house. Do you have any suggestions?everyone	4
jangan dengar kan dia guntur dia hanya ingin naik jabatan ke L5	4
yes jackie, theres no capital to GST if they not solve this problem	4
apa kalian juga sama punya berpikiran seperti ituğŸ˜‘	4
Sao láº¡i cÃ³ tháº±ng TÃ u á»Ÿ Ä‘Ã¢y nhá»‰	4
hopefully they move toward the capital	4
benar bro, korupsi di indonesia tidak mungkin punah ya bro	4
cÃ³ thÃªm fancy ná»¯a lÃ  Ä‘Ã¡nh quá»‘c há»™iğŸ˜²ğŸ˜¦ğŸ˜¦	4
australians are the best.	4
NgÃ nh cá»§a báº¡n khÃ´ng tiáº¿p giÃ¡p vá»›i lÃ£nh thá»• liÃªn minh	4
Sáº¯p rá»“i cÃ³ 1 tá»· quÃ¢n cho gáº¥u	4
Ghosting has suggested that KE be canceled.  I agree with him until we can solidify some real rules that both sides agree upon.	4
kalau kemarin aku tidak berebut dengan ghosting, untuk menyerang pemberontak level 25	4
i can tell u poppy, theres GST members who didnt accept STM to take capital first trust me, but if u agree, they must follow	4
apakah anda punya saran agar mereka tidak terlalu leluasa untuk bergerak	4
benar bro, dan musuh kita sekarang gst bro	4
Plus capital building is open	4
That\'s because Biden is indeed a jerkğŸ˜©	4
Woooo Capitol time!	4
å°ã€‚å¤±æ¥­ä¸€ç¾¤äººã€‚å¾ˆå¥½	4
Also australia is great	4
tidak usah ketawa anda VNA	4
ada yang aneh grandpa menjadi machavelli ap mungkin 2 2 nya akun dia	4
Pretty good we need to drain VIE of there resorcies	4
we are with mft.so if you ally with us you are with them as well.	4
The reason i can give now is very soon alot of clans will suffer if GST increase it power	4
Join my alliance , need active player,I will send you resources ,just help me take over the capitol building	4
islam	4
TÃ´i nghÄ© cÃ¢u tráº£ lá»i cho Pháº¡mGia Q 2 lÃ  B:Hoa Sen Cháº¿t ChÃ³c	4
well he attacked safe house in time of peace no	4
Should start a war?	4
up the ra	4
It\'s very impolite to keep asking women about their ageğŸ™€	4
Jesus had no religion	4
MANA NIH ALIANSI INDO YANG KOMPAK	4
Kháº£ nÄƒng gia cá»‘ cha ná»™i	4
ngoáº¡i giao , giao lÆ°u máº¥y clan VN ko tháº±ng Indo nÃ³ váº£ cho	4
nhÆ°ng tranh cháº¥p quá»‘c hÃ´i thÃ¬ váº«n Ä‘Æ°á»£c	4
why use martial law....i just want to see :(	4
Ã´ng kimchi lo xá»­ lÃ­ cÃ¡i nhÃ  kia Ä‘i nha Ã´	4
The war caused by your expropriation	4
Má»Ÿ quá»‘c há»™i cá»‘ gáº¯ng hÃºp Ä‘Æ°á»£c nÆ°á»›c Ä‘áº§u lÃ  Ä‘áº¹p	4
VIE and VNA would be friends with combined power stronger than SOA	4
Trump is stupid, looks like Boris Johnson. they are twins	4
mungkin mereka sudah siap untuk merampas royal kasino kita,	4
BSM sedang mendorong tempat persembunyian ke arah kasino2 kita,tampaknya dia ingin menguasaui kasino itu	4
i dont like Vladimir Putin on what he done to Ukraine. if it ever came WW3, can see china, north Korea, India in support of Russia	4
Chiáº¿m cÄƒn cá»© saigon Ä‘i máº¥y fen	4
cÃ¹ng lÃ  ae vn vá»›i nhau liÃªn minh nhá» bá»n tÃ´i ko Ä‘Ã¡nh mÃ  máº¥y Ã´g Ä‘i Ä‘Ã¡nh mÃ³c lÃºc Ä‘Ãªm rá»“i bá»‹ máº¥y Ã´g nÆ°á»›c ngoÃ i Ä‘á»‘t máº¥t quÃ¢n ra	4
Ä‘Ãºng váº­y, nhÆ°ng chÃºng tÃ´i Ä‘Ã£ tháº¯ng cáº£ PhÃ¡p vÃ  Má»¹ xÃ¢m lÆ°á»£c. ChÃºng tÃ´i tá»± hÃ o vá» Ä‘áº¥t nÆ°á»›c cá»§a mÃ¬nh	4
toi can cu\' lien minh y	4
i don\'t have the power to revenge but i think they got a gift from the chairmanğŸ˜—	4
sombong ya si anka	4
I\'ve changed my mind. The goal is to bring down this casino	4
and GST dominates the KE board so better thatb you are there.	4
@All members who are online within four hours, why don\'t you guys snatch the Capitol?	4
negara tercantik di dunia bro	4
Chá»© á»Ÿ Ä‘Ã¢y káº¹p san vÃ  gne thÃ¬ ko má»Ÿ rá»™ng lÃ£nh thá»• Ä‘uo	4
3 hours+ if no gne walks into capitol, i think we will retain it	4
indonesia the best korupsi bro, mantap	4
Can we all stop, this whole thing extend cause of stupid politics and racial slur	4
quan Ä‘iá»ƒm sai láº§m , báº¡n cháº³ng hiá»ƒu gÃ¬ vá» Ä‘áº¥t nÆ°á»›c cá»§a tÃ´i	4
Haan whii!! Not that worth isse achha!! Toh roiters and all hi thik hai..	4
Joko Widodo president	4
So your 100% sure everyone in NO1 wants peace really sureâ€¦	4
i think it does. germany buys most of it\'s gas from you.	4
go to jail for growing weed while abortion is ok	4
its because Ukraine\'s Prime Minister i guess	4
paling .erger server gue up buat hidup segan mati tak mau	4
He also had our nation going very strong! Hardly, no one was unemployed, and the world respected us under his leadership!	4
why was 9yr old shot	4
Nhá»¯ng ngÆ°á»i khÃ´ng liÃªn quan Ä‘á»«ng xen vÃ o cuá»™c nÃ³i chuyá»‡n cá»§a cÃ¡c lÃ£nh Ä‘áº¡o cáº¥p caoğŸ˜°ğŸ˜°ğŸ˜°	4
He hate China	4
Blm lah	4
not all polluted like downtown where no1 all live. i wanted to be as far away from  corrupt politicians as possible	4
partai	4
å› ç‚ºæœ‰ä¸­åœ‹äººï¼Œæ‰€ä»¥ä¸å¤ªæƒ³èªªè©±	4
yeah. china is complicated	4
VIE is our real enemy during late game	4
TÃ´i nghÄ© cÃ¢u tráº£ lá»i cho S1mple Q 3 lÃ  B:Cháº·t Ä‘áº§u trÆ°á»›c	4
Because it could start a war	4
Pembantaian tiba kita ke TBM	4
Bá»n nÃ³ muá»‘n cÃ´ng nhÃ  quá»‘c há»™i cÃ²n lÃ¢u má»›i xong	4
lah oleh sebab itu indonesia jadi incaran oleh negara eropa bro	4
Do we need a few people for the rallys against harley or ?	4
Attack GST is the safest ğŸ˜‘	4
biá»ƒu tÃ¬nh tháº¯ng Ä‘Æ°á»£c khÃ´ng	4
Ã´ng diá»‡p phi há»§y Ä‘i	4
