rally boss nude	1
Damn lucky you ğŸ˜©	1
and everyone who is on this server will know who the real bigtits areğŸ˜™	1
my friend just called me and i seen all your mom completely naked in video conference	1
sex	1
69	1
coba lihat video mereka menari bro, so sexy hahhaa	1
i like playboy	1
selangkanganğŸ˜™ğŸ˜™	1
no bro you can date without money........ Indonesia have plenty women that don\'t need money..just need love and satisfaction in bedğŸ˜‘	1
ğŸŒğŸ’¦ğŸ’¦ğŸ’¦ğŸ’¦ğŸ’¦ğŸ¤ğŸ»ğŸ¤ğŸ»ğŸ¤ğŸ»ğŸ‘™ğŸ‘™ğŸ‘™ğŸ‘™ğŸ‘…ğŸ‘…ğŸ‘…	1
A moan in my book .  She felt ğŸ˜…ğŸ˜‘ğŸ˜¥	1
mia malkova	1
Ngentot memek ngentot memed ngentot memek ngentot kontol memek ngentot	1
wants show me his private bits on a chat app	1
Yep love it hot lol	1
so naughty ğŸ˜ ğŸ˜‹ ğŸ˜¦ğŸ˜¥ğŸ˜¥	1
she\'s worth it for 5 bucks	1
xem gÃ¡i chá»© gÃ¬	1
ğŸ˜ ğŸ˜ ğŸ˜ em nÃ o cho anh ngáº¯m bá»™ vÃº anh cho lÃ m bang chá»§ğŸ˜¥	1
Will and Bone are the same person ? I thought it was weird you both sent me dick picsâ€¦	1
ada ini 200 la 1 malam full servis	1
Donâ€™t you wanna some?!ğŸ˜¥	1
yeah, I hope you can ğŸ˜©	1
aku butuh wanita jalang untuk make love, sepertinya enak ahbabaha	1
they have massage parlours for that.... ğŸ˜±	1
they drop the panties and run ha!	1
hello daddy and mommy im your baby	1
xxxvideos? the cords	1
Sure,here have 6 ladies	1
ğŸ˜”nÃ³ Ä‘Ã¡nh tÃ i khoáº£n nhá», acc vá»£ tao Ä‘á»‹t máº¹ nÃ³	1
chains and whips excite me lol	1
anybody have girls pls told me i want	1
ohhh we gonna have a 3some with harley?	1
maybe she drinks it straight from the bowl	1
Thá»‹t thÃ´i	1
Amlia is like a wantabe virgin mary lol. And Normal is like her little pet who does everything to make her happy.	1
Its good with me Max, lips are lips when the lights are outâ€¦	1
here your mother let me fuck	1
ğŸ‘‰ğŸ‘Œ	1
sexy	1
anyone wanna gangbang a no1?	1
she whips yours then i whip hers lol me legs it haha ğŸ˜©ğŸ˜©ğŸ˜©	1
sweet mami	1
sex	1
bad girl needs a spanking	1
CÃ³ lucife lÃªn r	1
give some stuff to wife tonightğŸ˜¤ğŸ˜¥	1
2	1
Giá» Doujinshi LoL 90% lÃ  Giun vÃ ng-bu dá»‹ch	1
booking tempik _?	1
makes me hard	1
made them nude	1
She says to him please you are the only one paying money why don\'t you save me lol	1
oh yeah baby	1
so is the capture of beauty it gives you handcuffs free handcuffs are good	1
calling \"Papa, make me your little girl that you keep spoiling\"	1
You want to see my naked body on cam	1
cleo fck naikan saya L4	1
Amelie Juenet by the pool is my favourite so far	1
Xem phim sex k	1
stripper poles	1
the boobie twins	1
I will.say girls in this game lot more sluttier lol	1
Cada capo uma bela	1
Your pu s y cat. Meow	1
sexx	1
Tattoos and none dick pics	1
naughty lol	1
tits and arse everywhere	1
lots of t.i.t.s.and.ass on here lol	1
Hey u wanna suck my penis???	1
Where\'s the wet pussy for WhatsApp please dear	1
Don\'t worry, that\'s my trumpet.	1
ok he wants to have s e x	1
Let me take a wild guess, it has a frequently used NSFW channel	1
my dic was up now its limp and wet sad times	1
whose wants to play with my duck bill first	1
daz looks pretty in a gstring	1
tell your husband to look.away will only a sec two if your lucky	1
ahhhhh. that one. you like that posture	1
Hey sexy join us!	1
my late wife loved Clamato juice....with vodka lol	1
Lick it up	1
You just caught the bodies of beautiful women, but you didn\'t get their heartsğŸ˜™	1
bj	1
aku mau chat poppy untuk mengirim gambar payudaranya kwkwkwkwk	1
yes, I can show you mine	1
you\'ve turned me into a dirty minded filthy mouthed woman	1
yÃªu cÃ¡c cÃ´ gÃ¡i, ai muá»‘n yÃªu tÃ´i gá»­i bá»©c áº£nh	1
might find your free willy in a whole light gfğŸ˜¥ğŸ˜¥ğŸ˜¥	1
GÃ¡i cá»§a t lv10 háº¿t rá»“i	1
we need to make sure she 18 atleast and legal	1
3p ná»¯a	1
So far amlia ğŸ˜©	1
thÃªm ng ná»¯a lÃ  ngon	1
you can guess itğŸ˜¥	1
Stifler in sperm bank and nurse scene	1
Con cÃ³ biáº¿t con c** cÃ³ cÃ¡i con c** cÃ¡i con c**	1
mine are sexy	1
havent had cock since 2004	1
mia khalifa	1
nope.. is all them half nakid girls.	1
i like spanking the beauties ğŸ˜–ğŸ˜–	1
go back to pornhub DH..lol	1
pepek	1
She is hot	1
siap king itu yang gua demen emas oh emasğŸ˜¥	1
any one fuck me guys	1
did u know a male alligator spends its entire life with a erect male reproductive tool.	1
gstrings, masks, and whips	1
Thats not all im enjoying	1
i hear you have that donkey dick?	1
because they are so tight they consider it so	1
i play this game for the sexy ladies	1
yes so only anal	1
rally casino boss nude	1
power of almighty dixk xd hahaha	1
Tháº¿ má»›i Ä‘á»‹nh khÃ´ vÃ o em áº¥y	1
Little horny here	1
i had seen yesterday while fucking her in missionary position	1
yep. we definitley had a drunk threesome with a hot younger woman last night. ;)	1
cleo mesum	1
fuck my ass deep if you know how to ... sorry your not big enough for me	1
NÃªn lÃºc nÃ­ phang bay nhÃ  ko máº¥t j	1
looking for hot women and men	1
2 in da pinky 1 in the stinky ..  aka the shocker ğŸ˜¥ğŸ˜¥ğŸ˜¥ğŸ˜¥ğŸ˜¥ğŸ˜¥ğŸ˜¥ğŸ˜¥ğŸ˜¥ğŸ˜¥	1
apa lagi poppy si gadis cantik rasanya kujadikan nol kan dia	1
No he just dreams about you dominating him like a weird sexually obsess stalker	1
ntr	1
masih usaha terus cari perempuan yang bisa gue pake bro wkwkkwkwk	1
hahaha. i like thar gangbang	1
so you been with someone like this before i like it with experience	1
-1 cewe nemenin tidur	1
Lol that you did ğŸ˜©	1
bÃ¡c xem hentoi k	1
I didn\'t pay special attention to the prison, only to see the beautiful captives when I attacked others	1
Lips are lips when the lights are out Bad, its a win/win	1
ğŸ™˜ğŸ™˜ but you took my lewd woman! Hamster how could you? Now my bed is empty! ğŸ˜¥	1
And a captured babe as a bonus	1
pra to girl vietnam	1
maybe like father like son ğŸ˜©	1
ngewe mulu cape	1
I like student girl	1
im nust deprived... my sex life pretty muched stopped after baby no6 ... so now all i can do is think dirty shit lol	1
they loved GANGBANG version ğŸ˜™	1
No wonder I fantasize about maple syrup on people...	1
bunny girl is sexy nd hot ğŸ™£	1
Shoot put toothpaste on your junk and then give to them ğŸ˜¥	1
Can we have sex in this game?	1
she\'s like Karen... mouth can\'t stop... only way to shut her up.. bj or sleep	1
Lets tap that ass	1
porn?	1
WTF.Can\'t get points for fighting power provided by beautiful women.ğŸ˜¨	1
im hard too when im naked	1
ğŸ˜  chinese girls on instagram are more delicious than pork belly	1
i obly drink when i want to fck lol	1
how to get a girlfriend	1
nÃ³ mÃºt cu tao rá»“i	1
kotol memek	1
No burgers and pizzas over hereâ€¦ im a true American â€¦ i only eat ass	1
sex	1
some women dont wear panties though	1
they want gangbang.	1
enjoy maid	1
Phang qáº£ nÃ y ná»¯a xem tá»¥t bn	1
Get a few on we can run a train on that ass	1
Merry Christmas babygirl	1
she likes hard balls	1
and educated women with asses show me love	1
I fall more in love every time I see them, that melodious moaning sounds	1
wanna fuck	1
ned big guns boss nude	1
bikini	1
you no like cash i got valdamea my russian opear ill send her roud at 9pm she had shower only one week ago	1
They keep sending feet pics in discord	1
Girl sex	1
berkencan di game sungu badut	1
Ø£Ø¨Ø¹Ø¨Øµ Ø¨Ø²Ø±Ù Ø·ÙŠØ²Ù‡ ÙƒØ³Ù‡ Ø²Ø¨Ù‡ ÙˆØ§Ù„Ø­Ø³ ğŸ˜˜ğŸ˜šğŸ˜™ğŸ˜—ğŸ˜ğŸ¤©ğŸ¥°â˜ºï¸ğŸ¥µğŸ”¥ğŸ˜›ğŸ’‹ğŸ¥‚ğŸ·ğŸŒ¹ğŸ‘™ğŸ˜œğŸ˜¨ğŸ˜°	1
Oooo lala	1
anak ngentott	1
xxnxx	1
CÃ³ con ghá»‡ cáº§m phÃ³ng lá»£n	1
i had a pervert in my mail miss ruby ğŸ˜¸ğŸ˜¸ğŸ˜¸	1
tháº§y Ã´ng ná»™i Ä‘á»¥ con Ä‘Ãª	1
give her much money and she will be give  sweet smile for youğŸ˜©	1
need to fuck a girl	1
sex	1
Yes for me and him	1
i find ppl here like to get their balls out but when i put their dick in my mouth they sre unhappy	1
con sáº½ dÃ¢ng hiáº¿n máº¹ con cho tháº§y Ã´ng ná»™i	1
lol well I\'d better get the KY ready then huh haha	1
lá»“n bÃ²ğŸ˜´	1
pusy	1
it was Christmas time. i was mayor and renamed the city Santa\'s Pole..where the alcohol was always free and the strippers dancing on the plles 24/7	1
I feel we should have a group petting of Xia. We got your back buddy	1
Trc chÄƒn gÃ¡i lÃ m mÃ¡ mÃ¬ Ã¡	1
i wanna cum baby	1
ngewe	1
18- skip2	1
You got butt fuckedâ€¦ raw no spit no lube	1
Láº¡y lun cháº¡y háº³n 3p	1
Come one and all to Black Ops, we need you for our stripper pole, we have beautiful little G-Strings and they are comfy to wear, now dont be shy.	1
betul itu bigtits	1
xnxxx	1
Bomb lÃ  girl lÃ m y tÃ¡ háº£	1
yeah,a sexy girl	1
and coverred in jizz from all the sword fighting. ğŸ˜²ğŸ˜™	1
ngewe bro	1
STM ada big titz	1
mÃ¢y mÆ°a Ä‘Ã¢u r	1
CÃ³ cáº£ bá»“ luÃ´n	1
Female bestfriend we talked on the phone well FaceTime she was being hella sexual and over here flashing me im not sure whT all that was about	1
i like it deep	1
i heard it on the background music on a porn on redtube ğŸ˜™ğŸ˜™ğŸ˜™	1
ah enak bat ada waifu bisa ngocok tanpa takut kehabisan bahan	1
i was checking her buff and her muff lol	1
lol , make me turn on when she bend!! ğŸ˜ ğŸ˜ 	1
you and me first.... next time the otherğŸ˜¥	1
fans poppy dengan payudara besar hHHHaha	1
tidak apa itu kondom	1
wah beby, poopy sangat cantik sekali haha	1
If she sends you some racy pics, videos, maybe you should think about it	1
å“ˆå“ˆï¼Œå¥³äººè¿˜æ˜¯å¥³äººï¼Œç»“æŸäº†ã€‚ğŸ˜™ğŸ˜™	1
where big titties	1
ğŸ˜™ğŸ˜™ğŸ˜™Ä‘á»™ng nuÃ´i gÃ¡i	1
SÆ°á»›ng tháº¿ láº¡i cÃ²n	1
lisa ann	1
GÃ¡i tuyÃªn quang	1
You like watching ğŸ˜¹ğŸ˜¥	1
ya bro campur susu sedikit biar manis	1
so does my gf	1
bagilah lonte atau purel atau kimcil bro ahaha	1
blacked	1
Oh ok i thought xhamster	1
cÃ¡c em vÃº to xinh gÃ¡i	1
if i had my choice which one i would fk....it would be dev lol	1
you want to see some cuts of my muscle??	1
wet cum in the alliance my friend	1
Mens brains	1
game porno	1
con cÃ³ máº¹ bao Ä‘áº¹p	1
ohh, nice...yes, take it deep honey	1
ğŸ˜·ğŸ˜·ğŸ˜·cÃ¡c cÃ´ gÃ¡i ngon	1
with the sex noices	1
I want to give her to you Bone ! Weâ€™re going to run train on that hoe !	1
game nÃ y cÃ³ má»¹ nhÃ¢n, sinh con ná»‘i dÃµi Ä‘á»“ hk mn	1
It\'s free to take a date. In the end, he even went with another man	1
tÃ´i chÆ¡i táº¥t cáº£ má»i thá»©ğŸ˜¥khoÃ¡i nháº¥t lÃ  phá»¥ ná»¯ Ä‘áº¹p	1
it panty dropper	1
sex	1
sange	1
i wanna try actual gangbang.	1
kinky	1
squidwards thighs	1
ashy beby jangan selingkuh lah, wkwkwk	1
and cuffs for me ğŸ˜‘ğŸ˜‘	1
Jarhead .. ya too big.  You need to stretch it out ğŸ˜¥	1
i guarantee my strap is bigger than his dick ğŸ˜—ğŸ˜—ğŸ˜—	1
ntr	1
thats why i look at POPpy and BIGTITS and imagine~	1
Exxxtraaa thiq	1
i can imagine that ğŸ˜—	1
Anybody wanna suck my dick	1
cari janda enak	1
2	1
Pháº¡t pháº¡t vÃ o bÆ°á»›m cmm	1
that kiss must be followed into the bedroom.	1
NÃ³ Ä‘ang Ä‘Ã³ng bá»‰m	1
ohh yes she would	1
ooooh triple teamed now...kinky	1
sometimes at the club and i win she takes her clothes off, in front of everyone, its embarressing	1
jesus what the hell i think ive just had my first virtual stripper	1
mistress more enticing	1
2	1
is there any wet pussy here	1
want to lick the pussy	1
I send your picture tricky boy on magician	1
lmao yea I got to the spanking part lmao	1
Yes â€¦ i want you to talk into my booty hole	1
I think i just got moist	1
you want fuck	1
me love you long time	1
i remember this clip where he jackhammered a GIRL through a table	1
3 way ? Im not a jealous personâ€¦ ğŸ˜‚ğŸ˜‚ğŸ˜‚	1
she likes to beat. she has cuffs and whips ğŸ˜‘ğŸ˜‘	1
suzi can help you with the spanking..she excels at that	1
lol. i had to get you drunk. only way youd consider sharing a girl with me hahaha	1
panties.	1
brazzer whats good	1
Ä‘am má»¹ kiÃ 	1
im going back for sloppy seconds	1
wanita jepang terbaik bro, apalagi para pemain JAV bro wkwkwk	1
I came	1
my gf wants to spank me too dad	1
im guessing you dont swollow then?... most men are arses when their women dont swollow ğŸ˜™	1
Cháº¯c táº¡o nhÃ³m zalo 18+ bá»‹ kiá»ƒm duyá»‡t :))	1
yang mau VCS cewek sange tante chat privat	1
lol.... were on the same page Hitman..... i want experienced whores who know how to fook and suck ğŸ˜™	1
Chá»‹ch quÃ¡ 180p má»™t ngÃ y	1
udh tua masi kuat:v	1
Little man butâ€¦ big 8===D	1
Máº¥t cÃ¡i áº£nh nÃ³ng cá»§a máº¥y em ğŸ˜„	1
my tongue ring does wonders lol	1
Where the bitches at	1
ğŸ™‚2 con Ä‘Ã n bÃ  bÃªn gst xinh	1
tie that girl up.. you know you want to	1
ä¸‰é™ªå°å§ï¼Œä½ é™ªè°å‘¢ï¼Ÿ	1
ğŸ¤ğŸ»ğŸ¤ğŸ»ğŸ¤ğŸ»ğŸ¤ğŸ»ğŸ¤ğŸ»ğŸ¤ğŸ»ğŸ‘™ğŸ‘™ğŸ‘™ğŸ‘™ğŸ‘™ğŸ‘™ğŸ’‹ğŸ‘™ğŸ‘™ğŸ‘™ğŸ‘™ğŸ†ğŸ†ğŸ†ğŸŒğŸ˜‡	1
RoK phiÃªn báº£n cÃ³ gÃ¡i sáº¹c xi	1
VÃ­ dá»¥ nhÆ° Ä‘Æ°á»£c ngáº¯m nhÃ¬n cÃ¡c cÃ´ gÃ¡i Ä‘áº¹p nhÆ° báº¡n vÃ  PoppyğŸ˜°ğŸ˜°	1
I like captured babesğŸ˜	1
also I have sexy VIP now too	1
hubungan selingkuhan	1
GÃ¡i Ä‘áº¹p vs dÃº to	1
You should tell him that, I am sure he would get a rise. ğŸ˜¥ğŸ˜¥ğŸ˜¥ğŸ˜¥ğŸ˜¥ğŸ˜¥ğŸ˜¥ğŸ˜¥ğŸ˜¥ğŸ˜¥ğŸ˜¥	1
saya butuh wanita yg bisa saya entot tanpa menikah\'	1
Done ma ğŸ˜©	1
think it was a lesbian porn at that..i had to find it and download the song. it rocks lmao	1
ÄÃ¡nh bÃ i lá»™t Ä‘á»“	1
twerk the bad ass	1
lol room? dont you ever try on private beach? not classy broğŸ˜¥	1
You mean BDSM	1
3 loads almost there	1
anyone else feel horny	1
esy psy fedrix mom boobs squeezy squeezyy	1
wah poppy punya payudara besar _??	1
i think I was distracted. my gf was talking about tying my ass up	1
pepek emang nih MJR manas\"in hahahaha	1
p cewek kawanjn coli dong	1
join my sea battle or im sending dick pics	1
have you seen the one on the pool with the pool ball between her titties yet?	1
maybe shemale....	1
I sold all these Pics to the game makers here ğŸ˜™ğŸ˜™	1
Yes ğŸ˜©	1
sweet big boobs thanks a lot	1
ğŸ˜¥ğŸ˜¥ğŸ˜¥ is retired now in p*rn hubğŸ˜¥	1
lihat ngiafruit begitulah seorang pria dengan cintanya kwkwwk	1
gua udh punya 7 cwek, tpi desahan nya sama aja, yg lain ada yg gk ngedesah	1
ntr	1
Sexp	1
Officer i was really happy about beating the 49ers, and before i knew it i was trying to hook up with PePaw	1
blue eyes princess	1
i need to hit dat p***y	1
lets goto bed baby	1
I also like this feature of strippers	1
What pretty girl are you spanking?	1
sex	1
MEMEK	1
well yes if i can get her ass in front of me lol	1
i make my money on the street corner.ğŸ˜™ğŸ˜™ğŸ˜™ğŸ˜™	1
con hÃ ng má»›i ná»•i chÃ©n luÃ´n k ae	1
i\'m your sugar mummy	1
Sino po pwede jan maging jowa available po ako	1
ngentott	1
me so horny	1
how many girly you make in bed?	1
who is that? new porn star?	1
fresh hookers...	1
Lol going to add the money song to his strip dance	1
she is seventeen ğŸ˜™ğŸ˜™	1
i need a bitch	1
i like spanking and peeping in on the girls ğŸ™…ğŸ™…ğŸ™…	1
I want to fuck	1
big dicked man o.o	1
i love you goodnight sweet and dirty dreams love you babygirl ğŸ˜²ğŸ˜²ğŸ˜²	1
we fucked her last night real good	1
wanita ber batang kah ?ğŸ˜¥	1
umur 21 panik di liat bokap wkwkwk	1
Love how the woman shows butt in puzzle game lol	1
im bad girl	1
xxxvideos 35 of days	1
lf jowa 12 yreas old na babae	1
everyone burned her like a prostitute in a gangbang	1
haha. breakfast babies. swallow every drop hoe! lol	1
sexy bigtits	1
size doesnt matter; its duration (as data)	1
cleo memek	1
if her nose isnt broken your doing it wrong	1
Any sex	1
What? Poppyâ€™s bigtitz?	1
from what I ve seen  your mom got OF fans from Russia as well. see, even Russian TopTier missiles and Rocket can easily by you moms holeğŸ™‡ğŸ™‡ğŸ™‡ğŸ™‡ğŸ™‡ğŸ™‡ğŸ™‡ğŸ™‡	1
im at pho too gf. im babygirl	1
CÆ¡ mÃ  sÆ°á»›ng	1
Better than a skinny pecker and big ballsğŸ˜¥ğŸ˜¥ğŸ˜¥	1
tempat susu putih aslinya keluar gaes	1
Suc it hard	1
Äá»ƒ xe vá» chia cho 5 xá»‹ chÆ¡i gÃ¡i Ä‘á»¡ buá»“n	1
coba lihat foto ayang kamu bro, hehe	1
Yes Hyde your now in the adult club	1
i told my missis my new years resolution was to have more sex.... her response was who with ğŸ˜™	1
the is ngentot ğŸ˜‚	1
i love spanking them.	1
bokep jepang the best guys	1
officer i had no idea how they got there and why their naked	1
Máº·t táº§m Ä‘áº§u 3, dÃ¡ng chuáº©n Ä‘hc, ngá»±c cÃ´ng mÃ´ng thá»§	1
1 sex	1
Yesterday i hit the strip club it was crazy lol	1
Sex?	1
i like whitney went she does whitney	1
I would like one of my many girlfriends floating over my city the sexiest one.	1
she likes it when i use my bill	1
sexy	1
beauty\'s bra	1
this is turning porn im not sure its aloud ğŸ˜ 	1
for $26 she will remove 35 mins	1
mmm serena and emma. the money you would pay for that little ffm lol	1
Lick nhanh tay vÃ o máº¹ nÃ³ 20 ngÃ y	1
lol i have fucked a beauty not a women who has a dickface ğŸ™¢	1
å…„å¼Ÿä»¬ ä¸ç¾å¥³æ¸¸æˆæ—¶çš„å›¾ç‰‡å’ŒåŠ¨ä½œæœ‰ä»€ä¹ˆç”¨	1
Con gÃ¡i ban ngÃ y lá»“ng lá»™n cÃ¡c kiá»ƒu	1
Lookmat dat playboy	1
this game should be  an 18+	1
should of said take a guess what i am wearing	1
love spanking these bitches ğŸ˜™ğŸ˜™	1
Exact words she used though she was talking in a much dirtier way in mind ğŸ™‰ğŸ™˜ğŸ™˜	1
Game nÃ y cÅ©ng tá»±a yk chang mÃ  nÃ³ cÃ³ ng Ä‘áº¹p ngáº¯m ngáº¯m Ä‘á»Ÿ Ä‘Ã¢u máº¯t	1
nude....nearby the two casino	1
wife smacked my ass so hard last night, i dropped my teeth. ğŸ˜—ğŸ˜—ğŸ˜—	1
Watch food wars they have a jiggley souffle with extra ecchi scenes ğŸ˜‚	1
and the hookers ruby and i stole from diego at 420 in the middle of the night	1
Gangbang	1
chá»‹ch chá»‹ch chá»‹ch	1
xxxxxvideos really welp tig what ya sayğŸ˜¥ğŸ˜¥ğŸ˜¥ğŸ˜¥ğŸ˜¥	1
tÃ´i lÃ  quÃ½ Ã´ng Ä‘a tÃ¬nh	1
it isn\'t usually a man and a woman though. That\'s what makes it extra special with you guys	1
she isn\'t ment to enjoy it mate..you need to make a statment lol	1
in fact she likes to be pressed, but meekly ğŸ˜ 	1
she\'s too dominant to wear one	1
an i got the third babe katherine stone.i got three to spank	1
I offer Bourbon, Bacon and Strippers	1
i will show any girl a good time just private chat me	1
she cooks fuck all for me lol... shes always at work ğŸ˜ ... the plump bit comes naturally ğŸ˜™	1
ouch, my titties would shrivel up and full off	1
aman dri colak colek pria nakal	1
mana cewek tahanan nya bugil pulak bro.. kan jd enak nyiksa nya..ğŸ˜©ğŸ˜©	1
im downloading some of her stuff now on my phone	1
main sex yu	1
i love my meat	1
how dare you rid me of my pleasure nights	1
reverse cowgirls?	1
X x xnxxmdmelzmd emekseksnso	1
Thá»‹t thÆ¡m Ä‘Ã¢y chá»© Ä‘Ã¢u	1
and fuck her in the ass xd	1
dia sudah memperkosa aku saat hari pertaman event kill dimulai bro hahaha	1
Big dick playa playa Mordak swinging throughâ€¦ get da fugg out the way	1
google hockey hoes	1
man wtf, why did they make the girls in this game so damn hoooot?	1
ÄÃ¡nh vÃ o mÃ´ng Sona Ã  Fiaron :))	1
No where. My Body is a natural producer. I canâ€™t contain it. It just seeps out of me all the time! ğŸ˜™ğŸ˜™	1
DICKENS CIDER is classic	1
i go doggy she pulls that sht backwards suck it all night bro	1
shake your ass	1
big tits	1
got a new slut muffin to spank olga	1
Nude	1
pake kondomğŸ˜¥	1
Nut	1
Sex Bomb! Sex Bomb!	1
tÃ´i cÃ³ chÆ¡i trÃ² chÆ¡i nÃ y, má»™t trÃ² chÆ¡i khÃ¡m phÃ¡ tháº¿ giá»›i, vá»£ Æ¡i gá»­i thÃªm nhiá»u bá»©c áº£nh	1
69 requires someone else to help, i can 420 alone haha	1
kriss ada yang beningğŸ˜¥ğŸ˜¥ğŸ˜¥ğŸ˜¥	1
i like to make my babe drunk and we going to hotelğŸ˜˜ğŸ˜ 	1
MÃ¢y lÃ mcon gÃ¡i tháº­t Ã¡h	1
Aku butuh sugar daddy wkwkwkw	1
onlyfans ğŸ˜ 	1
no he is a part time pornohub pornstar	1
Máº¥y Em GÃ¡i Xinh Xinh CÃ²n On 0 AE	1
good job you got Nicole frost, use the beauty game on her 3 times a day	1
aku suka loly	1
we always doing naughty things	1
A lot download it because they saw a pair of ti tt ies ğŸ˜—	1
porn movies? and we werent invited? damn	1
they need to work on the boobs tho. so fake they look cartoonish on some. move like overfilled water baloons. lol	1
hentai juga bro haha	1
64 have sat on his lap	1
QuÃ¡ thÆ¡m	1
Moáº¹, rá»§ em gÃ¡i Ä‘i bar xong Ä‘i khÃ¡ch sáº¡n, em Ã½ Ä‘Ã²i Ä‘i taxi vá» áº¡h	1
nhÆ°ng báº¡n áº¥y Ä‘Ã¡nh tÃ´i Ä‘á»ƒ báº¯t ngÆ°á»i Ä‘áº¹p	1
this chick that has her lil booty out you know them gem chick thingy after a certain level do i get to take her home (asking for a friend obviously)ğŸ˜¥ğŸ˜¥ğŸ˜¥	1
yummyğŸ˜¥	1
hahaha..no, i mean your a playboy...you have a lot of woman in your life.... plenty girlfriend in beds	1
dami naghahanap jowa ah hahaha	1
BIGTITS	1
haaha porn sex	1
Make sure u suck it nice and hard	1
They need to release all  the asian babes so i can buy them ğŸ˜ğŸ˜	1
hot ladies	1
or pissed on just as good	1
No vaseline or spit	1
gÃ¡i 38 con chÆ¡i ko xuá»ƒ	1
yes you could cuffs are fun	1
and helicopter her in the face with your dick	1
dah lah.. nonton bokeb aja mending.. gk jelas ni game ğŸ˜…ğŸ˜…	1
now open your mouth amy...wideğŸ˜™ğŸ˜™ğŸ˜™	1
H Ä‘áº¥y e ol	1
i got bunch of bunny ears can call the woman	1
love only girls	1
dude, do you play this game? Lust is what this game is all about, lust for money, lust for sex and lust for dominance	1
clit commander	1
laureee xamster mc	1
yoi BIGTITS	1
b@ngs@t	1
him nedds a sexy girl	1
